family,variant,environment_seed,total_regret,final_reward
epsilon-greedy,"zero-init, constant eps=0.01",0,114.47530047705222,0.941
epsilon-greedy,"zero-init, constant eps=0.01",1,52.403098748615065,0.946
epsilon-greedy,"zero-init, constant eps=0.01",2,106.03011874476601,0.9395
epsilon-greedy,"zero-init, constant eps=0.01",3,483.32495889723646,0.7215
epsilon-greedy,"zero-init, constant eps=0.01",4,117.77702389264726,0.9295
epsilon-greedy,"zero-init, constant eps=0.01",5,132.0452281842931,0.933
epsilon-greedy,"zero-init, constant eps=0.01",6,179.22751574623524,0.9045
epsilon-greedy,"zero-init, constant eps=0.01",7,108.41767605487503,0.938
epsilon-greedy,"zero-init, constant eps=0.01",8,209.96266248243097,0.876
epsilon-greedy,"zero-init, constant eps=0.01",9,37.14895307003968,0.971
epsilon-greedy,"zero-init, constant eps=0.01",10,591.612766045433,0.674
epsilon-greedy,"zero-init, constant eps=0.01",11,156.84704287828546,0.917
epsilon-greedy,"zero-init, constant eps=0.01",12,59.92003111311986,0.928
epsilon-greedy,"zero-init, constant eps=0.01",13,114.90303217036168,0.938
epsilon-greedy,"zero-init, constant eps=0.01",14,167.54527621811712,0.917
epsilon-greedy,"zero-init, constant eps=0.01",15,25.650175714954962,0.9875
epsilon-greedy,"zero-init, constant eps=0.01",16,217.78214703385672,0.879
epsilon-greedy,"zero-init, constant eps=0.01",17,846.8628254545362,0.5685
epsilon-greedy,"zero-init, constant eps=0.01",18,105.72058255322531,0.938
epsilon-greedy,"zero-init, constant eps=0.01",19,410.88004090103794,0.791
epsilon-greedy,"zero-init, constant eps=0.01",20,54.03473199634433,0.9725
epsilon-greedy,"zero-init, constant eps=0.01",21,241.94963436788075,0.8725
epsilon-greedy,"zero-init, constant eps=0.01",22,287.1299115063883,0.851
epsilon-greedy,"zero-init, constant eps=0.01",23,26.19044575157285,0.9835
epsilon-greedy,"zero-init, constant eps=0.01",24,167.51971637465618,0.897
epsilon-greedy,"zero-init, constant eps=0.01",25,164.0303527707186,0.898
epsilon-greedy,"zero-init, constant eps=0.01",26,117.80163176465597,0.94
epsilon-greedy,"zero-init, constant eps=0.01",27,140.97635450455485,0.9125
epsilon-greedy,"zero-init, constant eps=0.01",28,39.33094685884524,0.979
epsilon-greedy,"zero-init, constant eps=0.01",29,243.59085555072974,0.874
epsilon-greedy,"zero-init, constant eps=0.01",30,326.7121768350446,0.849
epsilon-greedy,"zero-init, constant eps=0.01",31,205.78443144055316,0.898
epsilon-greedy,"zero-init, constant eps=0.01",32,133.30117151982338,0.923
epsilon-greedy,"zero-init, constant eps=0.01",33,217.73378820844957,0.886
epsilon-greedy,"zero-init, constant eps=0.01",34,54.84448364024559,0.969
epsilon-greedy,"zero-init, constant eps=0.01",35,106.26098123564581,0.9515
epsilon-greedy,"zero-init, constant eps=0.01",36,139.78643451722968,0.8915
epsilon-greedy,"zero-init, constant eps=0.01",37,494.0841555821462,0.755
epsilon-greedy,"zero-init, constant eps=0.01",38,71.17762426753393,0.952
epsilon-greedy,"zero-init, constant eps=0.01",39,510.508999925381,0.7295
epsilon-greedy,"zero-init, constant eps=0.01",40,533.1223589862846,0.7215
epsilon-greedy,"zero-init, constant eps=0.01",41,339.4530818410433,0.8215
epsilon-greedy,"zero-init, constant eps=0.01",42,428.44759352161685,0.764
epsilon-greedy,"zero-init, constant eps=0.01",43,191.9706860054078,0.896
epsilon-greedy,"zero-init, constant eps=0.01",44,90.19200915613122,0.949
epsilon-greedy,"zero-init, constant eps=0.01",45,101.45242262411504,0.949
epsilon-greedy,"zero-init, constant eps=0.01",46,639.8628497908188,0.67
epsilon-greedy,"zero-init, constant eps=0.01",47,283.40188115820837,0.841
epsilon-greedy,"zero-init, constant eps=0.01",48,240.1027092802539,0.876
epsilon-greedy,"zero-init, constant eps=0.01",49,67.24358891969023,0.965
epsilon-greedy,"zero-init, constant eps=0.01",50,29.036419027868842,0.9735
epsilon-greedy,"zero-init, constant eps=0.01",51,281.79160848224336,0.855
epsilon-greedy,"zero-init, constant eps=0.01",52,548.7653900424674,0.73
epsilon-greedy,"zero-init, constant eps=0.01",53,94.05235234576666,0.95
epsilon-greedy,"zero-init, constant eps=0.01",54,294.8968325926001,0.834
epsilon-greedy,"zero-init, constant eps=0.01",55,368.372771794632,0.816
epsilon-greedy,"zero-init, constant eps=0.01",56,84.04505227104485,0.95
epsilon-greedy,"zero-init, constant eps=0.01",57,316.86567836714835,0.8165
epsilon-greedy,"zero-init, constant eps=0.01",58,76.89385859745705,0.96
epsilon-greedy,"zero-init, constant eps=0.01",59,316.98709347158893,0.8395
epsilon-greedy,"zero-init, constant eps=0.01",60,101.00405674085373,0.948
epsilon-greedy,"zero-init, constant eps=0.01",61,130.80913426490707,0.9375
epsilon-greedy,"zero-init, constant eps=0.01",62,14.458848340609798,0.955
epsilon-greedy,"zero-init, constant eps=0.01",63,54.886746019952305,0.966
epsilon-greedy,"zero-init, constant eps=0.01",64,235.87510666474284,0.875
epsilon-greedy,"zero-init, constant eps=0.01",65,132.08518655247215,0.933
epsilon-greedy,"zero-init, constant eps=0.01",66,97.88346250708437,0.9355
epsilon-greedy,"zero-init, constant eps=0.01",67,202.73226484614426,0.883
epsilon-greedy,"zero-init, constant eps=0.01",68,931.980424760764,0.5275
epsilon-greedy,"zero-init, constant eps=0.01",69,204.71253244638442,0.8975
epsilon-greedy,"zero-init, constant eps=0.01",70,282.5913819128414,0.838
epsilon-greedy,"zero-init, constant eps=0.01",71,167.52022064746086,0.9155
epsilon-greedy,"zero-init, constant eps=0.01",72,273.08533848862413,0.8525
epsilon-greedy,"zero-init, constant eps=0.01",73,209.89428438777037,0.891
epsilon-greedy,"zero-init, constant eps=0.01",74,349.59496802405454,0.805
epsilon-greedy,"zero-init, constant eps=0.01",75,372.6337662834397,0.808
epsilon-greedy,"zero-init, constant eps=0.01",76,280.6725971698846,0.858
epsilon-greedy,"zero-init, constant eps=0.01",77,326.9563700098144,0.8175
epsilon-greedy,"zero-init, constant eps=0.01",78,374.2665218048803,0.7685
epsilon-greedy,"zero-init, constant eps=0.01",79,21.02628008711835,0.9875
epsilon-greedy,"zero-init, constant eps=0.01",80,578.4833903786925,0.6785
epsilon-greedy,"zero-init, constant eps=0.01",81,287.7386541654979,0.8545
epsilon-greedy,"zero-init, constant eps=0.01",82,63.309942073428765,0.97
epsilon-greedy,"zero-init, constant eps=0.01",83,59.47590335041902,0.9505
epsilon-greedy,"zero-init, constant eps=0.01",84,22.711717219876405,0.9865
epsilon-greedy,"zero-init, constant eps=0.01",85,278.6997378147658,0.849
epsilon-greedy,"zero-init, constant eps=0.01",86,211.7653027399804,0.88
epsilon-greedy,"zero-init, constant eps=0.01",87,662.2789680663844,0.651
epsilon-greedy,"zero-init, constant eps=0.01",88,257.3494719893151,0.8545
epsilon-greedy,"zero-init, constant eps=0.01",89,264.4388686377365,0.806
epsilon-greedy,"zero-init, constant eps=0.01",90,29.087789693876545,0.972
epsilon-greedy,"zero-init, constant eps=0.01",91,191.98873338481852,0.902
epsilon-greedy,"zero-init, constant eps=0.01",92,401.1228930837974,0.813
epsilon-greedy,"zero-init, constant eps=0.01",93,221.18397063759994,0.877
epsilon-greedy,"zero-init, constant eps=0.01",94,28.249091638039843,0.9575
epsilon-greedy,"zero-init, constant eps=0.01",95,249.46674220239703,0.8675
epsilon-greedy,"zero-init, constant eps=0.01",96,154.66915754628104,0.9185
epsilon-greedy,"zero-init, constant eps=0.01",97,58.702975375274505,0.958
epsilon-greedy,"zero-init, constant eps=0.01",98,177.2213620393911,0.8945
epsilon-greedy,"zero-init, constant eps=0.01",99,358.3138400035259,0.812
epsilon-greedy,"zero-init, constant eps=0.03",0,157.98903279005248,0.9245
epsilon-greedy,"zero-init, constant eps=0.03",1,94.54311053078281,0.9205
epsilon-greedy,"zero-init, constant eps=0.03",2,69.78805966640499,0.9535
epsilon-greedy,"zero-init, constant eps=0.03",3,239.33883279621102,0.847
epsilon-greedy,"zero-init, constant eps=0.03",4,51.8784963651857,0.959
epsilon-greedy,"zero-init, constant eps=0.03",5,153.74896318249037,0.9215
epsilon-greedy,"zero-init, constant eps=0.03",6,287.812893287178,0.857
epsilon-greedy,"zero-init, constant eps=0.03",7,123.19766748696972,0.9305
epsilon-greedy,"zero-init, constant eps=0.03",8,87.9710644219904,0.9365
epsilon-greedy,"zero-init, constant eps=0.03",9,73.07886715568985,0.9565
epsilon-greedy,"zero-init, constant eps=0.03",10,414.1052285426403,0.762
epsilon-greedy,"zero-init, constant eps=0.03",11,99.03538776288734,0.9465
epsilon-greedy,"zero-init, constant eps=0.03",12,81.05147349086678,0.9115
epsilon-greedy,"zero-init, constant eps=0.03",13,114.88743097133397,0.932
epsilon-greedy,"zero-init, constant eps=0.03",14,180.16896236884708,0.91
epsilon-greedy,"zero-init, constant eps=0.03",15,50.28065226511896,0.975
epsilon-greedy,"zero-init, constant eps=0.03",16,106.23664213616725,0.9395
epsilon-greedy,"zero-init, constant eps=0.03",17,334.43942950883235,0.8235
epsilon-greedy,"zero-init, constant eps=0.03",18,127.60581117492067,0.9265
epsilon-greedy,"zero-init, constant eps=0.03",19,130.3113965775115,0.9205
epsilon-greedy,"zero-init, constant eps=0.03",20,160.76173235194622,0.912
epsilon-greedy,"zero-init, constant eps=0.03",21,153.80248250553163,0.917
epsilon-greedy,"zero-init, constant eps=0.03",22,88.81090794897715,0.9465
epsilon-greedy,"zero-init, constant eps=0.03",23,59.117584088946835,0.9705
epsilon-greedy,"zero-init, constant eps=0.03",24,83.0538790085344,0.931
epsilon-greedy,"zero-init, constant eps=0.03",25,148.72741437675498,0.909
epsilon-greedy,"zero-init, constant eps=0.03",26,89.79121124380606,0.958
epsilon-greedy,"zero-init, constant eps=0.03",27,207.2180967283153,0.881
epsilon-greedy,"zero-init, constant eps=0.03",28,67.8491462027638,0.965
epsilon-greedy,"zero-init, constant eps=0.03",29,131.69714484154503,0.9295
epsilon-greedy,"zero-init, constant eps=0.03",30,189.51410674948332,0.916
epsilon-greedy,"zero-init, constant eps=0.03",31,55.40663542496997,0.9645
epsilon-greedy,"zero-init, constant eps=0.03",32,137.07811937481907,0.9265
epsilon-greedy,"zero-init, constant eps=0.03",33,103.03808964890266,0.9495
epsilon-greedy,"zero-init, constant eps=0.03",34,85.76076982375234,0.9605
epsilon-greedy,"zero-init, constant eps=0.03",35,122.68389147604722,0.939
epsilon-greedy,"zero-init, constant eps=0.03",36,90.43198174901234,0.9215
epsilon-greedy,"zero-init, constant eps=0.03",37,403.1605665621156,0.7975
epsilon-greedy,"zero-init, constant eps=0.03",38,273.24976350309674,0.849
epsilon-greedy,"zero-init, constant eps=0.03",39,137.62590705806272,0.921
epsilon-greedy,"zero-init, constant eps=0.03",40,260.77798021878425,0.8635
epsilon-greedy,"zero-init, constant eps=0.03",41,123.36981561068002,0.9295
epsilon-greedy,"zero-init, constant eps=0.03",42,122.54479430305818,0.911
epsilon-greedy,"zero-init, constant eps=0.03",43,83.99432440795235,0.956
epsilon-greedy,"zero-init, constant eps=0.03",44,104.99088383874292,0.939
epsilon-greedy,"zero-init, constant eps=0.03",45,128.88413307240342,0.9385
epsilon-greedy,"zero-init, constant eps=0.03",46,207.63857376219914,0.8865
epsilon-greedy,"zero-init, constant eps=0.03",47,120.08812044679308,0.9335
epsilon-greedy,"zero-init, constant eps=0.03",48,112.17021139551584,0.9375
epsilon-greedy,"zero-init, constant eps=0.03",49,86.33261447882612,0.95
epsilon-greedy,"zero-init, constant eps=0.03",50,58.77422688130533,0.96
epsilon-greedy,"zero-init, constant eps=0.03",51,186.2978979125584,0.909
epsilon-greedy,"zero-init, constant eps=0.03",52,95.72608523344377,0.946
epsilon-greedy,"zero-init, constant eps=0.03",53,108.16808134302994,0.9425
epsilon-greedy,"zero-init, constant eps=0.03",54,122.97608634661918,0.928
epsilon-greedy,"zero-init, constant eps=0.03",55,326.00365498625257,0.845
epsilon-greedy,"zero-init, constant eps=0.03",56,114.75582085458821,0.9395
epsilon-greedy,"zero-init, constant eps=0.03",57,334.47581802097733,0.8015
epsilon-greedy,"zero-init, constant eps=0.03",58,100.200958447861,0.948
epsilon-greedy,"zero-init, constant eps=0.03",59,110.0891301169526,0.9425
epsilon-greedy,"zero-init, constant eps=0.03",60,108.80581237257937,0.9495
epsilon-greedy,"zero-init, constant eps=0.03",61,138.4590493050762,0.933
epsilon-greedy,"zero-init, constant eps=0.03",62,43.522888626189776,0.9385
epsilon-greedy,"zero-init, constant eps=0.03",63,68.13397066066318,0.957
epsilon-greedy,"zero-init, constant eps=0.03",64,130.89033910895282,0.9255
epsilon-greedy,"zero-init, constant eps=0.03",65,210.12650823512828,0.888
epsilon-greedy,"zero-init, constant eps=0.03",66,141.7981441590881,0.9125
epsilon-greedy,"zero-init, constant eps=0.03",67,207.06717683422383,0.878
epsilon-greedy,"zero-init, constant eps=0.03",68,241.11154108259458,0.8755
epsilon-greedy,"zero-init, constant eps=0.03",69,162.37113279025726,0.913
epsilon-greedy,"zero-init, constant eps=0.03",70,198.9192877080443,0.8765
epsilon-greedy,"zero-init, constant eps=0.03",71,129.21626137743877,0.933
epsilon-greedy,"zero-init, constant eps=0.03",72,122.88248540777568,0.934
epsilon-greedy,"zero-init, constant eps=0.03",73,122.39973195054736,0.9285
epsilon-greedy,"zero-init, constant eps=0.03",74,80.27625176883535,0.934
epsilon-greedy,"zero-init, constant eps=0.03",75,363.56203961183724,0.807
epsilon-greedy,"zero-init, constant eps=0.03",76,118.4019586408044,0.94
epsilon-greedy,"zero-init, constant eps=0.03",77,212.9857066137706,0.872
epsilon-greedy,"zero-init, constant eps=0.03",78,278.98018437104713,0.8165
epsilon-greedy,"zero-init, constant eps=0.03",79,46.96471260419895,0.9765
epsilon-greedy,"zero-init, constant eps=0.03",80,399.30122891650075,0.776
epsilon-greedy,"zero-init, constant eps=0.03",81,194.83167447853825,0.8895
epsilon-greedy,"zero-init, constant eps=0.03",82,91.62605104315632,0.9565
epsilon-greedy,"zero-init, constant eps=0.03",83,67.60252459701726,0.9445
epsilon-greedy,"zero-init, constant eps=0.03",84,61.16257633784921,0.969
epsilon-greedy,"zero-init, constant eps=0.03",85,299.7467272790376,0.8415
epsilon-greedy,"zero-init, constant eps=0.03",86,200.29601246347465,0.8845
epsilon-greedy,"zero-init, constant eps=0.03",87,235.583988024262,0.863
epsilon-greedy,"zero-init, constant eps=0.03",88,264.4847302400689,0.859
epsilon-greedy,"zero-init, constant eps=0.03",89,118.92881060487875,0.88
epsilon-greedy,"zero-init, constant eps=0.03",90,50.80349559640001,0.959
epsilon-greedy,"zero-init, constant eps=0.03",91,179.3348845858246,0.9145
epsilon-greedy,"zero-init, constant eps=0.03",92,178.184216945142,0.908
epsilon-greedy,"zero-init, constant eps=0.03",93,243.77981590032454,0.8705
epsilon-greedy,"zero-init, constant eps=0.03",94,63.72628436858532,0.9405
epsilon-greedy,"zero-init, constant eps=0.03",95,153.87444388467355,0.9125
epsilon-greedy,"zero-init, constant eps=0.03",96,124.54388069794601,0.932
epsilon-greedy,"zero-init, constant eps=0.03",97,98.52115649465621,0.938
epsilon-greedy,"zero-init, constant eps=0.03",98,208.75856772522144,0.8805
epsilon-greedy,"zero-init, constant eps=0.03",99,225.54292164795194,0.8755
epsilon-greedy,"zero-init, constant eps=0.1",0,148.76598584926685,0.919
epsilon-greedy,"zero-init, constant eps=0.1",1,159.49602999316258,0.902
epsilon-greedy,"zero-init, constant eps=0.1",2,119.19185940195605,0.921
epsilon-greedy,"zero-init, constant eps=0.1",3,195.25540476694405,0.87
epsilon-greedy,"zero-init, constant eps=0.1",4,128.7517933572823,0.92
epsilon-greedy,"zero-init, constant eps=0.1",5,151.59701652768237,0.921
epsilon-greedy,"zero-init, constant eps=0.1",6,171.27830239718503,0.911
epsilon-greedy,"zero-init, constant eps=0.1",7,164.50374627819164,0.911
epsilon-greedy,"zero-init, constant eps=0.1",8,147.8349363551882,0.9005
epsilon-greedy,"zero-init, constant eps=0.1",9,204.72374053259867,0.892
epsilon-greedy,"zero-init, constant eps=0.1",10,210.7661197969921,0.884
epsilon-greedy,"zero-init, constant eps=0.1",11,177.9107032022481,0.9045
epsilon-greedy,"zero-init, constant eps=0.1",12,120.7096743169901,0.894
epsilon-greedy,"zero-init, constant eps=0.1",13,163.48275752132338,0.911
epsilon-greedy,"zero-init, constant eps=0.1",14,219.93808900810205,0.8985
epsilon-greedy,"zero-init, constant eps=0.1",15,124.55344619475466,0.934
epsilon-greedy,"zero-init, constant eps=0.1",16,143.01773836642485,0.9205
epsilon-greedy,"zero-init, constant eps=0.1",17,302.67380328445745,0.8435
epsilon-greedy,"zero-init, constant eps=0.1",18,185.02175148590533,0.905
epsilon-greedy,"zero-init, constant eps=0.1",19,206.54844393886495,0.8855
epsilon-greedy,"zero-init, constant eps=0.1",20,170.2807496059863,0.9115
epsilon-greedy,"zero-init, constant eps=0.1",21,205.88706887988192,0.891
epsilon-greedy,"zero-init, constant eps=0.1",22,166.03849178136562,0.9105
epsilon-greedy,"zero-init, constant eps=0.1",23,130.4773128580754,0.9265
epsilon-greedy,"zero-init, constant eps=0.1",24,197.6007854999682,0.881
epsilon-greedy,"zero-init, constant eps=0.1",25,206.67692859719833,0.8825
epsilon-greedy,"zero-init, constant eps=0.1",26,205.66063583421223,0.897
epsilon-greedy,"zero-init, constant eps=0.1",27,154.73487371081873,0.9185
epsilon-greedy,"zero-init, constant eps=0.1",28,152.3992461431968,0.928
epsilon-greedy,"zero-init, constant eps=0.1",29,165.8930507562483,0.908
epsilon-greedy,"zero-init, constant eps=0.1",30,197.8630887200462,0.9
epsilon-greedy,"zero-init, constant eps=0.1",31,183.8182615021244,0.906
epsilon-greedy,"zero-init, constant eps=0.1",32,105.96954114608221,0.93
epsilon-greedy,"zero-init, constant eps=0.1",33,151.9922477476861,0.9175
epsilon-greedy,"zero-init, constant eps=0.1",34,139.84645848003433,0.924
epsilon-greedy,"zero-init, constant eps=0.1",35,166.3044099473513,0.916
epsilon-greedy,"zero-init, constant eps=0.1",36,118.62601894253636,0.9005
epsilon-greedy,"zero-init, constant eps=0.1",37,182.60304686610172,0.914
epsilon-greedy,"zero-init, constant eps=0.1",38,189.0008104261016,0.8925
epsilon-greedy,"zero-init, constant eps=0.1",39,177.3714305021431,0.9025
epsilon-greedy,"zero-init, constant eps=0.1",40,219.8068913316802,0.888
epsilon-greedy,"zero-init, constant eps=0.1",41,166.3297105811296,0.92
epsilon-greedy,"zero-init, constant eps=0.1",42,311.57742242542156,0.821
epsilon-greedy,"zero-init, constant eps=0.1",43,191.16636224882296,0.9025
epsilon-greedy,"zero-init, constant eps=0.1",44,160.44000743602004,0.903
epsilon-greedy,"zero-init, constant eps=0.1",45,179.9896724441896,0.91
epsilon-greedy,"zero-init, constant eps=0.1",46,206.0491442528245,0.8875
epsilon-greedy,"zero-init, constant eps=0.1",47,190.38090341511707,0.9
epsilon-greedy,"zero-init, constant eps=0.1",48,180.00861548388772,0.9045
epsilon-greedy,"zero-init, constant eps=0.1",49,140.57823116270075,0.921
epsilon-greedy,"zero-init, constant eps=0.1",50,150.68187887116102,0.91
epsilon-greedy,"zero-init, constant eps=0.1",51,172.43631542248582,0.9165
epsilon-greedy,"zero-init, constant eps=0.1",52,169.69902135514135,0.921
epsilon-greedy,"zero-init, constant eps=0.1",53,154.96165089037785,0.916
epsilon-greedy,"zero-init, constant eps=0.1",54,186.43338840013706,0.897
epsilon-greedy,"zero-init, constant eps=0.1",55,200.81753680257617,0.889
epsilon-greedy,"zero-init, constant eps=0.1",56,164.58237045155704,0.923
epsilon-greedy,"zero-init, constant eps=0.1",57,160.004044893176,0.8915
epsilon-greedy,"zero-init, constant eps=0.1",58,147.27352319880427,0.9265
epsilon-greedy,"zero-init, constant eps=0.1",59,187.3473007410434,0.904
epsilon-greedy,"zero-init, constant eps=0.1",60,180.300875968778,0.9125
epsilon-greedy,"zero-init, constant eps=0.1",61,159.0305312818359,0.922
epsilon-greedy,"zero-init, constant eps=0.1",62,134.9084726554605,0.893
epsilon-greedy,"zero-init, constant eps=0.1",63,141.76100929677332,0.918
epsilon-greedy,"zero-init, constant eps=0.1",64,142.0361124393434,0.93
epsilon-greedy,"zero-init, constant eps=0.1",65,165.899204103439,0.9185
epsilon-greedy,"zero-init, constant eps=0.1",66,154.27399646076302,0.9085
epsilon-greedy,"zero-init, constant eps=0.1",67,169.72336517030698,0.903
epsilon-greedy,"zero-init, constant eps=0.1",68,174.27616851295457,0.904
epsilon-greedy,"zero-init, constant eps=0.1",69,248.8075075048257,0.875
epsilon-greedy,"zero-init, constant eps=0.1",70,163.60373066885762,0.8975
epsilon-greedy,"zero-init, constant eps=0.1",71,175.4177935981545,0.9075
epsilon-greedy,"zero-init, constant eps=0.1",72,145.8774509351945,0.9205
epsilon-greedy,"zero-init, constant eps=0.1",73,148.8624475099195,0.916
epsilon-greedy,"zero-init, constant eps=0.1",74,150.59708412532106,0.9035
epsilon-greedy,"zero-init, constant eps=0.1",75,187.13410252617743,0.907
epsilon-greedy,"zero-init, constant eps=0.1",76,198.64571823252027,0.8905
epsilon-greedy,"zero-init, constant eps=0.1",77,151.4765783927434,0.8985
epsilon-greedy,"zero-init, constant eps=0.1",78,186.57590846546657,0.8585
epsilon-greedy,"zero-init, constant eps=0.1",79,141.7030277301028,0.931
epsilon-greedy,"zero-init, constant eps=0.1",80,171.35963823273707,0.8965
epsilon-greedy,"zero-init, constant eps=0.1",81,174.2811658902217,0.9035
epsilon-greedy,"zero-init, constant eps=0.1",82,184.25769395871032,0.911
epsilon-greedy,"zero-init, constant eps=0.1",83,140.48991648084575,0.906
epsilon-greedy,"zero-init, constant eps=0.1",84,151.58264911528317,0.93
epsilon-greedy,"zero-init, constant eps=0.1",85,154.4206467231552,0.9125
epsilon-greedy,"zero-init, constant eps=0.1",86,163.83348752786296,0.899
epsilon-greedy,"zero-init, constant eps=0.1",87,135.49189676285076,0.9165
epsilon-greedy,"zero-init, constant eps=0.1",88,177.7010284551174,0.9055
epsilon-greedy,"zero-init, constant eps=0.1",89,202.7839258592257,0.841
epsilon-greedy,"zero-init, constant eps=0.1",90,151.40869637418643,0.9185
epsilon-greedy,"zero-init, constant eps=0.1",91,223.19686340369918,0.889
epsilon-greedy,"zero-init, constant eps=0.1",92,140.28733837043035,0.923
epsilon-greedy,"zero-init, constant eps=0.1",93,155.8270298149787,0.9185
epsilon-greedy,"zero-init, constant eps=0.1",94,144.11139117437466,0.899
epsilon-greedy,"zero-init, constant eps=0.1",95,212.80975821950227,0.887
epsilon-greedy,"zero-init, constant eps=0.1",96,193.1092206720469,0.9
epsilon-greedy,"zero-init, constant eps=0.1",97,159.05991366511432,0.912
epsilon-greedy,"zero-init, constant eps=0.1",98,180.7799054253916,0.8965
epsilon-greedy,"zero-init, constant eps=0.1",99,201.08529843346352,0.8905
epsilon-greedy,"zero-init, constant eps=0.3",0,324.4644765850143,0.8285
epsilon-greedy,"zero-init, constant eps=0.3",1,359.0834505688373,0.7915
epsilon-greedy,"zero-init, constant eps=0.3",2,330.9490441185599,0.8245
epsilon-greedy,"zero-init, constant eps=0.3",3,322.4601611766409,0.8
epsilon-greedy,"zero-init, constant eps=0.3",4,347.2225277540174,0.811
epsilon-greedy,"zero-init, constant eps=0.3",5,338.6198314836581,0.8305
epsilon-greedy,"zero-init, constant eps=0.3",6,329.07550524673684,0.8345
epsilon-greedy,"zero-init, constant eps=0.3",7,365.1894466384034,0.815
epsilon-greedy,"zero-init, constant eps=0.3",8,382.3749802757206,0.7855
epsilon-greedy,"zero-init, constant eps=0.3",9,318.24572421221603,0.833
epsilon-greedy,"zero-init, constant eps=0.3",10,348.1795005776985,0.806
epsilon-greedy,"zero-init, constant eps=0.3",11,392.7278734441485,0.7935
epsilon-greedy,"zero-init, constant eps=0.3",12,308.8857057215341,0.801
epsilon-greedy,"zero-init, constant eps=0.3",13,312.2509350557478,0.8395
epsilon-greedy,"zero-init, constant eps=0.3",14,347.34230130625457,0.8225
epsilon-greedy,"zero-init, constant eps=0.3",15,322.6833069846655,0.8335
epsilon-greedy,"zero-init, constant eps=0.3",16,347.06364383507537,0.8115
epsilon-greedy,"zero-init, constant eps=0.3",17,381.21813637286544,0.8045
epsilon-greedy,"zero-init, constant eps=0.3",18,349.3726706042556,0.8185
epsilon-greedy,"zero-init, constant eps=0.3",19,328.6341308102776,0.832
epsilon-greedy,"zero-init, constant eps=0.3",20,392.03726859517076,0.8
epsilon-greedy,"zero-init, constant eps=0.3",21,366.1149770989616,0.8115
epsilon-greedy,"zero-init, constant eps=0.3",22,304.06166858627984,0.837
epsilon-greedy,"zero-init, constant eps=0.3",23,319.0411155273291,0.8345
epsilon-greedy,"zero-init, constant eps=0.3",24,349.5083966795994,0.7995
epsilon-greedy,"zero-init, constant eps=0.3",25,381.11009548091397,0.8075
epsilon-greedy,"zero-init, constant eps=0.3",26,354.84004797009396,0.819
epsilon-greedy,"zero-init, constant eps=0.3",27,329.21190917050313,0.84
epsilon-greedy,"zero-init, constant eps=0.3",28,314.66143418477594,0.83
epsilon-greedy,"zero-init, constant eps=0.3",29,383.55114721399013,0.804
epsilon-greedy,"zero-init, constant eps=0.3",30,346.2134737977031,0.8315
epsilon-greedy,"zero-init, constant eps=0.3",31,342.78716110250303,0.829
epsilon-greedy,"zero-init, constant eps=0.3",32,308.0607911073068,0.839
epsilon-greedy,"zero-init, constant eps=0.3",33,357.36503474055536,0.8095
epsilon-greedy,"zero-init, constant eps=0.3",34,340.3298870211097,0.832
epsilon-greedy,"zero-init, constant eps=0.3",35,369.7492294449031,0.809
epsilon-greedy,"zero-init, constant eps=0.3",36,303.1415988815695,0.8095
epsilon-greedy,"zero-init, constant eps=0.3",37,340.513152183742,0.828
epsilon-greedy,"zero-init, constant eps=0.3",38,372.5916012186778,0.811
epsilon-greedy,"zero-init, constant eps=0.3",39,370.8778093011085,0.806
epsilon-greedy,"zero-init, constant eps=0.3",40,355.22564486437034,0.812
epsilon-greedy,"zero-init, constant eps=0.3",41,350.0093477553155,0.8155
epsilon-greedy,"zero-init, constant eps=0.3",42,335.30693644137403,0.8055
epsilon-greedy,"zero-init, constant eps=0.3",43,331.69401899841955,0.8275
epsilon-greedy,"zero-init, constant eps=0.3",44,373.8067130319923,0.8085
epsilon-greedy,"zero-init, constant eps=0.3",45,351.927854077453,0.823
epsilon-greedy,"zero-init, constant eps=0.3",46,365.96421414744674,0.8055
epsilon-greedy,"zero-init, constant eps=0.3",47,398.9473421773419,0.7955
epsilon-greedy,"zero-init, constant eps=0.3",48,367.76271612243755,0.8125
epsilon-greedy,"zero-init, constant eps=0.3",49,362.01432627243713,0.8125
epsilon-greedy,"zero-init, constant eps=0.3",50,343.7129499455438,0.8085
epsilon-greedy,"zero-init, constant eps=0.3",51,342.8860025971363,0.829
epsilon-greedy,"zero-init, constant eps=0.3",52,353.9290114794723,0.8105
epsilon-greedy,"zero-init, constant eps=0.3",53,342.32093053440303,0.82
epsilon-greedy,"zero-init, constant eps=0.3",54,340.4260073137875,0.827
epsilon-greedy,"zero-init, constant eps=0.3",55,344.43534732917846,0.8275
epsilon-greedy,"zero-init, constant eps=0.3",56,320.42177574807647,0.8225
epsilon-greedy,"zero-init, constant eps=0.3",57,312.30571360911,0.808
epsilon-greedy,"zero-init, constant eps=0.3",58,349.4874604981905,0.813
epsilon-greedy,"zero-init, constant eps=0.3",59,384.6302231788969,0.7975
epsilon-greedy,"zero-init, constant eps=0.3",60,373.90967116488036,0.8115
epsilon-greedy,"zero-init, constant eps=0.3",61,333.5590082421015,0.832
epsilon-greedy,"zero-init, constant eps=0.3",62,309.36767888948964,0.8055
epsilon-greedy,"zero-init, constant eps=0.3",63,343.1897679450925,0.819
epsilon-greedy,"zero-init, constant eps=0.3",64,326.75320882271734,0.843
epsilon-greedy,"zero-init, constant eps=0.3",65,362.8292430492924,0.8165
epsilon-greedy,"zero-init, constant eps=0.3",66,336.84616562626354,0.811
epsilon-greedy,"zero-init, constant eps=0.3",67,348.42811311954085,0.809
epsilon-greedy,"zero-init, constant eps=0.3",68,349.91038093873317,0.8165
epsilon-greedy,"zero-init, constant eps=0.3",69,369.94089948507275,0.8185
epsilon-greedy,"zero-init, constant eps=0.3",70,328.7186833979092,0.812
epsilon-greedy,"zero-init, constant eps=0.3",71,370.05027275808766,0.7995
epsilon-greedy,"zero-init, constant eps=0.3",72,365.2593998885147,0.823
epsilon-greedy,"zero-init, constant eps=0.3",73,337.0240662791176,0.8245
epsilon-greedy,"zero-init, constant eps=0.3",74,337.36412817327454,0.812
epsilon-greedy,"zero-init, constant eps=0.3",75,320.2648664945982,0.841
epsilon-greedy,"zero-init, constant eps=0.3",76,362.28925820444323,0.8275
epsilon-greedy,"zero-init, constant eps=0.3",77,340.175087357066,0.82
epsilon-greedy,"zero-init, constant eps=0.3",78,308.3414289603927,0.7975
epsilon-greedy,"zero-init, constant eps=0.3",79,324.68336548616554,0.826
epsilon-greedy,"zero-init, constant eps=0.3",80,343.7987885808613,0.798
epsilon-greedy,"zero-init, constant eps=0.3",81,360.8911747033081,0.819
epsilon-greedy,"zero-init, constant eps=0.3",82,360.0547649151214,0.825
epsilon-greedy,"zero-init, constant eps=0.3",83,350.3745871624037,0.7995
epsilon-greedy,"zero-init, constant eps=0.3",84,329.51856761710354,0.836
epsilon-greedy,"zero-init, constant eps=0.3",85,328.637968589574,0.835
epsilon-greedy,"zero-init, constant eps=0.3",86,343.9121066172163,0.8135
epsilon-greedy,"zero-init, constant eps=0.3",87,349.49628567538423,0.8055
epsilon-greedy,"zero-init, constant eps=0.3",88,380.93604244774315,0.801
epsilon-greedy,"zero-init, constant eps=0.3",89,299.6956205884311,0.7955
epsilon-greedy,"zero-init, constant eps=0.3",90,349.5185519445998,0.815
epsilon-greedy,"zero-init, constant eps=0.3",91,343.08636233811393,0.821
epsilon-greedy,"zero-init, constant eps=0.3",92,353.0981718772158,0.8345
epsilon-greedy,"zero-init, constant eps=0.3",93,379.28437233735514,0.809
epsilon-greedy,"zero-init, constant eps=0.3",94,322.2616094305754,0.8145
epsilon-greedy,"zero-init, constant eps=0.3",95,346.0795702764622,0.813
epsilon-greedy,"zero-init, constant eps=0.3",96,334.5211892885235,0.818
epsilon-greedy,"zero-init, constant eps=0.3",97,313.97635295962516,0.8345
epsilon-greedy,"zero-init, constant eps=0.3",98,349.12054972065977,0.798
epsilon-greedy,"zero-init, constant eps=0.3",99,339.80689155906595,0.823
epsilon-greedy,"zero-init, decay=0.9",0,363.5820085794775,0.796
epsilon-greedy,"zero-init, decay=0.9",1,40.68382555440068,0.9525
epsilon-greedy,"zero-init, decay=0.9",2,31.057998147853446,0.9755
epsilon-greedy,"zero-init, decay=0.9",3,477.76624671439555,0.724
epsilon-greedy,"zero-init, decay=0.9",4,109.6325655114308,0.9325
epsilon-greedy,"zero-init, decay=0.9",5,117.286612815589,0.938
epsilon-greedy,"zero-init, decay=0.9",6,259.1035297747982,0.868
epsilon-greedy,"zero-init, decay=0.9",7,230.5448258984993,0.8785
epsilon-greedy,"zero-init, decay=0.9",8,483.2991589374702,0.741
epsilon-greedy,"zero-init, decay=0.9",9,150.74761253862604,0.9185
epsilon-greedy,"zero-init, decay=0.9",10,1362.0400017995212,0.3
epsilon-greedy,"zero-init, decay=0.9",11,144.8833561063131,0.923
epsilon-greedy,"zero-init, decay=0.9",12,40.10177744954214,0.9355
epsilon-greedy,"zero-init, decay=0.9",13,255.92620366354546,0.8635
epsilon-greedy,"zero-init, decay=0.9",14,851.4585825365399,0.5655
epsilon-greedy,"zero-init, decay=0.9",15,5.429943655076055,0.996
epsilon-greedy,"zero-init, decay=0.9",16,226.8351215275887,0.8725
epsilon-greedy,"zero-init, decay=0.9",17,1298.0419066782124,0.3395
epsilon-greedy,"zero-init, decay=0.9",18,626.5345765942388,0.669
epsilon-greedy,"zero-init, decay=0.9",19,403.51234332568896,0.793
epsilon-greedy,"zero-init, decay=0.9",20,386.0257143999972,0.806
epsilon-greedy,"zero-init, decay=0.9",21,1599.5958592658537,0.193
epsilon-greedy,"zero-init, decay=0.9",22,280.2277411147767,0.8555
epsilon-greedy,"zero-init, decay=0.9",23,333.9249676587423,0.8395
epsilon-greedy,"zero-init, decay=0.9",24,318.1374694624534,0.823
epsilon-greedy,"zero-init, decay=0.9",25,165.68247880622224,0.8985
epsilon-greedy,"zero-init, decay=0.9",26,264.07241380728175,0.8655
epsilon-greedy,"zero-init, decay=0.9",27,186.5332961325914,0.889
epsilon-greedy,"zero-init, decay=0.9",28,28.512591312959845,0.985
epsilon-greedy,"zero-init, decay=0.9",29,178.9480711159125,0.91
epsilon-greedy,"zero-init, decay=0.9",30,721.6091481498049,0.664
epsilon-greedy,"zero-init, decay=0.9",31,188.1672748282871,0.9085
epsilon-greedy,"zero-init, decay=0.9",32,123.22588832488174,0.933
epsilon-greedy,"zero-init, decay=0.9",33,231.71490581995377,0.8775
epsilon-greedy,"zero-init, decay=0.9",34,75.98696610926562,0.9665
epsilon-greedy,"zero-init, decay=0.9",35,292.5789367209871,0.8505
epsilon-greedy,"zero-init, decay=0.9",36,123.01888064794042,0.899
epsilon-greedy,"zero-init, decay=0.9",37,577.4095794783749,0.7115
epsilon-greedy,"zero-init, decay=0.9",38,502.24530104772924,0.731
epsilon-greedy,"zero-init, decay=0.9",39,402.5671904322798,0.7945
epsilon-greedy,"zero-init, decay=0.9",40,531.1006544766747,0.7245
epsilon-greedy,"zero-init, decay=0.9",41,335.6344723516734,0.8255
epsilon-greedy,"zero-init, decay=0.9",42,813.7623113677282,0.566
epsilon-greedy,"zero-init, decay=0.9",43,234.74332149809882,0.8685
epsilon-greedy,"zero-init, decay=0.9",44,456.0010358053371,0.7655
epsilon-greedy,"zero-init, decay=0.9",45,70.63994993934017,0.966
epsilon-greedy,"zero-init, decay=0.9",46,747.0321349209281,0.617
epsilon-greedy,"zero-init, decay=0.9",47,548.7915807652759,0.7085
epsilon-greedy,"zero-init, decay=0.9",48,503.9813493527075,0.7395
epsilon-greedy,"zero-init, decay=0.9",49,52.8710924122643,0.971
epsilon-greedy,"zero-init, decay=0.9",50,69.11635620683514,0.956
epsilon-greedy,"zero-init, decay=0.9",51,363.3573014236214,0.8085
epsilon-greedy,"zero-init, decay=0.9",52,217.67605514392997,0.896
epsilon-greedy,"zero-init, decay=0.9",53,1046.6785730807605,0.452
epsilon-greedy,"zero-init, decay=0.9",54,1204.7688767726584,0.3915
epsilon-greedy,"zero-init, decay=0.9",55,506.7322897944015,0.7445
epsilon-greedy,"zero-init, decay=0.9",56,261.63056957715224,0.8635
epsilon-greedy,"zero-init, decay=0.9",57,610.3315191411253,0.656
epsilon-greedy,"zero-init, decay=0.9",58,56.457836898855184,0.968
epsilon-greedy,"zero-init, decay=0.9",59,1507.8447919545047,0.2565
epsilon-greedy,"zero-init, decay=0.9",60,1580.311080673287,0.2
epsilon-greedy,"zero-init, decay=0.9",61,464.31005104248084,0.7735
epsilon-greedy,"zero-init, decay=0.9",62,0.4426557898333273,0.9625
epsilon-greedy,"zero-init, decay=0.9",63,942.7971500525535,0.511
epsilon-greedy,"zero-init, decay=0.9",64,272.2443738927005,0.851
epsilon-greedy,"zero-init, decay=0.9",65,1120.6448704253717,0.4325
epsilon-greedy,"zero-init, decay=0.9",66,88.98708666281183,0.94
epsilon-greedy,"zero-init, decay=0.9",67,1224.0743874120137,0.373
epsilon-greedy,"zero-init, decay=0.9",68,1629.0239986802753,0.178
epsilon-greedy,"zero-init, decay=0.9",69,549.7770959112939,0.727
epsilon-greedy,"zero-init, decay=0.9",70,354.87681309260336,0.7965
epsilon-greedy,"zero-init, decay=0.9",71,1441.1222411090498,0.284
epsilon-greedy,"zero-init, decay=0.9",72,93.93214934676394,0.9485
epsilon-greedy,"zero-init, decay=0.9",73,200.0032606181276,0.895
epsilon-greedy,"zero-init, decay=0.9",74,939.8887316782474,0.511
epsilon-greedy,"zero-init, decay=0.9",75,682.5406871420209,0.656
epsilon-greedy,"zero-init, decay=0.9",76,917.0215906946652,0.533
epsilon-greedy,"zero-init, decay=0.9",77,1072.3501035390254,0.4395
epsilon-greedy,"zero-init, decay=0.9",78,1408.9235063215488,0.262
epsilon-greedy,"zero-init, decay=0.9",79,6.889671478167894,0.995
epsilon-greedy,"zero-init, decay=0.9",80,583.3788532669051,0.6765
epsilon-greedy,"zero-init, decay=0.9",81,673.1919793709741,0.657
epsilon-greedy,"zero-init, decay=0.9",82,399.20915981980477,0.8135
epsilon-greedy,"zero-init, decay=0.9",83,576.0618703783912,0.6915
epsilon-greedy,"zero-init, decay=0.9",84,1.7513027537653731,0.995
epsilon-greedy,"zero-init, decay=0.9",85,890.2072474265241,0.554
epsilon-greedy,"zero-init, decay=0.9",86,656.0244734031619,0.65
epsilon-greedy,"zero-init, decay=0.9",87,1315.376971461706,0.323
epsilon-greedy,"zero-init, decay=0.9",88,564.679404241616,0.7185
epsilon-greedy,"zero-init, decay=0.9",89,124.4225982105412,0.8785
epsilon-greedy,"zero-init, decay=0.9",90,0.3696568662315247,0.986
epsilon-greedy,"zero-init, decay=0.9",91,329.46146718610123,0.8435
epsilon-greedy,"zero-init, decay=0.9",92,585.8129671932568,0.7225
epsilon-greedy,"zero-init, decay=0.9",93,417.54125451848836,0.779
epsilon-greedy,"zero-init, decay=0.9",94,19.97587246350257,0.9605
epsilon-greedy,"zero-init, decay=0.9",95,241.4798438595512,0.871
epsilon-greedy,"zero-init, decay=0.9",96,924.0525565587669,0.5375
epsilon-greedy,"zero-init, decay=0.9",97,147.16639306876866,0.911
epsilon-greedy,"zero-init, decay=0.9",98,566.7476906919372,0.687
epsilon-greedy,"zero-init, decay=0.9",99,580.957919769618,0.697
epsilon-greedy,"zero-init, decay=0.95",0,363.5820085794775,0.796
epsilon-greedy,"zero-init, decay=0.95",1,41.79887678210537,0.9525
epsilon-greedy,"zero-init, decay=0.95",2,31.057998147853446,0.9755
epsilon-greedy,"zero-init, decay=0.95",3,481.36015299965834,0.7235
epsilon-greedy,"zero-init, decay=0.95",4,109.6325655114308,0.9325
epsilon-greedy,"zero-init, decay=0.95",5,117.286612815589,0.938
epsilon-greedy,"zero-init, decay=0.95",6,260.7795494052206,0.8675
epsilon-greedy,"zero-init, decay=0.95",7,231.21719656861455,0.878
epsilon-greedy,"zero-init, decay=0.95",8,483.2991589374702,0.741
epsilon-greedy,"zero-init, decay=0.95",9,150.74761253862604,0.9185
epsilon-greedy,"zero-init, decay=0.95",10,1362.2069682711856,0.3
epsilon-greedy,"zero-init, decay=0.95",11,145.64677333549866,0.9225
epsilon-greedy,"zero-init, decay=0.95",12,43.470579831466615,0.934
epsilon-greedy,"zero-init, decay=0.95",13,256.47029974063923,0.863
epsilon-greedy,"zero-init, decay=0.95",14,851.9674775555834,0.565
epsilon-greedy,"zero-init, decay=0.95",15,5.429943655076055,0.996
epsilon-greedy,"zero-init, decay=0.95",16,227.5527905868899,0.872
epsilon-greedy,"zero-init, decay=0.95",17,1298.0419066782124,0.3395
epsilon-greedy,"zero-init, decay=0.95",18,626.5937523874804,0.669
epsilon-greedy,"zero-init, decay=0.95",19,403.51234332568896,0.793
epsilon-greedy,"zero-init, decay=0.95",20,387.0661625219214,0.8055
epsilon-greedy,"zero-init, decay=0.95",21,1599.5089901664362,0.193
epsilon-greedy,"zero-init, decay=0.95",22,280.2277411147767,0.8555
epsilon-greedy,"zero-init, decay=0.95",23,10.551460993454503,0.9925
epsilon-greedy,"zero-init, decay=0.95",24,320.01532067875655,0.823
epsilon-greedy,"zero-init, decay=0.95",25,166.42664876855622,0.898
epsilon-greedy,"zero-init, decay=0.95",26,264.46794491831884,0.865
epsilon-greedy,"zero-init, decay=0.95",27,186.31166021483023,0.8895
epsilon-greedy,"zero-init, decay=0.95",28,29.70960328309804,0.984
epsilon-greedy,"zero-init, decay=0.95",29,178.87417145317784,0.91
epsilon-greedy,"zero-init, decay=0.95",30,721.6091481498049,0.664
epsilon-greedy,"zero-init, decay=0.95",31,188.1672748282871,0.9085
epsilon-greedy,"zero-init, decay=0.95",32,123.32613568538103,0.9325
epsilon-greedy,"zero-init, decay=0.95",33,232.54901184326593,0.877
epsilon-greedy,"zero-init, decay=0.95",34,76.5208732345408,0.966
epsilon-greedy,"zero-init, decay=0.95",35,89.31000095429728,0.96
epsilon-greedy,"zero-init, decay=0.95",36,123.51652381992707,0.8985
epsilon-greedy,"zero-init, decay=0.95",37,577.4095794783749,0.7115
epsilon-greedy,"zero-init, decay=0.95",38,502.80213808742536,0.731
epsilon-greedy,"zero-init, decay=0.95",39,402.5671904322798,0.7945
epsilon-greedy,"zero-init, decay=0.95",40,531.1006544766747,0.7245
epsilon-greedy,"zero-init, decay=0.95",41,335.8667679620294,0.825
epsilon-greedy,"zero-init, decay=0.95",42,813.7623113677282,0.566
epsilon-greedy,"zero-init, decay=0.95",43,235.51331037835615,0.868
epsilon-greedy,"zero-init, decay=0.95",44,457.9814393773197,0.765
epsilon-greedy,"zero-init, decay=0.95",45,70.99354453899278,0.9645
epsilon-greedy,"zero-init, decay=0.95",46,747.0321349209281,0.617
epsilon-greedy,"zero-init, decay=0.95",47,188.1622153497227,0.8905
epsilon-greedy,"zero-init, decay=0.95",48,521.2650678190487,0.729
epsilon-greedy,"zero-init, decay=0.95",49,53.418259153972585,0.9705
epsilon-greedy,"zero-init, decay=0.95",50,69.11635620683514,0.956
epsilon-greedy,"zero-init, decay=0.95",51,363.3573014236214,0.8085
epsilon-greedy,"zero-init, decay=0.95",52,112.89362836984569,0.941
epsilon-greedy,"zero-init, decay=0.95",53,518.3156555128404,0.7195
epsilon-greedy,"zero-init, decay=0.95",54,1204.9722228851176,0.3915
epsilon-greedy,"zero-init, decay=0.95",55,507.1375122632311,0.744
epsilon-greedy,"zero-init, decay=0.95",56,262.6118749997295,0.863
epsilon-greedy,"zero-init, decay=0.95",57,610.3315191411253,0.656
epsilon-greedy,"zero-init, decay=0.95",58,59.491468242619774,0.967
epsilon-greedy,"zero-init, decay=0.95",59,777.5336101236413,0.5995
epsilon-greedy,"zero-init, decay=0.95",60,1580.311080673287,0.2
epsilon-greedy,"zero-init, decay=0.95",61,68.19444934993473,0.962
epsilon-greedy,"zero-init, decay=0.95",62,0.4426557898333273,0.9625
epsilon-greedy,"zero-init, decay=0.95",63,38.96046982621401,0.973
epsilon-greedy,"zero-init, decay=0.95",64,272.2443738927005,0.851
epsilon-greedy,"zero-init, decay=0.95",65,1119.180092869462,0.433
epsilon-greedy,"zero-init, decay=0.95",66,90.22043938083407,0.939
epsilon-greedy,"zero-init, decay=0.95",67,171.59262748397933,0.9015
epsilon-greedy,"zero-init, decay=0.95",68,1628.4190010505188,0.178
epsilon-greedy,"zero-init, decay=0.95",69,549.7770959112939,0.727
epsilon-greedy,"zero-init, decay=0.95",70,355.1612798091143,0.796
epsilon-greedy,"zero-init, decay=0.95",71,1441.2461046866295,0.284
epsilon-greedy,"zero-init, decay=0.95",72,96.49404880341044,0.9485
epsilon-greedy,"zero-init, decay=0.95",73,200.97913454747092,0.8945
epsilon-greedy,"zero-init, decay=0.95",74,939.7629507642722,0.511
epsilon-greedy,"zero-init, decay=0.95",75,683.1844593463458,0.655
epsilon-greedy,"zero-init, decay=0.95",76,917.3677341699646,0.5325
epsilon-greedy,"zero-init, decay=0.95",77,1072.3501035390254,0.4395
epsilon-greedy,"zero-init, decay=0.95",78,1408.9235063215488,0.262
epsilon-greedy,"zero-init, decay=0.95",79,6.889671478167894,0.995
epsilon-greedy,"zero-init, decay=0.95",80,583.6453912429342,0.676
epsilon-greedy,"zero-init, decay=0.95",81,673.1919793709741,0.657
epsilon-greedy,"zero-init, decay=0.95",82,399.20915981980477,0.8135
epsilon-greedy,"zero-init, decay=0.95",83,74.87733180965822,0.941
epsilon-greedy,"zero-init, decay=0.95",84,1.7513027537653731,0.995
epsilon-greedy,"zero-init, decay=0.95",85,285.16854490547894,0.8465
epsilon-greedy,"zero-init, decay=0.95",86,470.73252075146416,0.7375
epsilon-greedy,"zero-init, decay=0.95",87,1314.9956888627937,0.323
epsilon-greedy,"zero-init, decay=0.95",88,564.679404241616,0.7185
epsilon-greedy,"zero-init, decay=0.95",89,125.26685319263446,0.878
epsilon-greedy,"zero-init, decay=0.95",90,0.3696568662315247,0.986
epsilon-greedy,"zero-init, decay=0.95",91,145.26120048551567,0.9305
epsilon-greedy,"zero-init, decay=0.95",92,585.8072810298319,0.7225
epsilon-greedy,"zero-init, decay=0.95",93,417.87257623106325,0.779
epsilon-greedy,"zero-init, decay=0.95",94,20.676292350690158,0.96
epsilon-greedy,"zero-init, decay=0.95",95,245.52649561261285,0.8695
epsilon-greedy,"zero-init, decay=0.95",96,924.5614130522954,0.5375
epsilon-greedy,"zero-init, decay=0.95",97,147.96508736939575,0.911
epsilon-greedy,"zero-init, decay=0.95",98,566.7476906919372,0.687
epsilon-greedy,"zero-init, decay=0.95",99,583.2493683555355,0.6965
epsilon-greedy,"zero-init, decay=0.99",0,142.99153203658167,0.9275
epsilon-greedy,"zero-init, decay=0.99",1,66.29673041746923,0.9395
epsilon-greedy,"zero-init, decay=0.99",2,37.927620363070396,0.9725
epsilon-greedy,"zero-init, decay=0.99",3,484.768660569007,0.722
epsilon-greedy,"zero-init, decay=0.99",4,29.96533019488661,0.9685
epsilon-greedy,"zero-init, decay=0.99",5,122.91246323019526,0.936
epsilon-greedy,"zero-init, decay=0.99",6,263.65887074923575,0.865
epsilon-greedy,"zero-init, decay=0.99",7,238.96182578741303,0.876
epsilon-greedy,"zero-init, decay=0.99",8,82.42762036619055,0.939
epsilon-greedy,"zero-init, decay=0.99",9,159.02330368626033,0.915
epsilon-greedy,"zero-init, decay=0.99",10,427.93733868906907,0.7565
epsilon-greedy,"zero-init, decay=0.99",11,155.1197871064662,0.918
epsilon-greedy,"zero-init, decay=0.99",12,42.04203945801943,0.937
epsilon-greedy,"zero-init, decay=0.99",13,97.75885310056844,0.9435
epsilon-greedy,"zero-init, decay=0.99",14,158.99045218831947,0.921
epsilon-greedy,"zero-init, decay=0.99",15,18.64327228508775,0.9905
epsilon-greedy,"zero-init, decay=0.99",16,88.76006118297397,0.9525
epsilon-greedy,"zero-init, decay=0.99",17,1277.8842250452974,0.3485
epsilon-greedy,"zero-init, decay=0.99",18,628.354008214471,0.668
epsilon-greedy,"zero-init, decay=0.99",19,412.6959910440374,0.788
epsilon-greedy,"zero-init, decay=0.99",20,45.99122826617109,0.9745
epsilon-greedy,"zero-init, decay=0.99",21,583.6325839170821,0.6905
epsilon-greedy,"zero-init, decay=0.99",22,281.7094264590173,0.854
epsilon-greedy,"zero-init, decay=0.99",23,18.543222385911058,0.9895
epsilon-greedy,"zero-init, decay=0.99",24,341.3875235504688,0.817
epsilon-greedy,"zero-init, decay=0.99",25,111.7864196444187,0.9255
epsilon-greedy,"zero-init, decay=0.99",26,86.61160279592882,0.9595
epsilon-greedy,"zero-init, decay=0.99",27,138.63521662324888,0.92
epsilon-greedy,"zero-init, decay=0.99",28,35.51465280331375,0.981
epsilon-greedy,"zero-init, decay=0.99",29,182.08027084309563,0.909
epsilon-greedy,"zero-init, decay=0.99",30,725.7177024883775,0.661
epsilon-greedy,"zero-init, decay=0.99",31,42.499862214452534,0.977
epsilon-greedy,"zero-init, decay=0.99",32,130.28695911679003,0.9295
epsilon-greedy,"zero-init, decay=0.99",33,72.40046277201661,0.966
epsilon-greedy,"zero-init, decay=0.99",34,81.97987976783634,0.9635
epsilon-greedy,"zero-init, decay=0.99",35,295.2892883990398,0.8485
epsilon-greedy,"zero-init, decay=0.99",36,10.557105482206437,0.9585
epsilon-greedy,"zero-init, decay=0.99",37,42.923772837797415,0.979
epsilon-greedy,"zero-init, decay=0.99",38,503.08950344637714,0.731
epsilon-greedy,"zero-init, decay=0.99",39,409.77152418106857,0.7915
epsilon-greedy,"zero-init, decay=0.99",40,538.5949426335907,0.7205
epsilon-greedy,"zero-init, decay=0.99",41,156.60893735342057,0.9135
epsilon-greedy,"zero-init, decay=0.99",42,83.31964775846913,0.932
epsilon-greedy,"zero-init, decay=0.99",43,240.82675758695686,0.8655
epsilon-greedy,"zero-init, decay=0.99",44,68.48510429704915,0.9575
epsilon-greedy,"zero-init, decay=0.99",45,77.3794817683407,0.9605
epsilon-greedy,"zero-init, decay=0.99",46,748.5036618431311,0.6155
epsilon-greedy,"zero-init, decay=0.99",47,77.36284697428331,0.958
epsilon-greedy,"zero-init, decay=0.99",48,22.597920389218388,0.9805
epsilon-greedy,"zero-init, decay=0.99",49,62.59983443235506,0.966
epsilon-greedy,"zero-init, decay=0.99",50,75.35538715476571,0.9515
epsilon-greedy,"zero-init, decay=0.99",51,366.34542674382976,0.807
epsilon-greedy,"zero-init, decay=0.99",52,32.995595507745556,0.9805
epsilon-greedy,"zero-init, decay=0.99",53,228.2548326840788,0.87
epsilon-greedy,"zero-init, decay=0.99",54,154.12224700853247,0.9185
epsilon-greedy,"zero-init, decay=0.99",55,246.9511163573437,0.8695
epsilon-greedy,"zero-init, decay=0.99",56,68.89875320173773,0.957
epsilon-greedy,"zero-init, decay=0.99",57,294.5650236384853,0.8405
epsilon-greedy,"zero-init, decay=0.99",58,70.93597430214379,0.9625
epsilon-greedy,"zero-init, decay=0.99",59,90.13772781986705,0.9485
epsilon-greedy,"zero-init, decay=0.99",60,25.791337220386907,0.989
epsilon-greedy,"zero-init, decay=0.99",61,74.77990814153708,0.9595
epsilon-greedy,"zero-init, decay=0.99",62,9.104945469749675,0.9585
epsilon-greedy,"zero-init, decay=0.99",63,38.1027627151974,0.973
epsilon-greedy,"zero-init, decay=0.99",64,112.12912219577964,0.934
epsilon-greedy,"zero-init, decay=0.99",65,139.0404773765441,0.929
epsilon-greedy,"zero-init, decay=0.99",66,93.58176231738645,0.9375
epsilon-greedy,"zero-init, decay=0.99",67,164.33881922469007,0.903
epsilon-greedy,"zero-init, decay=0.99",68,98.44437133548762,0.947
epsilon-greedy,"zero-init, decay=0.99",69,498.86461718889586,0.754
epsilon-greedy,"zero-init, decay=0.99",70,299.09170151571504,0.825
epsilon-greedy,"zero-init, decay=0.99",71,332.8712601096364,0.8345
epsilon-greedy,"zero-init, decay=0.99",72,98.67626422823562,0.9455
epsilon-greedy,"zero-init, decay=0.99",73,17.36570808253858,0.98
epsilon-greedy,"zero-init, decay=0.99",74,67.97748056751642,0.945
epsilon-greedy,"zero-init, decay=0.99",75,686.2227454874068,0.6535
epsilon-greedy,"zero-init, decay=0.99",76,75.66394619806526,0.9565
epsilon-greedy,"zero-init, decay=0.99",77,97.78919598577102,0.93
epsilon-greedy,"zero-init, decay=0.99",78,434.11236563756654,0.7325
epsilon-greedy,"zero-init, decay=0.99",79,9.33600434747256,0.9935
epsilon-greedy,"zero-init, decay=0.99",80,457.21916104340505,0.741
epsilon-greedy,"zero-init, decay=0.99",81,220.32634541571966,0.8845
epsilon-greedy,"zero-init, decay=0.99",82,219.8097991337669,0.896
epsilon-greedy,"zero-init, decay=0.99",83,29.790539860071142,0.963
epsilon-greedy,"zero-init, decay=0.99",84,4.68075968968475,0.994
epsilon-greedy,"zero-init, decay=0.99",85,150.43381961914204,0.916
epsilon-greedy,"zero-init, decay=0.99",86,59.14645628791447,0.9595
epsilon-greedy,"zero-init, decay=0.99",87,12.177328848273506,0.978
epsilon-greedy,"zero-init, decay=0.99",88,198.62244676339654,0.8955
epsilon-greedy,"zero-init, decay=0.99",89,130.7223538827692,0.875
epsilon-greedy,"zero-init, decay=0.99",90,13.535041836393804,0.981
epsilon-greedy,"zero-init, decay=0.99",91,149.24050764051069,0.9275
epsilon-greedy,"zero-init, decay=0.99",92,24.404457370149718,0.9825
epsilon-greedy,"zero-init, decay=0.99",93,418.9480477540965,0.7785
epsilon-greedy,"zero-init, decay=0.99",94,27.712119041356928,0.9575
epsilon-greedy,"zero-init, decay=0.99",95,246.96433097059892,0.868
epsilon-greedy,"zero-init, decay=0.99",96,167.23407089607107,0.907
epsilon-greedy,"zero-init, decay=0.99",97,90.87418084374379,0.943
epsilon-greedy,"zero-init, decay=0.99",98,126.51741889908536,0.918
epsilon-greedy,"zero-init, decay=0.99",99,222.63986407762005,0.8835
epsilon-greedy,"zero-init, decay=0.999",0,84.32705296934508,0.956
epsilon-greedy,"zero-init, decay=0.999",1,88.46921539029417,0.927
epsilon-greedy,"zero-init, decay=0.999",2,58.90481081590406,0.958
epsilon-greedy,"zero-init, decay=0.999",3,244.2853790912112,0.844
epsilon-greedy,"zero-init, decay=0.999",4,74.15094273247358,0.944
epsilon-greedy,"zero-init, decay=0.999",5,93.7762144335698,0.951
epsilon-greedy,"zero-init, decay=0.999",6,103.41191629910372,0.939
epsilon-greedy,"zero-init, decay=0.999",7,119.80218903469752,0.9355
epsilon-greedy,"zero-init, decay=0.999",8,76.20835779858675,0.9445
epsilon-greedy,"zero-init, decay=0.999",9,83.28712699777786,0.9505
epsilon-greedy,"zero-init, decay=0.999",10,195.14587016928547,0.8855
epsilon-greedy,"zero-init, decay=0.999",11,126.7905870183158,0.933
epsilon-greedy,"zero-init, decay=0.999",12,79.57041134021117,0.9195
epsilon-greedy,"zero-init, decay=0.999",13,92.01097963523323,0.942
epsilon-greedy,"zero-init, decay=0.999",14,131.7793726991917,0.93
epsilon-greedy,"zero-init, decay=0.999",15,57.88052387000132,0.968
epsilon-greedy,"zero-init, decay=0.999",16,74.30167149121861,0.955
epsilon-greedy,"zero-init, decay=0.999",17,277.6593169222326,0.8605
epsilon-greedy,"zero-init, decay=0.999",18,187.27257548116984,0.892
epsilon-greedy,"zero-init, decay=0.999",19,69.25896384023115,0.9555
epsilon-greedy,"zero-init, decay=0.999",20,102.37464151932312,0.947
epsilon-greedy,"zero-init, decay=0.999",21,104.28982333625208,0.938
epsilon-greedy,"zero-init, decay=0.999",22,83.70009111811804,0.9485
epsilon-greedy,"zero-init, decay=0.999",23,67.06474229998587,0.964
epsilon-greedy,"zero-init, decay=0.999",24,152.10479701839742,0.8985
epsilon-greedy,"zero-init, decay=0.999",25,218.97923499851888,0.872
epsilon-greedy,"zero-init, decay=0.999",26,151.60641680839763,0.9285
epsilon-greedy,"zero-init, decay=0.999",27,117.7566136570115,0.9345
epsilon-greedy,"zero-init, decay=0.999",28,93.09679020732766,0.955
epsilon-greedy,"zero-init, decay=0.999",29,91.90084199493175,0.9545
epsilon-greedy,"zero-init, decay=0.999",30,104.39998237587768,0.95
epsilon-greedy,"zero-init, decay=0.999",31,86.78328065062621,0.9555
epsilon-greedy,"zero-init, decay=0.999",32,50.59732680986564,0.961
epsilon-greedy,"zero-init, decay=0.999",33,157.47947492827487,0.916
epsilon-greedy,"zero-init, decay=0.999",34,57.011620809008285,0.967
epsilon-greedy,"zero-init, decay=0.999",35,80.11714872681782,0.954
epsilon-greedy,"zero-init, decay=0.999",36,60.237329160985404,0.935
epsilon-greedy,"zero-init, decay=0.999",37,104.3241182062045,0.9515
epsilon-greedy,"zero-init, decay=0.999",38,116.76155757785708,0.93
epsilon-greedy,"zero-init, decay=0.999",39,124.06539567220344,0.9265
epsilon-greedy,"zero-init, decay=0.999",40,131.64792427930743,0.9295
epsilon-greedy,"zero-init, decay=0.999",41,112.07984870624854,0.945
epsilon-greedy,"zero-init, decay=0.999",42,337.50330815290556,0.8165
epsilon-greedy,"zero-init, decay=0.999",43,208.61143983048774,0.8865
epsilon-greedy,"zero-init, decay=0.999",44,134.11113684136336,0.9215
epsilon-greedy,"zero-init, decay=0.999",45,87.59058561222028,0.954
epsilon-greedy,"zero-init, decay=0.999",46,178.16036451553182,0.8985
epsilon-greedy,"zero-init, decay=0.999",47,103.84978290690042,0.943
epsilon-greedy,"zero-init, decay=0.999",48,76.44793770360249,0.9555
epsilon-greedy,"zero-init, decay=0.999",49,78.16561047997065,0.9575
epsilon-greedy,"zero-init, decay=0.999",50,92.76263778435049,0.944
epsilon-greedy,"zero-init, decay=0.999",51,107.22042904836132,0.9545
epsilon-greedy,"zero-init, decay=0.999",52,137.05369942517672,0.9295
epsilon-greedy,"zero-init, decay=0.999",53,107.66749822095628,0.942
epsilon-greedy,"zero-init, decay=0.999",54,137.34005806423156,0.9235
epsilon-greedy,"zero-init, decay=0.999",55,142.98622181789702,0.929
epsilon-greedy,"zero-init, decay=0.999",56,101.53927035333513,0.946
epsilon-greedy,"zero-init, decay=0.999",57,339.1633503414766,0.8195
epsilon-greedy,"zero-init, decay=0.999",58,104.37268542750682,0.9435
epsilon-greedy,"zero-init, decay=0.999",59,132.10981147783215,0.9295
epsilon-greedy,"zero-init, decay=0.999",60,93.19724646470871,0.957
epsilon-greedy,"zero-init, decay=0.999",61,73.52835736402339,0.9575
epsilon-greedy,"zero-init, decay=0.999",62,77.77422919960736,0.9295
epsilon-greedy,"zero-init, decay=0.999",63,82.93127639985612,0.952
epsilon-greedy,"zero-init, decay=0.999",64,101.91882366432253,0.9445
epsilon-greedy,"zero-init, decay=0.999",65,88.49176217610272,0.9565
epsilon-greedy,"zero-init, decay=0.999",66,81.26026749101386,0.9415
epsilon-greedy,"zero-init, decay=0.999",67,113.82444095886007,0.928
epsilon-greedy,"zero-init, decay=0.999",68,143.8420497062956,0.922
epsilon-greedy,"zero-init, decay=0.999",69,230.44222204199136,0.887
epsilon-greedy,"zero-init, decay=0.999",70,103.42443787793916,0.933
epsilon-greedy,"zero-init, decay=0.999",71,125.45772048560384,0.931
epsilon-greedy,"zero-init, decay=0.999",72,113.02498827129968,0.9425
epsilon-greedy,"zero-init, decay=0.999",73,84.07149675493646,0.949
epsilon-greedy,"zero-init, decay=0.999",74,73.81181687905594,0.937
epsilon-greedy,"zero-init, decay=0.999",75,111.90908850707227,0.942
epsilon-greedy,"zero-init, decay=0.999",76,107.78741204515092,0.94
epsilon-greedy,"zero-init, decay=0.999",77,114.3130340660305,0.9215
epsilon-greedy,"zero-init, decay=0.999",78,98.89729187276096,0.9085
epsilon-greedy,"zero-init, decay=0.999",79,54.72479658422464,0.966
epsilon-greedy,"zero-init, decay=0.999",80,146.83313282168396,0.906
epsilon-greedy,"zero-init, decay=0.999",81,97.81637159077965,0.94
epsilon-greedy,"zero-init, decay=0.999",82,119.31795453708094,0.937
epsilon-greedy,"zero-init, decay=0.999",83,88.85314277964677,0.936
epsilon-greedy,"zero-init, decay=0.999",84,80.1274043812077,0.964
epsilon-greedy,"zero-init, decay=0.999",85,85.83334340227447,0.9485
epsilon-greedy,"zero-init, decay=0.999",86,94.31668035252164,0.938
epsilon-greedy,"zero-init, decay=0.999",87,62.80205136249824,0.955
epsilon-greedy,"zero-init, decay=0.999",88,131.66479396527194,0.926
epsilon-greedy,"zero-init, decay=0.999",89,177.88241888661986,0.8515
epsilon-greedy,"zero-init, decay=0.999",90,74.23897902746816,0.9535
epsilon-greedy,"zero-init, decay=0.999",91,149.14459694980866,0.925
epsilon-greedy,"zero-init, decay=0.999",92,83.98409156313114,0.9525
epsilon-greedy,"zero-init, decay=0.999",93,113.11947925362212,0.9415
epsilon-greedy,"zero-init, decay=0.999",94,77.68749208947338,0.933
epsilon-greedy,"zero-init, decay=0.999",95,134.84836274937027,0.919
epsilon-greedy,"zero-init, decay=0.999",96,157.1082664926118,0.921
epsilon-greedy,"zero-init, decay=0.999",97,85.98541685207208,0.9495
epsilon-greedy,"zero-init, decay=0.999",98,114.24478905588096,0.929
epsilon-greedy,"zero-init, decay=0.999",99,162.21189844909247,0.908
epsilon-greedy,"zero-init, decay=0.9999",0,134.02895944801318,0.925
epsilon-greedy,"zero-init, decay=0.9999",1,150.42794082064228,0.901
epsilon-greedy,"zero-init, decay=0.9999",2,125.76774439141599,0.9265
epsilon-greedy,"zero-init, decay=0.9999",3,180.30147454416962,0.8775
epsilon-greedy,"zero-init, decay=0.9999",4,136.70724996345373,0.9205
epsilon-greedy,"zero-init, decay=0.9999",5,150.1476778309489,0.922
epsilon-greedy,"zero-init, decay=0.9999",6,164.1333603862214,0.9135
epsilon-greedy,"zero-init, decay=0.9999",7,149.57031399779092,0.917
epsilon-greedy,"zero-init, decay=0.9999",8,135.4629080256991,0.912
epsilon-greedy,"zero-init, decay=0.9999",9,196.94539326176368,0.8915
epsilon-greedy,"zero-init, decay=0.9999",10,184.6413821902755,0.887
epsilon-greedy,"zero-init, decay=0.9999",11,170.99101178475928,0.9125
epsilon-greedy,"zero-init, decay=0.9999",12,114.80911750732825,0.8985
epsilon-greedy,"zero-init, decay=0.9999",13,170.91928392358562,0.907
epsilon-greedy,"zero-init, decay=0.9999",14,195.44371458113554,0.901
epsilon-greedy,"zero-init, decay=0.9999",15,104.7816763227329,0.943
epsilon-greedy,"zero-init, decay=0.9999",16,131.83340751872785,0.9225
epsilon-greedy,"zero-init, decay=0.9999",17,296.4468789951609,0.843
epsilon-greedy,"zero-init, decay=0.9999",18,171.7540687232086,0.9115
epsilon-greedy,"zero-init, decay=0.9999",19,185.88064967812,0.8995
epsilon-greedy,"zero-init, decay=0.9999",20,158.1430380507648,0.919
epsilon-greedy,"zero-init, decay=0.9999",21,180.86536659497898,0.9035
epsilon-greedy,"zero-init, decay=0.9999",22,155.81209328548633,0.908
epsilon-greedy,"zero-init, decay=0.9999",23,128.1261195613528,0.93
epsilon-greedy,"zero-init, decay=0.9999",24,192.22706802189788,0.8815
epsilon-greedy,"zero-init, decay=0.9999",25,201.783429722115,0.882
epsilon-greedy,"zero-init, decay=0.9999",26,201.07259697465443,0.9025
epsilon-greedy,"zero-init, decay=0.9999",27,143.46771018352658,0.924
epsilon-greedy,"zero-init, decay=0.9999",28,126.43016875891989,0.9365
epsilon-greedy,"zero-init, decay=0.9999",29,151.26970750062327,0.9215
epsilon-greedy,"zero-init, decay=0.9999",30,168.8689117165563,0.9165
epsilon-greedy,"zero-init, decay=0.9999",31,175.5654539516037,0.9095
epsilon-greedy,"zero-init, decay=0.9999",32,103.70015037464383,0.9335
epsilon-greedy,"zero-init, decay=0.9999",33,149.55830617908086,0.918
epsilon-greedy,"zero-init, decay=0.9999",34,139.02913697532642,0.928
epsilon-greedy,"zero-init, decay=0.9999",35,164.91630105528318,0.9155
epsilon-greedy,"zero-init, decay=0.9999",36,112.2588176289235,0.9005
epsilon-greedy,"zero-init, decay=0.9999",37,161.79798798867634,0.9185
epsilon-greedy,"zero-init, decay=0.9999",38,187.20782938158342,0.896
epsilon-greedy,"zero-init, decay=0.9999",39,163.9865232815987,0.9095
epsilon-greedy,"zero-init, decay=0.9999",40,251.98244187038603,0.8665
epsilon-greedy,"zero-init, decay=0.9999",41,164.80368576183412,0.919
epsilon-greedy,"zero-init, decay=0.9999",42,260.043696586329,0.8435
epsilon-greedy,"zero-init, decay=0.9999",43,175.97028651953465,0.9115
epsilon-greedy,"zero-init, decay=0.9999",44,166.66899946789937,0.9055
epsilon-greedy,"zero-init, decay=0.9999",45,169.05200392758067,0.918
epsilon-greedy,"zero-init, decay=0.9999",46,207.15650305172628,0.8885
epsilon-greedy,"zero-init, decay=0.9999",47,170.6086510196718,0.912
epsilon-greedy,"zero-init, decay=0.9999",48,142.71307517060492,0.924
epsilon-greedy,"zero-init, decay=0.9999",49,135.5262268318925,0.9265
epsilon-greedy,"zero-init, decay=0.9999",50,142.30972280049858,0.9165
epsilon-greedy,"zero-init, decay=0.9999",51,156.77734916937501,0.9295
epsilon-greedy,"zero-init, decay=0.9999",52,161.1972914842289,0.9255
epsilon-greedy,"zero-init, decay=0.9999",53,179.05920588235338,0.906
epsilon-greedy,"zero-init, decay=0.9999",54,174.2700148384928,0.9085
epsilon-greedy,"zero-init, decay=0.9999",55,181.1855627792991,0.9025
epsilon-greedy,"zero-init, decay=0.9999",56,169.53931252507772,0.9225
epsilon-greedy,"zero-init, decay=0.9999",57,154.36113492798046,0.9005
epsilon-greedy,"zero-init, decay=0.9999",58,155.2652821348525,0.92
epsilon-greedy,"zero-init, decay=0.9999",59,188.43421385176433,0.899
epsilon-greedy,"zero-init, decay=0.9999",60,169.4561561818277,0.9165
epsilon-greedy,"zero-init, decay=0.9999",61,139.00347492046114,0.9305
epsilon-greedy,"zero-init, decay=0.9999",62,121.41735567700223,0.9005
epsilon-greedy,"zero-init, decay=0.9999",63,128.87335447795527,0.924
epsilon-greedy,"zero-init, decay=0.9999",64,175.1129308595149,0.912
epsilon-greedy,"zero-init, decay=0.9999",65,156.37253368472423,0.9195
epsilon-greedy,"zero-init, decay=0.9999",66,154.67518514700112,0.9065
epsilon-greedy,"zero-init, decay=0.9999",67,171.19778304108152,0.906
epsilon-greedy,"zero-init, decay=0.9999",68,219.27206322637957,0.8835
epsilon-greedy,"zero-init, decay=0.9999",69,247.32100263403055,0.8785
epsilon-greedy,"zero-init, decay=0.9999",70,150.10026120275134,0.9075
epsilon-greedy,"zero-init, decay=0.9999",71,200.73463808965906,0.898
epsilon-greedy,"zero-init, decay=0.9999",72,144.5178326893764,0.9205
epsilon-greedy,"zero-init, decay=0.9999",73,125.03679290675879,0.928
epsilon-greedy,"zero-init, decay=0.9999",74,134.29803876209235,0.9055
epsilon-greedy,"zero-init, decay=0.9999",75,161.35071858662727,0.9175
epsilon-greedy,"zero-init, decay=0.9999",76,192.17960762347434,0.8935
epsilon-greedy,"zero-init, decay=0.9999",77,136.81549620920663,0.9055
epsilon-greedy,"zero-init, decay=0.9999",78,181.68226114155289,0.8625
epsilon-greedy,"zero-init, decay=0.9999",79,122.80544912014051,0.939
epsilon-greedy,"zero-init, decay=0.9999",80,167.4605925420662,0.899
epsilon-greedy,"zero-init, decay=0.9999",81,172.75521241749578,0.9055
epsilon-greedy,"zero-init, decay=0.9999",82,175.32828567282564,0.9155
epsilon-greedy,"zero-init, decay=0.9999",83,136.61565325670094,0.9115
epsilon-greedy,"zero-init, decay=0.9999",84,156.19674879661036,0.934
epsilon-greedy,"zero-init, decay=0.9999",85,155.0926384909717,0.9175
epsilon-greedy,"zero-init, decay=0.9999",86,170.48269500770215,0.9025
epsilon-greedy,"zero-init, decay=0.9999",87,125.98059970169327,0.9185
epsilon-greedy,"zero-init, decay=0.9999",88,197.84446972802402,0.893
epsilon-greedy,"zero-init, decay=0.9999",89,210.06959656158142,0.837
epsilon-greedy,"zero-init, decay=0.9999",90,142.06384476287894,0.92
epsilon-greedy,"zero-init, decay=0.9999",91,171.88241017647755,0.9095
epsilon-greedy,"zero-init, decay=0.9999",92,128.8758070993329,0.9305
epsilon-greedy,"zero-init, decay=0.9999",93,143.17463471156805,0.9195
epsilon-greedy,"zero-init, decay=0.9999",94,135.52178779353778,0.8965
epsilon-greedy,"zero-init, decay=0.9999",95,192.82098373343817,0.8995
epsilon-greedy,"zero-init, decay=0.9999",96,175.51911145489944,0.907
epsilon-greedy,"zero-init, decay=0.9999",97,161.44640613221733,0.9085
epsilon-greedy,"zero-init, decay=0.9999",98,167.9493330895191,0.905
epsilon-greedy,"zero-init, decay=0.9999",99,179.31907819198997,0.896
epsilon-greedy,"zero-init, decay=0.99999",0,141.68681632187338,0.9265
epsilon-greedy,"zero-init, decay=0.99999",1,152.3754963971135,0.905
epsilon-greedy,"zero-init, decay=0.99999",2,118.5471442442988,0.92
epsilon-greedy,"zero-init, decay=0.99999",3,192.93422305971083,0.871
epsilon-greedy,"zero-init, decay=0.99999",4,129.32364551244265,0.9185
epsilon-greedy,"zero-init, decay=0.99999",5,151.42135368022923,0.921
epsilon-greedy,"zero-init, decay=0.99999",6,166.98468220788527,0.913
epsilon-greedy,"zero-init, decay=0.99999",7,185.109786252307,0.9015
epsilon-greedy,"zero-init, decay=0.99999",8,144.65454106537388,0.9065
epsilon-greedy,"zero-init, decay=0.99999",9,204.7145788014124,0.892
epsilon-greedy,"zero-init, decay=0.99999",10,208.38293248853662,0.885
epsilon-greedy,"zero-init, decay=0.99999",11,176.5103252786598,0.904
epsilon-greedy,"zero-init, decay=0.99999",12,123.4666949387909,0.8925
epsilon-greedy,"zero-init, decay=0.99999",13,163.48275752132338,0.911
epsilon-greedy,"zero-init, decay=0.99999",14,219.95720515621363,0.899
epsilon-greedy,"zero-init, decay=0.99999",15,120.07410290701368,0.937
epsilon-greedy,"zero-init, decay=0.99999",16,138.82364057532683,0.922
epsilon-greedy,"zero-init, decay=0.99999",17,313.7525222442351,0.8335
epsilon-greedy,"zero-init, decay=0.99999",18,184.49873336112628,0.906
epsilon-greedy,"zero-init, decay=0.99999",19,205.56976819170723,0.8885
epsilon-greedy,"zero-init, decay=0.99999",20,182.2356296440188,0.908
epsilon-greedy,"zero-init, decay=0.99999",21,198.84073980406404,0.896
epsilon-greedy,"zero-init, decay=0.99999",22,162.97636591912547,0.9105
epsilon-greedy,"zero-init, decay=0.99999",23,129.74609861286515,0.9275
epsilon-greedy,"zero-init, decay=0.99999",24,191.78875030499356,0.8805
epsilon-greedy,"zero-init, decay=0.99999",25,205.96431235271015,0.886
epsilon-greedy,"zero-init, decay=0.99999",26,205.66063583421223,0.897
epsilon-greedy,"zero-init, decay=0.99999",27,154.73487371081873,0.9185
epsilon-greedy,"zero-init, decay=0.99999",28,148.4707924376232,0.927
epsilon-greedy,"zero-init, decay=0.99999",29,169.1102905632319,0.9085
epsilon-greedy,"zero-init, decay=0.99999",30,180.37288000603078,0.916
epsilon-greedy,"zero-init, decay=0.99999",31,183.94672447466394,0.905
epsilon-greedy,"zero-init, decay=0.99999",32,111.60988441322769,0.9325
epsilon-greedy,"zero-init, decay=0.99999",33,152.30163583263885,0.917
epsilon-greedy,"zero-init, decay=0.99999",34,138.52660187871956,0.928
epsilon-greedy,"zero-init, decay=0.99999",35,166.16233574743265,0.916
epsilon-greedy,"zero-init, decay=0.99999",36,116.1421144996677,0.8985
epsilon-greedy,"zero-init, decay=0.99999",37,182.60304686610172,0.914
epsilon-greedy,"zero-init, decay=0.99999",38,188.15291264586745,0.894
epsilon-greedy,"zero-init, decay=0.99999",39,177.34440967538143,0.902
epsilon-greedy,"zero-init, decay=0.99999",40,229.83777562588747,0.883
epsilon-greedy,"zero-init, decay=0.99999",41,166.3297105811296,0.92
epsilon-greedy,"zero-init, decay=0.99999",42,190.52541722719718,0.8805
epsilon-greedy,"zero-init, decay=0.99999",43,190.65983174550598,0.9025
epsilon-greedy,"zero-init, decay=0.99999",44,176.03411797504143,0.9015
epsilon-greedy,"zero-init, decay=0.99999",45,179.9896724441896,0.91
epsilon-greedy,"zero-init, decay=0.99999",46,203.72551974653,0.8895
epsilon-greedy,"zero-init, decay=0.99999",47,192.28682883883,0.9015
epsilon-greedy,"zero-init, decay=0.99999",48,181.8273152380574,0.904
epsilon-greedy,"zero-init, decay=0.99999",49,144.91981035351355,0.9235
epsilon-greedy,"zero-init, decay=0.99999",50,150.68187887116102,0.91
epsilon-greedy,"zero-init, decay=0.99999",51,163.58240973531912,0.9255
epsilon-greedy,"zero-init, decay=0.99999",52,169.39510554602282,0.9215
epsilon-greedy,"zero-init, decay=0.99999",53,158.44973020087164,0.9155
epsilon-greedy,"zero-init, decay=0.99999",54,184.2445337867609,0.8985
epsilon-greedy,"zero-init, decay=0.99999",55,205.40268751937847,0.8925
epsilon-greedy,"zero-init, decay=0.99999",56,164.58237045155704,0.923
epsilon-greedy,"zero-init, decay=0.99999",57,166.2563280367117,0.895
epsilon-greedy,"zero-init, decay=0.99999",58,140.9637307407369,0.9305
epsilon-greedy,"zero-init, decay=0.99999",59,183.314206944728,0.908
epsilon-greedy,"zero-init, decay=0.99999",60,179.80383628672485,0.9125
epsilon-greedy,"zero-init, decay=0.99999",61,159.78871686991394,0.9255
epsilon-greedy,"zero-init, decay=0.99999",62,134.9084726554605,0.893
epsilon-greedy,"zero-init, decay=0.99999",63,144.38723238224037,0.917
epsilon-greedy,"zero-init, decay=0.99999",64,143.98590051270614,0.9285
epsilon-greedy,"zero-init, decay=0.99999",65,161.81616970163446,0.92
epsilon-greedy,"zero-init, decay=0.99999",66,152.983049261967,0.9045
epsilon-greedy,"zero-init, decay=0.99999",67,169.70165892482154,0.903
epsilon-greedy,"zero-init, decay=0.99999",68,179.10706151763836,0.9015
epsilon-greedy,"zero-init, decay=0.99999",69,240.07296008763265,0.876
epsilon-greedy,"zero-init, decay=0.99999",70,153.25999525398964,0.903
epsilon-greedy,"zero-init, decay=0.99999",71,179.6745673843173,0.9085
epsilon-greedy,"zero-init, decay=0.99999",72,145.8774509351945,0.9205
epsilon-greedy,"zero-init, decay=0.99999",73,148.8624475099195,0.916
epsilon-greedy,"zero-init, decay=0.99999",74,150.12659947831165,0.9015
epsilon-greedy,"zero-init, decay=0.99999",75,187.13410252617743,0.907
epsilon-greedy,"zero-init, decay=0.99999",76,204.57170305356996,0.89
epsilon-greedy,"zero-init, decay=0.99999",77,153.29353958493652,0.899
epsilon-greedy,"zero-init, decay=0.99999",78,186.45937970316064,0.8605
epsilon-greedy,"zero-init, decay=0.99999",79,139.3886554434489,0.9315
epsilon-greedy,"zero-init, decay=0.99999",80,175.99663200281503,0.895
epsilon-greedy,"zero-init, decay=0.99999",81,176.15527328565472,0.903
epsilon-greedy,"zero-init, decay=0.99999",82,179.56430584444058,0.915
epsilon-greedy,"zero-init, decay=0.99999",83,136.95845980567296,0.907
epsilon-greedy,"zero-init, decay=0.99999",84,139.40006916317316,0.9305
epsilon-greedy,"zero-init, decay=0.99999",85,147.0249206305143,0.917
epsilon-greedy,"zero-init, decay=0.99999",86,166.69309735108476,0.8975
epsilon-greedy,"zero-init, decay=0.99999",87,132.466129320676,0.9155
epsilon-greedy,"zero-init, decay=0.99999",88,177.7010284551174,0.9055
epsilon-greedy,"zero-init, decay=0.99999",89,205.15805065237183,0.842
epsilon-greedy,"zero-init, decay=0.99999",90,151.34775423774522,0.918
epsilon-greedy,"zero-init, decay=0.99999",91,223.19686340369918,0.889
epsilon-greedy,"zero-init, decay=0.99999",92,139.18997935454595,0.924
epsilon-greedy,"zero-init, decay=0.99999",93,164.32394301359827,0.917
epsilon-greedy,"zero-init, decay=0.99999",94,139.27597766108542,0.901
epsilon-greedy,"zero-init, decay=0.99999",95,200.07469862786576,0.893
epsilon-greedy,"zero-init, decay=0.99999",96,199.13811415911957,0.897
epsilon-greedy,"zero-init, decay=0.99999",97,159.05991366511432,0.912
epsilon-greedy,"zero-init, decay=0.99999",98,187.09931122994846,0.901
epsilon-greedy,"zero-init, decay=0.99999",99,200.8387201159195,0.891
epsilon-greedy,"optimistic, constant eps=0.01",0,101.82142999274788,0.944
epsilon-greedy,"optimistic, constant eps=0.01",1,125.78883295025162,0.911
epsilon-greedy,"optimistic, constant eps=0.01",2,123.19783792806922,0.925
epsilon-greedy,"optimistic, constant eps=0.01",3,97.03939993581184,0.9155
epsilon-greedy,"optimistic, constant eps=0.01",4,85.807107937453,0.939
epsilon-greedy,"optimistic, constant eps=0.01",5,107.45283168970428,0.946
epsilon-greedy,"optimistic, constant eps=0.01",6,116.21237504218914,0.9415
epsilon-greedy,"optimistic, constant eps=0.01",7,118.98558185256287,0.9405
epsilon-greedy,"optimistic, constant eps=0.01",8,104.789513823785,0.928
epsilon-greedy,"optimistic, constant eps=0.01",9,104.22362102641262,0.9395
epsilon-greedy,"optimistic, constant eps=0.01",10,133.65682316926444,0.9215
epsilon-greedy,"optimistic, constant eps=0.01",11,103.17535195298541,0.944
epsilon-greedy,"optimistic, constant eps=0.01",12,96.11073037111863,0.9105
epsilon-greedy,"optimistic, constant eps=0.01",13,105.48391772090622,0.9405
epsilon-greedy,"optimistic, constant eps=0.01",14,101.61754683803993,0.9455
epsilon-greedy,"optimistic, constant eps=0.01",15,109.89788003508856,0.944
epsilon-greedy,"optimistic, constant eps=0.01",16,101.87755061372586,0.939
epsilon-greedy,"optimistic, constant eps=0.01",17,114.6397462276642,0.9415
epsilon-greedy,"optimistic, constant eps=0.01",18,105.58069983800797,0.945
epsilon-greedy,"optimistic, constant eps=0.01",19,100.05617691340863,0.9405
epsilon-greedy,"optimistic, constant eps=0.01",20,133.4073139008761,0.935
epsilon-greedy,"optimistic, constant eps=0.01",21,112.30706350658743,0.9385
epsilon-greedy,"optimistic, constant eps=0.01",22,105.52154529385078,0.9375
epsilon-greedy,"optimistic, constant eps=0.01",23,94.6531649829229,0.943
epsilon-greedy,"optimistic, constant eps=0.01",24,162.4756910328795,0.9
epsilon-greedy,"optimistic, constant eps=0.01",25,112.50162928892962,0.9345
epsilon-greedy,"optimistic, constant eps=0.01",26,95.5763677788439,0.948
epsilon-greedy,"optimistic, constant eps=0.01",27,107.56970842600865,0.9475
epsilon-greedy,"optimistic, constant eps=0.01",28,91.57332682149843,0.9455
epsilon-greedy,"optimistic, constant eps=0.01",29,113.89654809821644,0.943
epsilon-greedy,"optimistic, constant eps=0.01",30,101.78025893369782,0.9475
epsilon-greedy,"optimistic, constant eps=0.01",31,109.01499846730641,0.9445
epsilon-greedy,"optimistic, constant eps=0.01",32,102.73924968362655,0.9395
epsilon-greedy,"optimistic, constant eps=0.01",33,120.72662941894085,0.944
epsilon-greedy,"optimistic, constant eps=0.01",34,106.28007725617077,0.9465
epsilon-greedy,"optimistic, constant eps=0.01",35,113.18923138817044,0.9425
epsilon-greedy,"optimistic, constant eps=0.01",36,92.62556346088165,0.9155
epsilon-greedy,"optimistic, constant eps=0.01",37,100.892761824819,0.9425
epsilon-greedy,"optimistic, constant eps=0.01",38,135.2615319756722,0.9235
epsilon-greedy,"optimistic, constant eps=0.01",39,113.07440015401721,0.932
epsilon-greedy,"optimistic, constant eps=0.01",40,128.90832810678796,0.9325
epsilon-greedy,"optimistic, constant eps=0.01",41,140.87675812046288,0.9205
epsilon-greedy,"optimistic, constant eps=0.01",42,104.92065620204332,0.92
epsilon-greedy,"optimistic, constant eps=0.01",43,102.0967834776752,0.944
epsilon-greedy,"optimistic, constant eps=0.01",44,93.80901038993444,0.9435
epsilon-greedy,"optimistic, constant eps=0.01",45,110.03463387338788,0.9425
epsilon-greedy,"optimistic, constant eps=0.01",46,158.36438485316438,0.9125
epsilon-greedy,"optimistic, constant eps=0.01",47,155.531879641207,0.917
epsilon-greedy,"optimistic, constant eps=0.01",48,94.87667420979089,0.9425
epsilon-greedy,"optimistic, constant eps=0.01",49,106.9973804444116,0.9435
epsilon-greedy,"optimistic, constant eps=0.01",50,107.26320507059967,0.933
epsilon-greedy,"optimistic, constant eps=0.01",51,110.65774225763306,0.946
epsilon-greedy,"optimistic, constant eps=0.01",52,103.28432973905092,0.942
epsilon-greedy,"optimistic, constant eps=0.01",53,107.83111357657275,0.9435
epsilon-greedy,"optimistic, constant eps=0.01",54,121.22844291233561,0.9295
epsilon-greedy,"optimistic, constant eps=0.01",55,105.26364588575237,0.9465
epsilon-greedy,"optimistic, constant eps=0.01",56,108.55471623257434,0.94
epsilon-greedy,"optimistic, constant eps=0.01",57,88.67694338462623,0.9305
epsilon-greedy,"optimistic, constant eps=0.01",58,109.6323907783294,0.937
epsilon-greedy,"optimistic, constant eps=0.01",59,111.2969443834778,0.94
epsilon-greedy,"optimistic, constant eps=0.01",60,110.77642785083655,0.9445
epsilon-greedy,"optimistic, constant eps=0.01",61,110.21308814580033,0.9455
epsilon-greedy,"optimistic, constant eps=0.01",62,191.00240280226112,0.864
epsilon-greedy,"optimistic, constant eps=0.01",63,99.83138324929573,0.9395
epsilon-greedy,"optimistic, constant eps=0.01",64,114.05389848420612,0.9445
epsilon-greedy,"optimistic, constant eps=0.01",65,117.22671624430927,0.944
epsilon-greedy,"optimistic, constant eps=0.01",66,121.10799215397167,0.926
epsilon-greedy,"optimistic, constant eps=0.01",67,105.80060354453414,0.9345
epsilon-greedy,"optimistic, constant eps=0.01",68,101.76270259526228,0.9455
epsilon-greedy,"optimistic, constant eps=0.01",69,122.66396113385692,0.944
epsilon-greedy,"optimistic, constant eps=0.01",70,107.37400825609248,0.927
epsilon-greedy,"optimistic, constant eps=0.01",71,104.62094243176357,0.942
epsilon-greedy,"optimistic, constant eps=0.01",72,122.95610015712288,0.942
epsilon-greedy,"optimistic, constant eps=0.01",73,106.91772511561423,0.9325
epsilon-greedy,"optimistic, constant eps=0.01",74,101.71156356816225,0.9235
epsilon-greedy,"optimistic, constant eps=0.01",75,113.29438681271532,0.9405
epsilon-greedy,"optimistic, constant eps=0.01",76,108.6767552160115,0.942
epsilon-greedy,"optimistic, constant eps=0.01",77,103.1430315006305,0.923
epsilon-greedy,"optimistic, constant eps=0.01",78,109.34231730260156,0.9035
epsilon-greedy,"optimistic, constant eps=0.01",79,126.94057442859324,0.9375
epsilon-greedy,"optimistic, constant eps=0.01",80,101.04120864300371,0.932
epsilon-greedy,"optimistic, constant eps=0.01",81,111.14693771542012,0.934
epsilon-greedy,"optimistic, constant eps=0.01",82,110.22709940803836,0.9465
epsilon-greedy,"optimistic, constant eps=0.01",83,100.07118680215271,0.928
epsilon-greedy,"optimistic, constant eps=0.01",84,109.71888299934264,0.9455
epsilon-greedy,"optimistic, constant eps=0.01",85,106.77604335492663,0.9415
epsilon-greedy,"optimistic, constant eps=0.01",86,143.2670075366422,0.917
epsilon-greedy,"optimistic, constant eps=0.01",87,116.1276561105379,0.93
epsilon-greedy,"optimistic, constant eps=0.01",88,103.36334097448237,0.9375
epsilon-greedy,"optimistic, constant eps=0.01",89,110.71863379158121,0.885
epsilon-greedy,"optimistic, constant eps=0.01",90,123.73577805817419,0.931
epsilon-greedy,"optimistic, constant eps=0.01",91,111.28439416759672,0.945
epsilon-greedy,"optimistic, constant eps=0.01",92,103.6267870954226,0.947
epsilon-greedy,"optimistic, constant eps=0.01",93,104.06757008123472,0.947
epsilon-greedy,"optimistic, constant eps=0.01",94,128.88020325015495,0.91
epsilon-greedy,"optimistic, constant eps=0.01",95,147.05940973931183,0.9115
epsilon-greedy,"optimistic, constant eps=0.01",96,109.87914549321022,0.9415
epsilon-greedy,"optimistic, constant eps=0.01",97,150.48921310547865,0.918
epsilon-greedy,"optimistic, constant eps=0.01",98,109.10896467727058,0.9345
epsilon-greedy,"optimistic, constant eps=0.01",99,102.31575912774039,0.9405
epsilon-greedy,"optimistic, constant eps=0.03",0,119.33964485017317,0.937
epsilon-greedy,"optimistic, constant eps=0.03",1,149.52438652777488,0.902
epsilon-greedy,"optimistic, constant eps=0.03",2,137.50980071784417,0.918
epsilon-greedy,"optimistic, constant eps=0.03",3,118.24119016204753,0.908
epsilon-greedy,"optimistic, constant eps=0.03",4,103.54480829340115,0.933
epsilon-greedy,"optimistic, constant eps=0.03",5,124.79090041802576,0.9385
epsilon-greedy,"optimistic, constant eps=0.03",6,129.4631909954669,0.933
epsilon-greedy,"optimistic, constant eps=0.03",7,140.01448421002547,0.932
epsilon-greedy,"optimistic, constant eps=0.03",8,117.51665565231993,0.92
epsilon-greedy,"optimistic, constant eps=0.03",9,119.93098352733203,0.93
epsilon-greedy,"optimistic, constant eps=0.03",10,121.95735852313585,0.9265
epsilon-greedy,"optimistic, constant eps=0.03",11,132.68147592604552,0.9285
epsilon-greedy,"optimistic, constant eps=0.03",12,139.37160131850928,0.888
epsilon-greedy,"optimistic, constant eps=0.03",13,133.09833539990606,0.928
epsilon-greedy,"optimistic, constant eps=0.03",14,118.38492832230611,0.9355
epsilon-greedy,"optimistic, constant eps=0.03",15,121.19991063846285,0.936
epsilon-greedy,"optimistic, constant eps=0.03",16,118.09781803456866,0.931
epsilon-greedy,"optimistic, constant eps=0.03",17,134.82537985210388,0.931
epsilon-greedy,"optimistic, constant eps=0.03",18,122.39390676356936,0.9375
epsilon-greedy,"optimistic, constant eps=0.03",19,122.55164289125653,0.93
epsilon-greedy,"optimistic, constant eps=0.03",20,130.5980230205482,0.929
epsilon-greedy,"optimistic, constant eps=0.03",21,126.50394212631556,0.9315
epsilon-greedy,"optimistic, constant eps=0.03",22,117.26366470031019,0.93
epsilon-greedy,"optimistic, constant eps=0.03",23,108.30180082942692,0.934
epsilon-greedy,"optimistic, constant eps=0.03",24,174.80336131613194,0.892
epsilon-greedy,"optimistic, constant eps=0.03",25,140.37925068226332,0.9215
epsilon-greedy,"optimistic, constant eps=0.03",26,118.08854352003252,0.934
epsilon-greedy,"optimistic, constant eps=0.03",27,126.81497128563615,0.9355
epsilon-greedy,"optimistic, constant eps=0.03",28,110.48278582496987,0.94
epsilon-greedy,"optimistic, constant eps=0.03",29,154.572520862382,0.9165
epsilon-greedy,"optimistic, constant eps=0.03",30,125.48596308666653,0.935
epsilon-greedy,"optimistic, constant eps=0.03",31,122.83003245745805,0.936
epsilon-greedy,"optimistic, constant eps=0.03",32,112.25444380778771,0.935
epsilon-greedy,"optimistic, constant eps=0.03",33,125.87860885626,0.937
epsilon-greedy,"optimistic, constant eps=0.03",34,121.34723236913337,0.937
epsilon-greedy,"optimistic, constant eps=0.03",35,144.28714904780819,0.93
epsilon-greedy,"optimistic, constant eps=0.03",36,111.41469408103211,0.9045
epsilon-greedy,"optimistic, constant eps=0.03",37,118.37204490011399,0.9355
epsilon-greedy,"optimistic, constant eps=0.03",38,153.51749542505434,0.914
epsilon-greedy,"optimistic, constant eps=0.03",39,131.02009521592763,0.9225
epsilon-greedy,"optimistic, constant eps=0.03",40,136.28112432078927,0.929
epsilon-greedy,"optimistic, constant eps=0.03",41,112.82861409096441,0.9315
epsilon-greedy,"optimistic, constant eps=0.03",42,122.20576603373316,0.912
epsilon-greedy,"optimistic, constant eps=0.03",43,124.75278917717179,0.9315
epsilon-greedy,"optimistic, constant eps=0.03",44,114.09617941815634,0.932
epsilon-greedy,"optimistic, constant eps=0.03",45,129.80705970599172,0.9335
epsilon-greedy,"optimistic, constant eps=0.03",46,127.14153020238335,0.93
epsilon-greedy,"optimistic, constant eps=0.03",47,138.6660906434396,0.9285
epsilon-greedy,"optimistic, constant eps=0.03",48,126.08703855632949,0.929
epsilon-greedy,"optimistic, constant eps=0.03",49,126.43398396850709,0.9345
epsilon-greedy,"optimistic, constant eps=0.03",50,128.66247737573477,0.92
epsilon-greedy,"optimistic, constant eps=0.03",51,132.39294382051534,0.936
epsilon-greedy,"optimistic, constant eps=0.03",52,121.7994087710719,0.9325
epsilon-greedy,"optimistic, constant eps=0.03",53,139.088522887823,0.9315
epsilon-greedy,"optimistic, constant eps=0.03",54,145.44104687859047,0.9245
epsilon-greedy,"optimistic, constant eps=0.03",55,127.76535745610596,0.9365
epsilon-greedy,"optimistic, constant eps=0.03",56,126.26462884060179,0.932
epsilon-greedy,"optimistic, constant eps=0.03",57,109.90445414906267,0.919
epsilon-greedy,"optimistic, constant eps=0.03",58,125.30240733308962,0.927
epsilon-greedy,"optimistic, constant eps=0.03",59,129.1487943729031,0.931
epsilon-greedy,"optimistic, constant eps=0.03",60,132.55852092139958,0.934
epsilon-greedy,"optimistic, constant eps=0.03",61,120.70465826201884,0.9375
epsilon-greedy,"optimistic, constant eps=0.03",62,221.75709298802863,0.851
epsilon-greedy,"optimistic, constant eps=0.03",63,120.03746557041623,0.9345
epsilon-greedy,"optimistic, constant eps=0.03",64,130.60506694617595,0.933
epsilon-greedy,"optimistic, constant eps=0.03",65,125.99405402831168,0.936
epsilon-greedy,"optimistic, constant eps=0.03",66,120.31192218518284,0.921
epsilon-greedy,"optimistic, constant eps=0.03",67,129.13848774389754,0.9245
epsilon-greedy,"optimistic, constant eps=0.03",68,121.77697464042822,0.937
epsilon-greedy,"optimistic, constant eps=0.03",69,134.27906659065712,0.936
epsilon-greedy,"optimistic, constant eps=0.03",70,120.75272623925655,0.924
epsilon-greedy,"optimistic, constant eps=0.03",71,153.7549161920109,0.9135
epsilon-greedy,"optimistic, constant eps=0.03",72,135.33357626862744,0.935
epsilon-greedy,"optimistic, constant eps=0.03",73,125.49429648135306,0.923
epsilon-greedy,"optimistic, constant eps=0.03",74,124.46225118969615,0.9135
epsilon-greedy,"optimistic, constant eps=0.03",75,122.7006679358204,0.9345
epsilon-greedy,"optimistic, constant eps=0.03",76,130.28039864430286,0.9285
epsilon-greedy,"optimistic, constant eps=0.03",77,122.49069209685148,0.916
epsilon-greedy,"optimistic, constant eps=0.03",78,120.9336813627525,0.899
epsilon-greedy,"optimistic, constant eps=0.03",79,147.67716148705532,0.9265
epsilon-greedy,"optimistic, constant eps=0.03",80,121.27370111088776,0.919
epsilon-greedy,"optimistic, constant eps=0.03",81,130.9954552353439,0.923
epsilon-greedy,"optimistic, constant eps=0.03",82,134.89363286919388,0.9395
epsilon-greedy,"optimistic, constant eps=0.03",83,111.03911151845242,0.9225
epsilon-greedy,"optimistic, constant eps=0.03",84,118.31228109993643,0.936
epsilon-greedy,"optimistic, constant eps=0.03",85,124.85907317323088,0.9305
epsilon-greedy,"optimistic, constant eps=0.03",86,157.63207234949888,0.9085
epsilon-greedy,"optimistic, constant eps=0.03",87,133.93587699811224,0.919
epsilon-greedy,"optimistic, constant eps=0.03",88,122.50970265633804,0.93
epsilon-greedy,"optimistic, constant eps=0.03",89,142.97351180454564,0.865
epsilon-greedy,"optimistic, constant eps=0.03",90,136.93515404027966,0.9215
epsilon-greedy,"optimistic, constant eps=0.03",91,127.37080468218204,0.938
epsilon-greedy,"optimistic, constant eps=0.03",92,119.48757605158151,0.939
epsilon-greedy,"optimistic, constant eps=0.03",93,122.47414420847292,0.9345
epsilon-greedy,"optimistic, constant eps=0.03",94,149.5203687642148,0.9
epsilon-greedy,"optimistic, constant eps=0.03",95,167.07743548636682,0.8975
epsilon-greedy,"optimistic, constant eps=0.03",96,136.39182547072474,0.9255
epsilon-greedy,"optimistic, constant eps=0.03",97,184.73800135786223,0.901
epsilon-greedy,"optimistic, constant eps=0.03",98,125.13688624990404,0.9275
epsilon-greedy,"optimistic, constant eps=0.03",99,129.05896998234908,0.9215
epsilon-greedy,"optimistic, constant eps=0.1",0,180.6580372621947,0.9085
epsilon-greedy,"optimistic, constant eps=0.1",1,172.6696210748605,0.893
epsilon-greedy,"optimistic, constant eps=0.1",2,185.49029891459082,0.896
epsilon-greedy,"optimistic, constant eps=0.1",3,202.61188446125786,0.8645
epsilon-greedy,"optimistic, constant eps=0.1",4,175.1294855126574,0.8915
epsilon-greedy,"optimistic, constant eps=0.1",5,203.08417531663414,0.9035
epsilon-greedy,"optimistic, constant eps=0.1",6,189.66074654840483,0.9115
epsilon-greedy,"optimistic, constant eps=0.1",7,214.167519477943,0.8935
epsilon-greedy,"optimistic, constant eps=0.1",8,188.03724822310502,0.8835
epsilon-greedy,"optimistic, constant eps=0.1",9,179.43690434230624,0.9015
epsilon-greedy,"optimistic, constant eps=0.1",10,202.08171567941156,0.881
epsilon-greedy,"optimistic, constant eps=0.1",11,219.07212042958813,0.888
epsilon-greedy,"optimistic, constant eps=0.1",12,179.8751098637055,0.8625
epsilon-greedy,"optimistic, constant eps=0.1",13,191.93500339184706,0.8975
epsilon-greedy,"optimistic, constant eps=0.1",14,191.2180702096754,0.896
epsilon-greedy,"optimistic, constant eps=0.1",15,187.12655561218932,0.9045
epsilon-greedy,"optimistic, constant eps=0.1",16,175.95535835481735,0.903
epsilon-greedy,"optimistic, constant eps=0.1",17,214.79816465567603,0.889
epsilon-greedy,"optimistic, constant eps=0.1",18,187.0024531566145,0.9025
epsilon-greedy,"optimistic, constant eps=0.1",19,178.73294574197482,0.8995
epsilon-greedy,"optimistic, constant eps=0.1",20,213.38236800001272,0.887
epsilon-greedy,"optimistic, constant eps=0.1",21,190.2997085337925,0.8925
epsilon-greedy,"optimistic, constant eps=0.1",22,173.05709592880115,0.9
epsilon-greedy,"optimistic, constant eps=0.1",23,171.1567217420953,0.9055
epsilon-greedy,"optimistic, constant eps=0.1",24,226.46272312427524,0.868
epsilon-greedy,"optimistic, constant eps=0.1",25,199.38780535942487,0.895
epsilon-greedy,"optimistic, constant eps=0.1",26,186.83962956237306,0.9065
epsilon-greedy,"optimistic, constant eps=0.1",27,173.10482576465137,0.914
epsilon-greedy,"optimistic, constant eps=0.1",28,163.72654622154917,0.9075
epsilon-greedy,"optimistic, constant eps=0.1",29,188.5237445127498,0.9025
epsilon-greedy,"optimistic, constant eps=0.1",30,185.11841596576002,0.9025
epsilon-greedy,"optimistic, constant eps=0.1",31,188.31145377254194,0.9005
epsilon-greedy,"optimistic, constant eps=0.1",32,163.52215652424516,0.907
epsilon-greedy,"optimistic, constant eps=0.1",33,197.26752778650177,0.8995
epsilon-greedy,"optimistic, constant eps=0.1",34,182.30646369300354,0.91
epsilon-greedy,"optimistic, constant eps=0.1",35,192.95871173056722,0.9005
epsilon-greedy,"optimistic, constant eps=0.1",36,170.80587834675555,0.8735
epsilon-greedy,"optimistic, constant eps=0.1",37,190.39149449558218,0.9005
epsilon-greedy,"optimistic, constant eps=0.1",38,198.79546203615058,0.8935
epsilon-greedy,"optimistic, constant eps=0.1",39,203.52585052376378,0.886
epsilon-greedy,"optimistic, constant eps=0.1",40,205.87216810710052,0.8865
epsilon-greedy,"optimistic, constant eps=0.1",41,163.94461593496163,0.907
epsilon-greedy,"optimistic, constant eps=0.1",42,183.8581299139507,0.884
epsilon-greedy,"optimistic, constant eps=0.1",43,174.69793337470594,0.904
epsilon-greedy,"optimistic, constant eps=0.1",44,186.60718021007423,0.8995
epsilon-greedy,"optimistic, constant eps=0.1",45,194.8027385293691,0.903
epsilon-greedy,"optimistic, constant eps=0.1",46,214.1117870844087,0.882
epsilon-greedy,"optimistic, constant eps=0.1",47,192.5109142922601,0.8995
epsilon-greedy,"optimistic, constant eps=0.1",48,187.0192758722249,0.8955
epsilon-greedy,"optimistic, constant eps=0.1",49,190.83975585042063,0.899
epsilon-greedy,"optimistic, constant eps=0.1",50,200.61113995753442,0.8895
epsilon-greedy,"optimistic, constant eps=0.1",51,195.35564063130184,0.906
epsilon-greedy,"optimistic, constant eps=0.1",52,200.63454358534776,0.888
epsilon-greedy,"optimistic, constant eps=0.1",53,199.8783736204429,0.8985
epsilon-greedy,"optimistic, constant eps=0.1",54,195.8110328249032,0.8915
epsilon-greedy,"optimistic, constant eps=0.1",55,187.86408013658672,0.904
epsilon-greedy,"optimistic, constant eps=0.1",56,186.21073794345006,0.9015
epsilon-greedy,"optimistic, constant eps=0.1",57,174.53117238791415,0.8925
epsilon-greedy,"optimistic, constant eps=0.1",58,186.15471268703595,0.8975
epsilon-greedy,"optimistic, constant eps=0.1",59,192.74989214396578,0.89
epsilon-greedy,"optimistic, constant eps=0.1",60,216.54077924595458,0.89
epsilon-greedy,"optimistic, constant eps=0.1",61,183.3575478244954,0.913
epsilon-greedy,"optimistic, constant eps=0.1",62,230.91762943249486,0.85
epsilon-greedy,"optimistic, constant eps=0.1",63,176.1072776340586,0.9015
epsilon-greedy,"optimistic, constant eps=0.1",64,179.59025041951438,0.9095
epsilon-greedy,"optimistic, constant eps=0.1",65,203.69003490326332,0.8995
epsilon-greedy,"optimistic, constant eps=0.1",66,184.73325329633857,0.8905
epsilon-greedy,"optimistic, constant eps=0.1",67,201.68158789856275,0.8815
epsilon-greedy,"optimistic, constant eps=0.1",68,185.44028002805345,0.904
epsilon-greedy,"optimistic, constant eps=0.1",69,193.7055940142763,0.908
epsilon-greedy,"optimistic, constant eps=0.1",70,223.41766249107553,0.8675
epsilon-greedy,"optimistic, constant eps=0.1",71,225.64901430547673,0.877
epsilon-greedy,"optimistic, constant eps=0.1",72,198.4044711976918,0.901
epsilon-greedy,"optimistic, constant eps=0.1",73,211.42609773761654,0.884
epsilon-greedy,"optimistic, constant eps=0.1",74,188.01122863211134,0.8835
epsilon-greedy,"optimistic, constant eps=0.1",75,194.98018965103424,0.9005
epsilon-greedy,"optimistic, constant eps=0.1",76,200.11822044786197,0.894
epsilon-greedy,"optimistic, constant eps=0.1",77,183.6102130699881,0.8895
epsilon-greedy,"optimistic, constant eps=0.1",78,168.05543379146826,0.875
epsilon-greedy,"optimistic, constant eps=0.1",79,208.16457411562598,0.8965
epsilon-greedy,"optimistic, constant eps=0.1",80,183.88890193503929,0.8855
epsilon-greedy,"optimistic, constant eps=0.1",81,197.02879111917284,0.8875
epsilon-greedy,"optimistic, constant eps=0.1",82,194.8992512270757,0.9065
epsilon-greedy,"optimistic, constant eps=0.1",83,178.0255572600236,0.8895
epsilon-greedy,"optimistic, constant eps=0.1",84,173.28313982980134,0.9115
epsilon-greedy,"optimistic, constant eps=0.1",85,188.21429672210934,0.902
epsilon-greedy,"optimistic, constant eps=0.1",86,195.63986836538618,0.883
epsilon-greedy,"optimistic, constant eps=0.1",87,221.32058652723103,0.87
epsilon-greedy,"optimistic, constant eps=0.1",88,216.50588767698784,0.8765
epsilon-greedy,"optimistic, constant eps=0.1",89,208.8728434859282,0.837
epsilon-greedy,"optimistic, constant eps=0.1",90,205.32785264442134,0.8885
epsilon-greedy,"optimistic, constant eps=0.1",91,185.34324889763295,0.91
epsilon-greedy,"optimistic, constant eps=0.1",92,179.30445255093443,0.907
epsilon-greedy,"optimistic, constant eps=0.1",93,202.94955948787904,0.899
epsilon-greedy,"optimistic, constant eps=0.1",94,190.0372576706896,0.879
epsilon-greedy,"optimistic, constant eps=0.1",95,238.1410251201248,0.862
epsilon-greedy,"optimistic, constant eps=0.1",96,233.38599195049693,0.8785
epsilon-greedy,"optimistic, constant eps=0.1",97,216.72732038596502,0.8845
epsilon-greedy,"optimistic, constant eps=0.1",98,191.75528202659814,0.8955
epsilon-greedy,"optimistic, constant eps=0.1",99,180.14488460717342,0.8955
epsilon-greedy,"optimistic, constant eps=0.3",0,344.5857023932633,0.8205
epsilon-greedy,"optimistic, constant eps=0.3",1,360.90542597279415,0.7965
epsilon-greedy,"optimistic, constant eps=0.3",2,385.9637831198051,0.792
epsilon-greedy,"optimistic, constant eps=0.3",3,396.2728259294466,0.7705
epsilon-greedy,"optimistic, constant eps=0.3",4,348.1663191046794,0.8045
epsilon-greedy,"optimistic, constant eps=0.3",5,371.2579422515425,0.816
epsilon-greedy,"optimistic, constant eps=0.3",6,343.51483452027264,0.8245
epsilon-greedy,"optimistic, constant eps=0.3",7,420.55122962146885,0.798
epsilon-greedy,"optimistic, constant eps=0.3",8,409.6204279889445,0.773
epsilon-greedy,"optimistic, constant eps=0.3",9,346.62338582928123,0.8245
epsilon-greedy,"optimistic, constant eps=0.3",10,378.00073780651024,0.795
epsilon-greedy,"optimistic, constant eps=0.3",11,456.9794953503226,0.778
epsilon-greedy,"optimistic, constant eps=0.3",12,312.82510602530465,0.798
epsilon-greedy,"optimistic, constant eps=0.3",13,339.71140517049434,0.8255
epsilon-greedy,"optimistic, constant eps=0.3",14,361.22620196223943,0.817
epsilon-greedy,"optimistic, constant eps=0.3",15,369.32961995407055,0.8135
epsilon-greedy,"optimistic, constant eps=0.3",16,367.3351713562009,0.801
epsilon-greedy,"optimistic, constant eps=0.3",17,402.9332008821391,0.793
epsilon-greedy,"optimistic, constant eps=0.3",18,367.93887373948616,0.806
epsilon-greedy,"optimistic, constant eps=0.3",19,355.6904495275798,0.8105
epsilon-greedy,"optimistic, constant eps=0.3",20,418.030896244241,0.7885
epsilon-greedy,"optimistic, constant eps=0.3",21,373.2624961350098,0.8075
epsilon-greedy,"optimistic, constant eps=0.3",22,325.7660734833406,0.8245
epsilon-greedy,"optimistic, constant eps=0.3",23,351.1294696513219,0.8145
epsilon-greedy,"optimistic, constant eps=0.3",24,410.415156660201,0.7755
epsilon-greedy,"optimistic, constant eps=0.3",25,396.92219281446006,0.7815
epsilon-greedy,"optimistic, constant eps=0.3",26,370.8558194818634,0.812
epsilon-greedy,"optimistic, constant eps=0.3",27,343.53058207014857,0.8275
epsilon-greedy,"optimistic, constant eps=0.3",28,340.0731052129381,0.822
epsilon-greedy,"optimistic, constant eps=0.3",29,410.27122452019216,0.7905
epsilon-greedy,"optimistic, constant eps=0.3",30,361.3422300679836,0.819
epsilon-greedy,"optimistic, constant eps=0.3",31,367.11401029224504,0.812
epsilon-greedy,"optimistic, constant eps=0.3",32,337.9925257394071,0.8145
epsilon-greedy,"optimistic, constant eps=0.3",33,397.1406227242285,0.803
epsilon-greedy,"optimistic, constant eps=0.3",34,353.2854645851091,0.8225
epsilon-greedy,"optimistic, constant eps=0.3",35,383.7978581166423,0.8045
epsilon-greedy,"optimistic, constant eps=0.3",36,343.8938979401225,0.793
epsilon-greedy,"optimistic, constant eps=0.3",37,406.3135569881321,0.8005
epsilon-greedy,"optimistic, constant eps=0.3",38,420.635187429017,0.782
epsilon-greedy,"optimistic, constant eps=0.3",39,392.83863629329545,0.7935
epsilon-greedy,"optimistic, constant eps=0.3",40,407.3243504238916,0.788
epsilon-greedy,"optimistic, constant eps=0.3",41,353.00437605631924,0.8145
epsilon-greedy,"optimistic, constant eps=0.3",42,367.871542744232,0.785
epsilon-greedy,"optimistic, constant eps=0.3",43,370.92366297931454,0.8095
epsilon-greedy,"optimistic, constant eps=0.3",44,371.1676388464145,0.802
epsilon-greedy,"optimistic, constant eps=0.3",45,365.48704321692514,0.8115
epsilon-greedy,"optimistic, constant eps=0.3",46,377.53610233044833,0.8055
epsilon-greedy,"optimistic, constant eps=0.3",47,407.72410466138894,0.7905
epsilon-greedy,"optimistic, constant eps=0.3",48,384.27538166066654,0.8
epsilon-greedy,"optimistic, constant eps=0.3",49,394.91368136910404,0.801
epsilon-greedy,"optimistic, constant eps=0.3",50,392.15238283783094,0.799
epsilon-greedy,"optimistic, constant eps=0.3",51,370.29557688261815,0.817
epsilon-greedy,"optimistic, constant eps=0.3",52,398.7313382290133,0.8005
epsilon-greedy,"optimistic, constant eps=0.3",53,381.3342348558828,0.796
epsilon-greedy,"optimistic, constant eps=0.3",54,356.81636925061076,0.8105
epsilon-greedy,"optimistic, constant eps=0.3",55,384.8112534654767,0.8005
epsilon-greedy,"optimistic, constant eps=0.3",56,364.2197606751579,0.8125
epsilon-greedy,"optimistic, constant eps=0.3",57,337.3821180841436,0.8075
epsilon-greedy,"optimistic, constant eps=0.3",58,364.76119763401414,0.8055
epsilon-greedy,"optimistic, constant eps=0.3",59,401.4714507192965,0.793
epsilon-greedy,"optimistic, constant eps=0.3",60,404.7667591358984,0.8045
epsilon-greedy,"optimistic, constant eps=0.3",61,370.2334896186229,0.8235
epsilon-greedy,"optimistic, constant eps=0.3",62,393.80638457156067,0.758
epsilon-greedy,"optimistic, constant eps=0.3",63,375.11428258979146,0.8135
epsilon-greedy,"optimistic, constant eps=0.3",64,351.7869387419029,0.819
epsilon-greedy,"optimistic, constant eps=0.3",65,385.714714962966,0.81
epsilon-greedy,"optimistic, constant eps=0.3",66,347.7703647703715,0.8095
epsilon-greedy,"optimistic, constant eps=0.3",67,401.3816469437643,0.7865
epsilon-greedy,"optimistic, constant eps=0.3",68,371.2251111264786,0.811
epsilon-greedy,"optimistic, constant eps=0.3",69,378.43033370428356,0.8155
epsilon-greedy,"optimistic, constant eps=0.3",70,359.7251230693615,0.7915
epsilon-greedy,"optimistic, constant eps=0.3",71,398.6897038944302,0.799
epsilon-greedy,"optimistic, constant eps=0.3",72,373.50544518653186,0.8035
epsilon-greedy,"optimistic, constant eps=0.3",73,381.6150172397361,0.8065
epsilon-greedy,"optimistic, constant eps=0.3",74,357.9389788888416,0.799
epsilon-greedy,"optimistic, constant eps=0.3",75,350.68267534221644,0.831
epsilon-greedy,"optimistic, constant eps=0.3",76,387.27945772713105,0.8055
epsilon-greedy,"optimistic, constant eps=0.3",77,357.6941203189709,0.8015
epsilon-greedy,"optimistic, constant eps=0.3",78,332.4619443994871,0.79
epsilon-greedy,"optimistic, constant eps=0.3",79,369.09861425689184,0.8115
epsilon-greedy,"optimistic, constant eps=0.3",80,381.3553778819001,0.793
epsilon-greedy,"optimistic, constant eps=0.3",81,388.34322714825055,0.8035
epsilon-greedy,"optimistic, constant eps=0.3",82,371.21028885881134,0.8145
epsilon-greedy,"optimistic, constant eps=0.3",83,411.23032107068207,0.7675
epsilon-greedy,"optimistic, constant eps=0.3",84,357.6577375662944,0.827
epsilon-greedy,"optimistic, constant eps=0.3",85,328.06388591030725,0.8365
epsilon-greedy,"optimistic, constant eps=0.3",86,356.86180924218075,0.8155
epsilon-greedy,"optimistic, constant eps=0.3",87,363.5160442444466,0.807
epsilon-greedy,"optimistic, constant eps=0.3",88,384.03727668053375,0.793
epsilon-greedy,"optimistic, constant eps=0.3",89,379.34163001682276,0.7525
epsilon-greedy,"optimistic, constant eps=0.3",90,393.4693620150886,0.791
epsilon-greedy,"optimistic, constant eps=0.3",91,371.14811191537603,0.82
epsilon-greedy,"optimistic, constant eps=0.3",92,380.0287195252278,0.7955
epsilon-greedy,"optimistic, constant eps=0.3",93,391.1818291083229,0.805
epsilon-greedy,"optimistic, constant eps=0.3",94,344.99132768367,0.795
epsilon-greedy,"optimistic, constant eps=0.3",95,397.34837409407646,0.7805
epsilon-greedy,"optimistic, constant eps=0.3",96,363.1339423275061,0.8145
epsilon-greedy,"optimistic, constant eps=0.3",97,368.1230093744221,0.8065
epsilon-greedy,"optimistic, constant eps=0.3",98,379.5157144425508,0.798
epsilon-greedy,"optimistic, constant eps=0.3",99,356.531006566792,0.8135
epsilon-greedy,"optimistic, decay=0.9",0,92.83309255869764,0.949
epsilon-greedy,"optimistic, decay=0.9",1,90.26146397767585,0.934
epsilon-greedy,"optimistic, decay=0.9",2,108.81780932111958,0.9365
epsilon-greedy,"optimistic, decay=0.9",3,91.49799620013968,0.921
epsilon-greedy,"optimistic, decay=0.9",4,83.15582494385255,0.941
epsilon-greedy,"optimistic, decay=0.9",5,99.12506702917432,0.95
epsilon-greedy,"optimistic, decay=0.9",6,105.10892227023237,0.947
epsilon-greedy,"optimistic, decay=0.9",7,104.76779713137246,0.9465
epsilon-greedy,"optimistic, decay=0.9",8,94.90870589040574,0.933
epsilon-greedy,"optimistic, decay=0.9",9,96.27109793762206,0.9435
epsilon-greedy,"optimistic, decay=0.9",10,101.57080921352666,0.9375
epsilon-greedy,"optimistic, decay=0.9",11,95.38456054601546,0.948
epsilon-greedy,"optimistic, decay=0.9",12,81.14826506565592,0.9135
epsilon-greedy,"optimistic, decay=0.9",13,93.76044221311034,0.9445
epsilon-greedy,"optimistic, decay=0.9",14,91.96156259770646,0.949
epsilon-greedy,"optimistic, decay=0.9",15,93.20998479707762,0.9495
epsilon-greedy,"optimistic, decay=0.9",16,94.68163210070918,0.9445
epsilon-greedy,"optimistic, decay=0.9",17,110.40080339229013,0.9435
epsilon-greedy,"optimistic, decay=0.9",18,96.15387461782242,0.9505
epsilon-greedy,"optimistic, decay=0.9",19,94.46270336273182,0.944
epsilon-greedy,"optimistic, decay=0.9",20,104.07735367045171,0.947
epsilon-greedy,"optimistic, decay=0.9",21,100.10758291414602,0.945
epsilon-greedy,"optimistic, decay=0.9",22,97.09942009644699,0.942
epsilon-greedy,"optimistic, decay=0.9",23,87.29434791018703,0.947
epsilon-greedy,"optimistic, decay=0.9",24,219.99120004801478,0.8755
epsilon-greedy,"optimistic, decay=0.9",25,101.92282129543867,0.9405
epsilon-greedy,"optimistic, decay=0.9",26,90.7515766658149,0.95
epsilon-greedy,"optimistic, decay=0.9",27,101.89233715780834,0.9505
epsilon-greedy,"optimistic, decay=0.9",28,86.16595218621207,0.9475
epsilon-greedy,"optimistic, decay=0.9",29,131.40834850061208,0.935
epsilon-greedy,"optimistic, decay=0.9",30,96.95873335372785,0.9495
epsilon-greedy,"optimistic, decay=0.9",31,102.29332746111383,0.948
epsilon-greedy,"optimistic, decay=0.9",32,98.45804128271415,0.9385
epsilon-greedy,"optimistic, decay=0.9",33,109.49023504468147,0.949
epsilon-greedy,"optimistic, decay=0.9",34,98.94598117748619,0.949
epsilon-greedy,"optimistic, decay=0.9",35,104.35688124532756,0.947
epsilon-greedy,"optimistic, decay=0.9",36,80.77198768259562,0.9195
epsilon-greedy,"optimistic, decay=0.9",37,109.86141390907511,0.9415
epsilon-greedy,"optimistic, decay=0.9",38,96.76760702242349,0.941
epsilon-greedy,"optimistic, decay=0.9",39,103.13383975184306,0.9355
epsilon-greedy,"optimistic, decay=0.9",40,121.32360601819414,0.9355
epsilon-greedy,"optimistic, decay=0.9",41,93.19873633341918,0.9455
epsilon-greedy,"optimistic, decay=0.9",42,97.0583001689824,0.925
epsilon-greedy,"optimistic, decay=0.9",43,92.99993029789684,0.9475
epsilon-greedy,"optimistic, decay=0.9",44,95.65107892853746,0.9475
epsilon-greedy,"optimistic, decay=0.9",45,96.03580017744295,0.948
epsilon-greedy,"optimistic, decay=0.9",46,148.27467999729004,0.9155
epsilon-greedy,"optimistic, decay=0.9",47,143.62476611688055,0.925
epsilon-greedy,"optimistic, decay=0.9",48,90.08568816460917,0.9445
epsilon-greedy,"optimistic, decay=0.9",49,103.67786279676112,0.946
epsilon-greedy,"optimistic, decay=0.9",50,92.75884922916256,0.9415
epsilon-greedy,"optimistic, decay=0.9",51,103.27209352299016,0.9495
epsilon-greedy,"optimistic, decay=0.9",52,91.8205399726399,0.948
epsilon-greedy,"optimistic, decay=0.9",53,101.02234602969203,0.947
epsilon-greedy,"optimistic, decay=0.9",54,108.51140687597835,0.9365
epsilon-greedy,"optimistic, decay=0.9",55,96.1138282609695,0.95
epsilon-greedy,"optimistic, decay=0.9",56,92.28045140009446,0.945
epsilon-greedy,"optimistic, decay=0.9",57,80.21378925213965,0.9345
epsilon-greedy,"optimistic, decay=0.9",58,136.2764171011106,0.9235
epsilon-greedy,"optimistic, decay=0.9",59,94.32739814469117,0.9485
epsilon-greedy,"optimistic, decay=0.9",60,100.55449164313285,0.9505
epsilon-greedy,"optimistic, decay=0.9",61,104.09669061881299,0.9485
epsilon-greedy,"optimistic, decay=0.9",62,184.1425132067831,0.869
epsilon-greedy,"optimistic, decay=0.9",63,89.55266866939306,0.944
epsilon-greedy,"optimistic, decay=0.9",64,103.71191451470001,0.95
epsilon-greedy,"optimistic, decay=0.9",65,97.51124424560102,0.9495
epsilon-greedy,"optimistic, decay=0.9",66,108.42124457039004,0.928
epsilon-greedy,"optimistic, decay=0.9",67,97.98950711269424,0.939
epsilon-greedy,"optimistic, decay=0.9",68,97.851180509951,0.9485
epsilon-greedy,"optimistic, decay=0.9",69,116.60497639649802,0.9475
epsilon-greedy,"optimistic, decay=0.9",70,98.5855083405018,0.932
epsilon-greedy,"optimistic, decay=0.9",71,98.44400620785595,0.945
epsilon-greedy,"optimistic, decay=0.9",72,106.03322565368507,0.947
epsilon-greedy,"optimistic, decay=0.9",73,97.94521340040595,0.9365
epsilon-greedy,"optimistic, decay=0.9",74,92.90583347816799,0.9295
epsilon-greedy,"optimistic, decay=0.9",75,102.91655591381505,0.9485
epsilon-greedy,"optimistic, decay=0.9",76,100.80848566299444,0.9455
epsilon-greedy,"optimistic, decay=0.9",77,95.87228823304373,0.9285
epsilon-greedy,"optimistic, decay=0.9",78,149.56532793813344,0.877
epsilon-greedy,"optimistic, decay=0.9",79,119.63343771923708,0.9405
epsilon-greedy,"optimistic, decay=0.9",80,91.62595156152491,0.934
epsilon-greedy,"optimistic, decay=0.9",81,98.67728528173174,0.9395
epsilon-greedy,"optimistic, decay=0.9",82,100.43072490328109,0.949
epsilon-greedy,"optimistic, decay=0.9",83,87.8346219925634,0.9335
epsilon-greedy,"optimistic, decay=0.9",84,101.323412167137,0.948
epsilon-greedy,"optimistic, decay=0.9",85,98.89629120013012,0.9455
epsilon-greedy,"optimistic, decay=0.9",86,96.28206793236549,0.938
epsilon-greedy,"optimistic, decay=0.9",87,102.70256103144884,0.9355
epsilon-greedy,"optimistic, decay=0.9",88,94.51029103990916,0.9425
epsilon-greedy,"optimistic, decay=0.9",89,142.4263935119908,0.8675
epsilon-greedy,"optimistic, decay=0.9",90,115.0687321699781,0.9375
epsilon-greedy,"optimistic, decay=0.9",91,103.8173738471274,0.9505
epsilon-greedy,"optimistic, decay=0.9",92,94.85494895425968,0.9515
epsilon-greedy,"optimistic, decay=0.9",93,95.48844600035268,0.9505
epsilon-greedy,"optimistic, decay=0.9",94,91.79026681369882,0.927
epsilon-greedy,"optimistic, decay=0.9",95,108.68975000478345,0.929
epsilon-greedy,"optimistic, decay=0.9",96,110.24247834820265,0.9405
epsilon-greedy,"optimistic, decay=0.9",97,136.4970660919302,0.9255
epsilon-greedy,"optimistic, decay=0.9",98,99.2442917059946,0.9395
epsilon-greedy,"optimistic, decay=0.9",99,95.36402207206082,0.944
epsilon-greedy,"optimistic, decay=0.95",0,92.83309255869764,0.949
epsilon-greedy,"optimistic, decay=0.95",1,90.26146397767585,0.934
epsilon-greedy,"optimistic, decay=0.95",2,108.81780932111958,0.9365
epsilon-greedy,"optimistic, decay=0.95",3,91.49799620013968,0.921
epsilon-greedy,"optimistic, decay=0.95",4,83.15582494385256,0.941
epsilon-greedy,"optimistic, decay=0.95",5,99.12506702917432,0.95
epsilon-greedy,"optimistic, decay=0.95",6,105.52819139848128,0.947
epsilon-greedy,"optimistic, decay=0.95",7,104.76779713137246,0.9465
epsilon-greedy,"optimistic, decay=0.95",8,95.48118141547607,0.9325
epsilon-greedy,"optimistic, decay=0.95",9,96.27109793762206,0.9435
epsilon-greedy,"optimistic, decay=0.95",10,101.57080921352666,0.9375
epsilon-greedy,"optimistic, decay=0.95",11,95.5951679258449,0.948
epsilon-greedy,"optimistic, decay=0.95",12,99.83049857403813,0.904
epsilon-greedy,"optimistic, decay=0.95",13,98.87920969985319,0.9445
epsilon-greedy,"optimistic, decay=0.95",14,91.96156259770646,0.949
epsilon-greedy,"optimistic, decay=0.95",15,93.20998479707762,0.9495
epsilon-greedy,"optimistic, decay=0.95",16,94.58385961250963,0.9425
epsilon-greedy,"optimistic, decay=0.95",17,110.40080339229013,0.9435
epsilon-greedy,"optimistic, decay=0.95",18,96.01275172166606,0.9505
epsilon-greedy,"optimistic, decay=0.95",19,94.64985913958206,0.944
epsilon-greedy,"optimistic, decay=0.95",20,104.07735367045171,0.947
epsilon-greedy,"optimistic, decay=0.95",21,100.10758291414602,0.945
epsilon-greedy,"optimistic, decay=0.95",22,97.12506659523778,0.942
epsilon-greedy,"optimistic, decay=0.95",23,87.8039609155513,0.947
epsilon-greedy,"optimistic, decay=0.95",24,219.99120004801478,0.8755
epsilon-greedy,"optimistic, decay=0.95",25,101.92282129543867,0.9405
epsilon-greedy,"optimistic, decay=0.95",26,89.8580550878154,0.9495
epsilon-greedy,"optimistic, decay=0.95",27,101.89233715780834,0.9505
epsilon-greedy,"optimistic, decay=0.95",28,86.6848101970158,0.9475
epsilon-greedy,"optimistic, decay=0.95",29,131.40834850061208,0.935
epsilon-greedy,"optimistic, decay=0.95",30,96.42446766791382,0.9495
epsilon-greedy,"optimistic, decay=0.95",31,102.17328968401439,0.948
epsilon-greedy,"optimistic, decay=0.95",32,98.087651556554,0.9385
epsilon-greedy,"optimistic, decay=0.95",33,108.14662134117718,0.949
epsilon-greedy,"optimistic, decay=0.95",34,98.94598117748619,0.949
epsilon-greedy,"optimistic, decay=0.95",35,104.35688124532756,0.947
epsilon-greedy,"optimistic, decay=0.95",36,80.77198768259562,0.9195
epsilon-greedy,"optimistic, decay=0.95",37,109.86141390907511,0.9415
epsilon-greedy,"optimistic, decay=0.95",38,127.41943160991416,0.9275
epsilon-greedy,"optimistic, decay=0.95",39,103.13383975184306,0.9355
epsilon-greedy,"optimistic, decay=0.95",40,121.32360601819414,0.9355
epsilon-greedy,"optimistic, decay=0.95",41,93.19873633341918,0.9455
epsilon-greedy,"optimistic, decay=0.95",42,97.0583001689824,0.925
epsilon-greedy,"optimistic, decay=0.95",43,92.99993029789684,0.9475
epsilon-greedy,"optimistic, decay=0.95",44,94.90512288009964,0.9475
epsilon-greedy,"optimistic, decay=0.95",45,156.9488993463652,0.9265
epsilon-greedy,"optimistic, decay=0.95",46,148.27467999729004,0.9155
epsilon-greedy,"optimistic, decay=0.95",47,143.62476611688055,0.925
epsilon-greedy,"optimistic, decay=0.95",48,94.63556098764892,0.944
epsilon-greedy,"optimistic, decay=0.95",49,103.86492717407984,0.9455
epsilon-greedy,"optimistic, decay=0.95",50,92.75884922916256,0.9415
epsilon-greedy,"optimistic, decay=0.95",51,103.27209352299016,0.9495
epsilon-greedy,"optimistic, decay=0.95",52,94.26640857183583,0.948
epsilon-greedy,"optimistic, decay=0.95",53,101.2529796128975,0.947
epsilon-greedy,"optimistic, decay=0.95",54,108.93950160112189,0.9365
epsilon-greedy,"optimistic, decay=0.95",55,96.1138282609695,0.95
epsilon-greedy,"optimistic, decay=0.95",56,92.19870701025788,0.945
epsilon-greedy,"optimistic, decay=0.95",57,80.21378925213965,0.9345
epsilon-greedy,"optimistic, decay=0.95",58,104.23772039767245,0.938
epsilon-greedy,"optimistic, decay=0.95",59,93.99389976310356,0.9485
epsilon-greedy,"optimistic, decay=0.95",60,100.55449164313285,0.9505
epsilon-greedy,"optimistic, decay=0.95",61,104.09669061881299,0.9485
epsilon-greedy,"optimistic, decay=0.95",62,184.1425132067831,0.869
epsilon-greedy,"optimistic, decay=0.95",63,89.5244390611544,0.944
epsilon-greedy,"optimistic, decay=0.95",64,105.42040478737195,0.9495
epsilon-greedy,"optimistic, decay=0.95",65,97.51124424560102,0.9495
epsilon-greedy,"optimistic, decay=0.95",66,108.42124457039004,0.928
epsilon-greedy,"optimistic, decay=0.95",67,97.98950711269424,0.939
epsilon-greedy,"optimistic, decay=0.95",68,96.0971509361348,0.9485
epsilon-greedy,"optimistic, decay=0.95",69,116.60497639649802,0.9475
epsilon-greedy,"optimistic, decay=0.95",70,94.94633074259531,0.933
epsilon-greedy,"optimistic, decay=0.95",71,98.26172164198144,0.945
epsilon-greedy,"optimistic, decay=0.95",72,106.03322565368507,0.947
epsilon-greedy,"optimistic, decay=0.95",73,99.15596907412677,0.9365
epsilon-greedy,"optimistic, decay=0.95",74,92.90583347816799,0.9295
epsilon-greedy,"optimistic, decay=0.95",75,103.00507908869321,0.9485
epsilon-greedy,"optimistic, decay=0.95",76,100.80848566299444,0.9455
epsilon-greedy,"optimistic, decay=0.95",77,95.87228823304373,0.9285
epsilon-greedy,"optimistic, decay=0.95",78,149.56532793813344,0.877
epsilon-greedy,"optimistic, decay=0.95",79,119.63343771923708,0.9405
epsilon-greedy,"optimistic, decay=0.95",80,98.12693031523851,0.9325
epsilon-greedy,"optimistic, decay=0.95",81,98.67728528173174,0.9395
epsilon-greedy,"optimistic, decay=0.95",82,100.43072490328109,0.949
epsilon-greedy,"optimistic, decay=0.95",83,87.8346219925634,0.9335
epsilon-greedy,"optimistic, decay=0.95",84,101.323412167137,0.948
epsilon-greedy,"optimistic, decay=0.95",85,98.89629120013012,0.9455
epsilon-greedy,"optimistic, decay=0.95",86,134.8205048388833,0.921
epsilon-greedy,"optimistic, decay=0.95",87,102.70256103144884,0.9355
epsilon-greedy,"optimistic, decay=0.95",88,94.51029103990916,0.9425
epsilon-greedy,"optimistic, decay=0.95",89,76.11689063441976,0.902
epsilon-greedy,"optimistic, decay=0.95",90,115.0687321699781,0.9375
epsilon-greedy,"optimistic, decay=0.95",91,104.03911966679455,0.9505
epsilon-greedy,"optimistic, decay=0.95",92,94.85494895425968,0.9515
epsilon-greedy,"optimistic, decay=0.95",93,95.48844600035268,0.9505
epsilon-greedy,"optimistic, decay=0.95",94,91.79026681369882,0.927
epsilon-greedy,"optimistic, decay=0.95",95,109.18644845973456,0.929
epsilon-greedy,"optimistic, decay=0.95",96,110.19691397599443,0.9405
epsilon-greedy,"optimistic, decay=0.95",97,136.4970660919302,0.9255
epsilon-greedy,"optimistic, decay=0.95",98,99.2442917059946,0.9395
epsilon-greedy,"optimistic, decay=0.95",99,92.66219926298662,0.944
epsilon-greedy,"optimistic, decay=0.99",0,103.23436947196505,0.9485
epsilon-greedy,"optimistic, decay=0.99",1,114.26467365974443,0.9165
epsilon-greedy,"optimistic, decay=0.99",2,114.91884444427336,0.9315
epsilon-greedy,"optimistic, decay=0.99",3,90.47583117328634,0.9215
epsilon-greedy,"optimistic, decay=0.99",4,82.56854484507896,0.9405
epsilon-greedy,"optimistic, decay=0.99",5,99.79950144693181,0.9495
epsilon-greedy,"optimistic, decay=0.99",6,105.58764385384652,0.944
epsilon-greedy,"optimistic, decay=0.99",7,110.6558899271162,0.9455
epsilon-greedy,"optimistic, decay=0.99",8,92.75044077509374,0.937
epsilon-greedy,"optimistic, decay=0.99",9,104.76868728256483,0.943
epsilon-greedy,"optimistic, decay=0.99",10,99.79807684965544,0.939
epsilon-greedy,"optimistic, decay=0.99",11,98.2205755238326,0.947
epsilon-greedy,"optimistic, decay=0.99",12,114.83437774790866,0.8985
epsilon-greedy,"optimistic, decay=0.99",13,102.27257335359275,0.944
epsilon-greedy,"optimistic, decay=0.99",14,96.59737334141215,0.9475
epsilon-greedy,"optimistic, decay=0.99",15,101.95734673840562,0.9475
epsilon-greedy,"optimistic, decay=0.99",16,96.54384975607563,0.943
epsilon-greedy,"optimistic, decay=0.99",17,111.27220438948771,0.943
epsilon-greedy,"optimistic, decay=0.99",18,96.72756291554258,0.9495
epsilon-greedy,"optimistic, decay=0.99",19,95.95143984139209,0.942
epsilon-greedy,"optimistic, decay=0.99",20,94.7315971986589,0.9455
epsilon-greedy,"optimistic, decay=0.99",21,108.46666304217479,0.941
epsilon-greedy,"optimistic, decay=0.99",22,93.27941602142573,0.942
epsilon-greedy,"optimistic, decay=0.99",23,88.78602063028207,0.9465
epsilon-greedy,"optimistic, decay=0.99",24,147.91861378673886,0.906
epsilon-greedy,"optimistic, decay=0.99",25,107.8748479526093,0.939
epsilon-greedy,"optimistic, decay=0.99",26,94.15744927163142,0.949
epsilon-greedy,"optimistic, decay=0.99",27,103.52871190103704,0.95
epsilon-greedy,"optimistic, decay=0.99",28,90.34116204862636,0.9475
epsilon-greedy,"optimistic, decay=0.99",29,127.70093546136474,0.9315
epsilon-greedy,"optimistic, decay=0.99",30,100.74851052201757,0.949
epsilon-greedy,"optimistic, decay=0.99",31,99.49098665200952,0.947
epsilon-greedy,"optimistic, decay=0.99",32,93.81270596106263,0.9395
epsilon-greedy,"optimistic, decay=0.99",33,107.67186448566397,0.947
epsilon-greedy,"optimistic, decay=0.99",34,105.81579598545798,0.9475
epsilon-greedy,"optimistic, decay=0.99",35,105.96332195593455,0.9455
epsilon-greedy,"optimistic, decay=0.99",36,89.12042082911336,0.9185
epsilon-greedy,"optimistic, decay=0.99",37,102.38558901077724,0.946
epsilon-greedy,"optimistic, decay=0.99",38,99.15578899227206,0.94
epsilon-greedy,"optimistic, decay=0.99",39,120.0324850355219,0.925
epsilon-greedy,"optimistic, decay=0.99",40,112.6629570939385,0.942
epsilon-greedy,"optimistic, decay=0.99",41,88.32453530481413,0.9465
epsilon-greedy,"optimistic, decay=0.99",42,98.08733946588877,0.923
epsilon-greedy,"optimistic, decay=0.99",43,98.62572691903581,0.947
epsilon-greedy,"optimistic, decay=0.99",44,88.74932398776488,0.947
epsilon-greedy,"optimistic, decay=0.99",45,158.33195859021782,0.926
epsilon-greedy,"optimistic, decay=0.99",46,102.10039347139933,0.942
epsilon-greedy,"optimistic, decay=0.99",47,119.52949573309793,0.939
epsilon-greedy,"optimistic, decay=0.99",48,99.4550116730643,0.9435
epsilon-greedy,"optimistic, decay=0.99",49,106.06607542238885,0.944
epsilon-greedy,"optimistic, decay=0.99",50,90.24417137618411,0.94
epsilon-greedy,"optimistic, decay=0.99",51,105.51977848685772,0.949
epsilon-greedy,"optimistic, decay=0.99",52,96.66674577561002,0.9465
epsilon-greedy,"optimistic, decay=0.99",53,107.18574339366333,0.9445
epsilon-greedy,"optimistic, decay=0.99",54,113.4333133627618,0.9385
epsilon-greedy,"optimistic, decay=0.99",55,102.00836943503535,0.949
epsilon-greedy,"optimistic, decay=0.99",56,108.82661936519169,0.9445
epsilon-greedy,"optimistic, decay=0.99",57,85.91287900873338,0.9335
epsilon-greedy,"optimistic, decay=0.99",58,141.29449773828068,0.9235
epsilon-greedy,"optimistic, decay=0.99",59,97.61954260705582,0.947
epsilon-greedy,"optimistic, decay=0.99",60,101.69359275235234,0.95
epsilon-greedy,"optimistic, decay=0.99",61,102.11630208665918,0.948
epsilon-greedy,"optimistic, decay=0.99",62,203.25587757624,0.8565
epsilon-greedy,"optimistic, decay=0.99",63,99.6039049693863,0.945
epsilon-greedy,"optimistic, decay=0.99",64,104.87678852648334,0.9495
epsilon-greedy,"optimistic, decay=0.99",65,102.5901173833415,0.948
epsilon-greedy,"optimistic, decay=0.99",66,107.66583041219697,0.9315
epsilon-greedy,"optimistic, decay=0.99",67,111.00425034122003,0.932
epsilon-greedy,"optimistic, decay=0.99",68,95.92926804433576,0.9485
epsilon-greedy,"optimistic, decay=0.99",69,107.99731778552582,0.9465
epsilon-greedy,"optimistic, decay=0.99",70,93.02274289852411,0.938
epsilon-greedy,"optimistic, decay=0.99",71,134.6621839921918,0.927
epsilon-greedy,"optimistic, decay=0.99",72,106.8254881042787,0.9465
epsilon-greedy,"optimistic, decay=0.99",73,93.0975466667009,0.938
epsilon-greedy,"optimistic, decay=0.99",74,95.8032980756711,0.928
epsilon-greedy,"optimistic, decay=0.99",75,103.42065992825053,0.9475
epsilon-greedy,"optimistic, decay=0.99",76,98.6599494339138,0.945
epsilon-greedy,"optimistic, decay=0.99",77,96.75618011429701,0.928
epsilon-greedy,"optimistic, decay=0.99",78,98.81471738015789,0.91
epsilon-greedy,"optimistic, decay=0.99",79,119.63343771923708,0.9405
epsilon-greedy,"optimistic, decay=0.99",80,102.90329158804725,0.931
epsilon-greedy,"optimistic, decay=0.99",81,106.77313805931618,0.938
epsilon-greedy,"optimistic, decay=0.99",82,107.66601858386129,0.9475
epsilon-greedy,"optimistic, decay=0.99",83,87.02036840913763,0.9325
epsilon-greedy,"optimistic, decay=0.99",84,97.13268455418027,0.948
epsilon-greedy,"optimistic, decay=0.99",85,103.99800094211402,0.9445
epsilon-greedy,"optimistic, decay=0.99",86,101.0757886493236,0.9335
epsilon-greedy,"optimistic, decay=0.99",87,103.2196270064495,0.933
epsilon-greedy,"optimistic, decay=0.99",88,106.84108596907079,0.936
epsilon-greedy,"optimistic, decay=0.99",89,144.40130070059703,0.867
epsilon-greedy,"optimistic, decay=0.99",90,151.37526536422862,0.9095
epsilon-greedy,"optimistic, decay=0.99",91,109.26428506490541,0.9485
epsilon-greedy,"optimistic, decay=0.99",92,109.47687851249214,0.949
epsilon-greedy,"optimistic, decay=0.99",93,96.81657176244242,0.949
epsilon-greedy,"optimistic, decay=0.99",94,126.49208380691285,0.9115
epsilon-greedy,"optimistic, decay=0.99",95,138.52552376142356,0.9125
epsilon-greedy,"optimistic, decay=0.99",96,112.76703487323137,0.9385
epsilon-greedy,"optimistic, decay=0.99",97,162.61344826166905,0.912
epsilon-greedy,"optimistic, decay=0.99",98,99.93315343047728,0.938
epsilon-greedy,"optimistic, decay=0.99",99,96.59822994332299,0.942
epsilon-greedy,"optimistic, decay=0.999",0,129.03217620840826,0.9295
epsilon-greedy,"optimistic, decay=0.999",1,125.58275488238694,0.916
epsilon-greedy,"optimistic, decay=0.999",2,131.03488223850994,0.9185
epsilon-greedy,"optimistic, decay=0.999",3,148.51841401688563,0.8905
epsilon-greedy,"optimistic, decay=0.999",4,108.09339628331354,0.9305
epsilon-greedy,"optimistic, decay=0.999",5,139.86657459567837,0.9345
epsilon-greedy,"optimistic, decay=0.999",6,141.6013768338532,0.929
epsilon-greedy,"optimistic, decay=0.999",7,148.1491937861873,0.9235
epsilon-greedy,"optimistic, decay=0.999",8,131.834754290834,0.9115
epsilon-greedy,"optimistic, decay=0.999",9,132.27779670480265,0.925
epsilon-greedy,"optimistic, decay=0.999",10,149.84710067168578,0.909
epsilon-greedy,"optimistic, decay=0.999",11,145.83409361593874,0.926
epsilon-greedy,"optimistic, decay=0.999",12,124.3879827174815,0.8935
epsilon-greedy,"optimistic, decay=0.999",13,136.5196253291658,0.9225
epsilon-greedy,"optimistic, decay=0.999",14,132.04830497265,0.932
epsilon-greedy,"optimistic, decay=0.999",15,134.3299404695345,0.9335
epsilon-greedy,"optimistic, decay=0.999",16,121.6202457635051,0.93
epsilon-greedy,"optimistic, decay=0.999",17,150.59113511992575,0.921
epsilon-greedy,"optimistic, decay=0.999",18,128.52543280586903,0.932
epsilon-greedy,"optimistic, decay=0.999",19,127.04476589829848,0.925
epsilon-greedy,"optimistic, decay=0.999",20,152.76700429327252,0.9225
epsilon-greedy,"optimistic, decay=0.999",21,138.2032656198677,0.923
epsilon-greedy,"optimistic, decay=0.999",22,120.45915238639229,0.925
epsilon-greedy,"optimistic, decay=0.999",23,117.86052234310165,0.93
epsilon-greedy,"optimistic, decay=0.999",24,187.87553717197537,0.8855
epsilon-greedy,"optimistic, decay=0.999",25,143.18179682785552,0.918
epsilon-greedy,"optimistic, decay=0.999",26,129.26484360146327,0.93
epsilon-greedy,"optimistic, decay=0.999",27,128.38714383980482,0.9345
epsilon-greedy,"optimistic, decay=0.999",28,113.83293389530971,0.9355
epsilon-greedy,"optimistic, decay=0.999",29,134.69096907871798,0.923
epsilon-greedy,"optimistic, decay=0.999",30,130.2794409576495,0.935
epsilon-greedy,"optimistic, decay=0.999",31,133.16816351930515,0.928
epsilon-greedy,"optimistic, decay=0.999",32,120.95581260609602,0.927
epsilon-greedy,"optimistic, decay=0.999",33,146.64109062849636,0.9275
epsilon-greedy,"optimistic, decay=0.999",34,133.07194180754308,0.9335
epsilon-greedy,"optimistic, decay=0.999",35,138.31303311470424,0.928
epsilon-greedy,"optimistic, decay=0.999",36,124.78216992616476,0.9
epsilon-greedy,"optimistic, decay=0.999",37,133.70480631707386,0.928
epsilon-greedy,"optimistic, decay=0.999",38,132.82491543062696,0.924
epsilon-greedy,"optimistic, decay=0.999",39,138.46011819581915,0.9235
epsilon-greedy,"optimistic, decay=0.999",40,154.42975792455726,0.9155
epsilon-greedy,"optimistic, decay=0.999",41,119.85744942070092,0.931
epsilon-greedy,"optimistic, decay=0.999",42,140.90474660535077,0.9085
epsilon-greedy,"optimistic, decay=0.999",43,126.26561383934285,0.9295
epsilon-greedy,"optimistic, decay=0.999",44,128.03092817838353,0.9305
epsilon-greedy,"optimistic, decay=0.999",45,144.0987768306655,0.926
epsilon-greedy,"optimistic, decay=0.999",46,167.11707488106273,0.9055
epsilon-greedy,"optimistic, decay=0.999",47,146.6614865353133,0.921
epsilon-greedy,"optimistic, decay=0.999",48,131.89096390914443,0.925
epsilon-greedy,"optimistic, decay=0.999",49,136.64358595571483,0.9285
epsilon-greedy,"optimistic, decay=0.999",50,144.41046477094056,0.9145
epsilon-greedy,"optimistic, decay=0.999",51,151.14725904409102,0.929
epsilon-greedy,"optimistic, decay=0.999",52,135.9434380795353,0.9225
epsilon-greedy,"optimistic, decay=0.999",53,149.56831765274708,0.9215
epsilon-greedy,"optimistic, decay=0.999",54,154.78267722045837,0.918
epsilon-greedy,"optimistic, decay=0.999",55,132.45455754973048,0.9305
epsilon-greedy,"optimistic, decay=0.999",56,142.20716289689528,0.9205
epsilon-greedy,"optimistic, decay=0.999",57,117.75720308415428,0.917
epsilon-greedy,"optimistic, decay=0.999",58,142.08394511234235,0.92
epsilon-greedy,"optimistic, decay=0.999",59,132.8810542972575,0.9255
epsilon-greedy,"optimistic, decay=0.999",60,149.7837870677204,0.9265
epsilon-greedy,"optimistic, decay=0.999",61,127.52473656731665,0.9345
epsilon-greedy,"optimistic, decay=0.999",62,181.8074148951784,0.8725
epsilon-greedy,"optimistic, decay=0.999",63,129.12328297439714,0.926
epsilon-greedy,"optimistic, decay=0.999",64,138.4397938143823,0.932
epsilon-greedy,"optimistic, decay=0.999",65,135.2325800596528,0.931
epsilon-greedy,"optimistic, decay=0.999",66,130.8900123982228,0.917
epsilon-greedy,"optimistic, decay=0.999",67,138.78709944221632,0.919
epsilon-greedy,"optimistic, decay=0.999",68,125.33378422259933,0.931
epsilon-greedy,"optimistic, decay=0.999",69,143.32706383769042,0.9295
epsilon-greedy,"optimistic, decay=0.999",70,153.70737326419092,0.906
epsilon-greedy,"optimistic, decay=0.999",71,162.60495507979925,0.912
epsilon-greedy,"optimistic, decay=0.999",72,139.79455753977578,0.929
epsilon-greedy,"optimistic, decay=0.999",73,126.06864681124661,0.9215
epsilon-greedy,"optimistic, decay=0.999",74,118.64216538421972,0.915
epsilon-greedy,"optimistic, decay=0.999",75,135.7167255252807,0.929
epsilon-greedy,"optimistic, decay=0.999",76,139.1888861095933,0.9245
epsilon-greedy,"optimistic, decay=0.999",77,145.46031079159428,0.9055
epsilon-greedy,"optimistic, decay=0.999",78,116.92893880204463,0.904
epsilon-greedy,"optimistic, decay=0.999",79,197.59353694506143,0.8965
epsilon-greedy,"optimistic, decay=0.999",80,124.04809308698493,0.919
epsilon-greedy,"optimistic, decay=0.999",81,138.39402659809917,0.918
epsilon-greedy,"optimistic, decay=0.999",82,135.3795381575291,0.931
epsilon-greedy,"optimistic, decay=0.999",83,127.7560359507321,0.9135
epsilon-greedy,"optimistic, decay=0.999",84,129.8077629121391,0.9305
epsilon-greedy,"optimistic, decay=0.999",85,141.6905212950058,0.9255
epsilon-greedy,"optimistic, decay=0.999",86,157.44021166285552,0.904
epsilon-greedy,"optimistic, decay=0.999",87,179.33784306255677,0.888
epsilon-greedy,"optimistic, decay=0.999",88,132.1408599032902,0.9215
epsilon-greedy,"optimistic, decay=0.999",89,178.0113554586799,0.851
epsilon-greedy,"optimistic, decay=0.999",90,141.05919174435468,0.9185
epsilon-greedy,"optimistic, decay=0.999",91,137.95752413287366,0.933
epsilon-greedy,"optimistic, decay=0.999",92,130.6910937045651,0.9325
epsilon-greedy,"optimistic, decay=0.999",93,129.98474641700074,0.9325
epsilon-greedy,"optimistic, decay=0.999",94,156.65298418481677,0.896
epsilon-greedy,"optimistic, decay=0.999",95,177.30633805202217,0.895
epsilon-greedy,"optimistic, decay=0.999",96,145.86415417070594,0.9245
epsilon-greedy,"optimistic, decay=0.999",97,168.07479257404276,0.911
epsilon-greedy,"optimistic, decay=0.999",98,134.5442576781302,0.9215
epsilon-greedy,"optimistic, decay=0.999",99,130.456236964529,0.922
epsilon-greedy,"optimistic, decay=0.9999",0,174.6016219634421,0.908
epsilon-greedy,"optimistic, decay=0.9999",1,160.59110248613507,0.899
epsilon-greedy,"optimistic, decay=0.9999",2,187.8274058192399,0.8955
epsilon-greedy,"optimistic, decay=0.9999",3,190.79841971188304,0.8705
epsilon-greedy,"optimistic, decay=0.9999",4,162.88541347918036,0.903
epsilon-greedy,"optimistic, decay=0.9999",5,191.34453717673958,0.9115
epsilon-greedy,"optimistic, decay=0.9999",6,181.8146804562374,0.911
epsilon-greedy,"optimistic, decay=0.9999",7,200.44045752207776,0.898
epsilon-greedy,"optimistic, decay=0.9999",8,176.2769826717508,0.889
epsilon-greedy,"optimistic, decay=0.9999",9,171.95081677740157,0.907
epsilon-greedy,"optimistic, decay=0.9999",10,188.98342519715368,0.886
epsilon-greedy,"optimistic, decay=0.9999",11,208.64770381454085,0.899
epsilon-greedy,"optimistic, decay=0.9999",12,162.70132261385135,0.873
epsilon-greedy,"optimistic, decay=0.9999",13,183.66319127144848,0.8995
epsilon-greedy,"optimistic, decay=0.9999",14,183.35355017006344,0.907
epsilon-greedy,"optimistic, decay=0.9999",15,176.0873432919634,0.9075
epsilon-greedy,"optimistic, decay=0.9999",16,171.85667339590867,0.8995
epsilon-greedy,"optimistic, decay=0.9999",17,198.69437324524495,0.898
epsilon-greedy,"optimistic, decay=0.9999",18,180.83427141409368,0.9085
epsilon-greedy,"optimistic, decay=0.9999",19,172.09468006474674,0.9005
epsilon-greedy,"optimistic, decay=0.9999",20,196.2331351658739,0.901
epsilon-greedy,"optimistic, decay=0.9999",21,183.23321965763714,0.9025
epsilon-greedy,"optimistic, decay=0.9999",22,159.5579773464362,0.9115
epsilon-greedy,"optimistic, decay=0.9999",23,166.30999333260885,0.9055
epsilon-greedy,"optimistic, decay=0.9999",24,220.63930180264808,0.874
epsilon-greedy,"optimistic, decay=0.9999",25,190.7656199532859,0.898
epsilon-greedy,"optimistic, decay=0.9999",26,178.83301450538113,0.908
epsilon-greedy,"optimistic, decay=0.9999",27,169.64927407718693,0.916
epsilon-greedy,"optimistic, decay=0.9999",28,150.7070372123783,0.9165
epsilon-greedy,"optimistic, decay=0.9999",29,181.83977041050795,0.9
epsilon-greedy,"optimistic, decay=0.9999",30,178.38096738071204,0.908
epsilon-greedy,"optimistic, decay=0.9999",31,181.04443376550046,0.9055
epsilon-greedy,"optimistic, decay=0.9999",32,156.12995414574584,0.9125
epsilon-greedy,"optimistic, decay=0.9999",33,189.24619579656485,0.905
epsilon-greedy,"optimistic, decay=0.9999",34,179.38151047246416,0.908
epsilon-greedy,"optimistic, decay=0.9999",35,187.35482594470628,0.9045
epsilon-greedy,"optimistic, decay=0.9999",36,163.32556929527271,0.878
epsilon-greedy,"optimistic, decay=0.9999",37,182.85961441211637,0.9095
epsilon-greedy,"optimistic, decay=0.9999",38,190.8138576083243,0.899
epsilon-greedy,"optimistic, decay=0.9999",39,194.08960791939808,0.8895
epsilon-greedy,"optimistic, decay=0.9999",40,183.90985481053616,0.9
epsilon-greedy,"optimistic, decay=0.9999",41,160.1360070120117,0.9055
epsilon-greedy,"optimistic, decay=0.9999",42,170.67640101697094,0.89
epsilon-greedy,"optimistic, decay=0.9999",43,169.79935117540927,0.913
epsilon-greedy,"optimistic, decay=0.9999",44,182.23423961039347,0.903
epsilon-greedy,"optimistic, decay=0.9999",45,188.99454146040475,0.905
epsilon-greedy,"optimistic, decay=0.9999",46,207.72038482662376,0.883
epsilon-greedy,"optimistic, decay=0.9999",47,191.70399618615298,0.8975
epsilon-greedy,"optimistic, decay=0.9999",48,176.50809401080548,0.901
epsilon-greedy,"optimistic, decay=0.9999",49,182.77776720003385,0.9075
epsilon-greedy,"optimistic, decay=0.9999",50,188.03223231132128,0.894
epsilon-greedy,"optimistic, decay=0.9999",51,184.08108398817836,0.911
epsilon-greedy,"optimistic, decay=0.9999",52,191.5467948544948,0.898
epsilon-greedy,"optimistic, decay=0.9999",53,193.42613255249935,0.8995
epsilon-greedy,"optimistic, decay=0.9999",54,180.70638605796398,0.9035
epsilon-greedy,"optimistic, decay=0.9999",55,176.7192505505754,0.9115
epsilon-greedy,"optimistic, decay=0.9999",56,185.1819601345307,0.905
epsilon-greedy,"optimistic, decay=0.9999",57,161.95233199993066,0.896
epsilon-greedy,"optimistic, decay=0.9999",58,173.08039600468692,0.9055
epsilon-greedy,"optimistic, decay=0.9999",59,179.76487277620515,0.8965
epsilon-greedy,"optimistic, decay=0.9999",60,207.2020435171666,0.898
epsilon-greedy,"optimistic, decay=0.9999",61,172.7920090401569,0.9165
epsilon-greedy,"optimistic, decay=0.9999",62,223.58643258927705,0.8505
epsilon-greedy,"optimistic, decay=0.9999",63,166.18043824988982,0.908
epsilon-greedy,"optimistic, decay=0.9999",64,177.92562851249073,0.9125
epsilon-greedy,"optimistic, decay=0.9999",65,191.72716016207886,0.905
epsilon-greedy,"optimistic, decay=0.9999",66,180.24513314352686,0.8955
epsilon-greedy,"optimistic, decay=0.9999",67,192.03627725933592,0.892
epsilon-greedy,"optimistic, decay=0.9999",68,170.1036251421482,0.909
epsilon-greedy,"optimistic, decay=0.9999",69,187.84570163401605,0.912
epsilon-greedy,"optimistic, decay=0.9999",70,197.56224855517635,0.8845
epsilon-greedy,"optimistic, decay=0.9999",71,212.48968978565156,0.8825
epsilon-greedy,"optimistic, decay=0.9999",72,192.12118614095078,0.907
epsilon-greedy,"optimistic, decay=0.9999",73,169.32602952223465,0.9005
epsilon-greedy,"optimistic, decay=0.9999",74,175.76554328598303,0.8855
epsilon-greedy,"optimistic, decay=0.9999",75,183.65409177298793,0.9095
epsilon-greedy,"optimistic, decay=0.9999",76,193.1825888843729,0.8945
epsilon-greedy,"optimistic, decay=0.9999",77,167.92550613277865,0.8955
epsilon-greedy,"optimistic, decay=0.9999",78,159.62454833689088,0.8795
epsilon-greedy,"optimistic, decay=0.9999",79,196.9886905607604,0.899
epsilon-greedy,"optimistic, decay=0.9999",80,179.48780702758242,0.894
epsilon-greedy,"optimistic, decay=0.9999",81,195.3302548556,0.8885
epsilon-greedy,"optimistic, decay=0.9999",82,187.21929870949137,0.9045
epsilon-greedy,"optimistic, decay=0.9999",83,168.38048176570112,0.8935
epsilon-greedy,"optimistic, decay=0.9999",84,172.58712146249232,0.906
epsilon-greedy,"optimistic, decay=0.9999",85,180.63471393027768,0.9055
epsilon-greedy,"optimistic, decay=0.9999",86,192.2942130191725,0.8875
epsilon-greedy,"optimistic, decay=0.9999",87,214.82804434836083,0.867
epsilon-greedy,"optimistic, decay=0.9999",88,205.65188313085716,0.883
epsilon-greedy,"optimistic, decay=0.9999",89,221.29685066141568,0.831
epsilon-greedy,"optimistic, decay=0.9999",90,201.95502200939643,0.8935
epsilon-greedy,"optimistic, decay=0.9999",91,174.49626704793948,0.9175
epsilon-greedy,"optimistic, decay=0.9999",92,174.88142615502466,0.909
epsilon-greedy,"optimistic, decay=0.9999",93,193.20672710696303,0.9065
epsilon-greedy,"optimistic, decay=0.9999",94,185.73189917754178,0.8835
epsilon-greedy,"optimistic, decay=0.9999",95,223.1115231038233,0.869
epsilon-greedy,"optimistic, decay=0.9999",96,176.87867605469913,0.91
epsilon-greedy,"optimistic, decay=0.9999",97,211.06120217920662,0.8885
epsilon-greedy,"optimistic, decay=0.9999",98,182.04741857592882,0.8965
epsilon-greedy,"optimistic, decay=0.9999",99,169.03339469758734,0.9025
epsilon-greedy,"optimistic, decay=0.99999",0,177.46878416427694,0.908
epsilon-greedy,"optimistic, decay=0.99999",1,170.6141146723919,0.894
epsilon-greedy,"optimistic, decay=0.99999",2,183.40431079527542,0.896
epsilon-greedy,"optimistic, decay=0.99999",3,202.70736776805327,0.8635
epsilon-greedy,"optimistic, decay=0.99999",4,175.67414847499873,0.89
epsilon-greedy,"optimistic, decay=0.99999",5,203.2900697324989,0.9045
epsilon-greedy,"optimistic, decay=0.99999",6,187.79293110968158,0.9105
epsilon-greedy,"optimistic, decay=0.99999",7,210.4792791340408,0.8955
epsilon-greedy,"optimistic, decay=0.99999",8,188.03724822310502,0.8835
epsilon-greedy,"optimistic, decay=0.99999",9,179.43690434230624,0.9015
epsilon-greedy,"optimistic, decay=0.99999",10,201.0644051456595,0.8825
epsilon-greedy,"optimistic, decay=0.99999",11,217.05276440918172,0.8905
epsilon-greedy,"optimistic, decay=0.99999",12,179.8751098637055,0.8625
epsilon-greedy,"optimistic, decay=0.99999",13,191.93500339184706,0.8975
epsilon-greedy,"optimistic, decay=0.99999",14,189.06224486657595,0.8995
epsilon-greedy,"optimistic, decay=0.99999",15,185.881532895622,0.909
epsilon-greedy,"optimistic, decay=0.99999",16,175.20921669097032,0.903
epsilon-greedy,"optimistic, decay=0.99999",17,215.58764457845197,0.8885
epsilon-greedy,"optimistic, decay=0.99999",18,181.23660991077853,0.9075
epsilon-greedy,"optimistic, decay=0.99999",19,178.0576021904564,0.903
epsilon-greedy,"optimistic, decay=0.99999",20,213.3112196348854,0.888
epsilon-greedy,"optimistic, decay=0.99999",21,189.29267623557857,0.8965
epsilon-greedy,"optimistic, decay=0.99999",22,169.48387383341156,0.8985
epsilon-greedy,"optimistic, decay=0.99999",23,169.95602298805926,0.9025
epsilon-greedy,"optimistic, decay=0.99999",24,226.6048704759436,0.8665
epsilon-greedy,"optimistic, decay=0.99999",25,197.641752002947,0.894
epsilon-greedy,"optimistic, decay=0.99999",26,186.57970702405095,0.9055
epsilon-greedy,"optimistic, decay=0.99999",27,173.10482576465137,0.914
epsilon-greedy,"optimistic, decay=0.99999",28,161.53369570710714,0.908
epsilon-greedy,"optimistic, decay=0.99999",29,188.6075126958418,0.902
epsilon-greedy,"optimistic, decay=0.99999",30,185.11841596576002,0.9025
epsilon-greedy,"optimistic, decay=0.99999",31,187.07106470701552,0.9025
epsilon-greedy,"optimistic, decay=0.99999",32,163.40005993800972,0.907
epsilon-greedy,"optimistic, decay=0.99999",33,198.28718760555412,0.8985
epsilon-greedy,"optimistic, decay=0.99999",34,183.1699779120714,0.908
epsilon-greedy,"optimistic, decay=0.99999",35,192.25182461486926,0.9015
epsilon-greedy,"optimistic, decay=0.99999",36,166.06801101684317,0.8795
epsilon-greedy,"optimistic, decay=0.99999",37,189.80310855446862,0.9005
epsilon-greedy,"optimistic, decay=0.99999",38,198.26916353930758,0.894
epsilon-greedy,"optimistic, decay=0.99999",39,203.30921206283986,0.883
epsilon-greedy,"optimistic, decay=0.99999",40,207.7101465532859,0.8845
epsilon-greedy,"optimistic, decay=0.99999",41,163.94461593496163,0.907
epsilon-greedy,"optimistic, decay=0.99999",42,183.48560829250343,0.8845
epsilon-greedy,"optimistic, decay=0.99999",43,174.19140287138896,0.9045
epsilon-greedy,"optimistic, decay=0.99999",44,186.60718021007423,0.8995
epsilon-greedy,"optimistic, decay=0.99999",45,194.8027385293691,0.903
epsilon-greedy,"optimistic, decay=0.99999",46,215.03624380358275,0.878
epsilon-greedy,"optimistic, decay=0.99999",47,193.99651547709703,0.899
epsilon-greedy,"optimistic, decay=0.99999",48,187.54188265052738,0.894
epsilon-greedy,"optimistic, decay=0.99999",49,192.24057381957238,0.9
epsilon-greedy,"optimistic, decay=0.99999",50,199.13019871954506,0.89
epsilon-greedy,"optimistic, decay=0.99999",51,194.34150000623046,0.9065
epsilon-greedy,"optimistic, decay=0.99999",52,201.19027518327505,0.8885
epsilon-greedy,"optimistic, decay=0.99999",53,201.0153956229313,0.898
epsilon-greedy,"optimistic, decay=0.99999",54,192.73588284723198,0.8945
epsilon-greedy,"optimistic, decay=0.99999",55,188.08896649080108,0.9035
epsilon-greedy,"optimistic, decay=0.99999",56,186.21073794345006,0.9015
epsilon-greedy,"optimistic, decay=0.99999",57,178.0032695884319,0.8895
epsilon-greedy,"optimistic, decay=0.99999",58,183.68701929297634,0.8995
epsilon-greedy,"optimistic, decay=0.99999",59,187.3450583158641,0.894
epsilon-greedy,"optimistic, decay=0.99999",60,216.2542486999092,0.89
epsilon-greedy,"optimistic, decay=0.99999",61,177.92429080283023,0.9125
epsilon-greedy,"optimistic, decay=0.99999",62,230.91762943249486,0.85
epsilon-greedy,"optimistic, decay=0.99999",63,174.88163848258506,0.9055
epsilon-greedy,"optimistic, decay=0.99999",64,179.59025041951438,0.9095
epsilon-greedy,"optimistic, decay=0.99999",65,200.79604095258156,0.9
epsilon-greedy,"optimistic, decay=0.99999",66,184.65461989758032,0.8905
epsilon-greedy,"optimistic, decay=0.99999",67,202.4772637670228,0.8855
epsilon-greedy,"optimistic, decay=0.99999",68,184.7393340540006,0.906
epsilon-greedy,"optimistic, decay=0.99999",69,191.11574457807944,0.906
epsilon-greedy,"optimistic, decay=0.99999",70,222.95465986876638,0.868
epsilon-greedy,"optimistic, decay=0.99999",71,224.90616027830012,0.8755
epsilon-greedy,"optimistic, decay=0.99999",72,198.4044711976918,0.901
epsilon-greedy,"optimistic, decay=0.99999",73,211.42609773761654,0.884
epsilon-greedy,"optimistic, decay=0.99999",74,184.6172895864009,0.883
epsilon-greedy,"optimistic, decay=0.99999",75,195.15479392573644,0.9
epsilon-greedy,"optimistic, decay=0.99999",76,199.56788823414166,0.8975
epsilon-greedy,"optimistic, decay=0.99999",77,183.97005583724967,0.8895
epsilon-greedy,"optimistic, decay=0.99999",78,166.21851793142355,0.875
epsilon-greedy,"optimistic, decay=0.99999",79,207.29908850524143,0.8975
epsilon-greedy,"optimistic, decay=0.99999",80,185.8255100082424,0.884
epsilon-greedy,"optimistic, decay=0.99999",81,196.31935137503027,0.8855
epsilon-greedy,"optimistic, decay=0.99999",82,193.4908482654627,0.902
epsilon-greedy,"optimistic, decay=0.99999",83,174.47308403838568,0.891
epsilon-greedy,"optimistic, decay=0.99999",84,173.7960628673071,0.911
epsilon-greedy,"optimistic, decay=0.99999",85,182.34257134720167,0.9035
epsilon-greedy,"optimistic, decay=0.99999",86,197.7896299707721,0.8835
epsilon-greedy,"optimistic, decay=0.99999",87,219.8640231953111,0.869
epsilon-greedy,"optimistic, decay=0.99999",88,216.50588767698784,0.8765
epsilon-greedy,"optimistic, decay=0.99999",89,222.15007439716598,0.8215
epsilon-greedy,"optimistic, decay=0.99999",90,204.61822196314864,0.89
epsilon-greedy,"optimistic, decay=0.99999",91,184.2934028373971,0.9105
epsilon-greedy,"optimistic, decay=0.99999",92,178.34370661800457,0.9075
epsilon-greedy,"optimistic, decay=0.99999",93,202.18863300431488,0.8995
epsilon-greedy,"optimistic, decay=0.99999",94,189.22453024977565,0.879
epsilon-greedy,"optimistic, decay=0.99999",95,230.4000824584527,0.868
epsilon-greedy,"optimistic, decay=0.99999",96,202.76330006212302,0.8915
epsilon-greedy,"optimistic, decay=0.99999",97,216.72732038596502,0.8845
epsilon-greedy,"optimistic, decay=0.99999",98,193.0006998629492,0.8945
epsilon-greedy,"optimistic, decay=0.99999",99,177.34699914683088,0.8985
UCB(c),c=0.001,0,84.6951192002994,0.9495
UCB(c),c=0.001,1,105.76920124377233,0.919
UCB(c),c=0.001,2,92.23290919699748,0.94
UCB(c),c=0.001,3,103.07904542717729,0.9175
UCB(c),c=0.001,4,109.62248336665094,0.9275
UCB(c),c=0.001,5,93.3962867857193,0.95
UCB(c),c=0.001,6,91.97791057486806,0.947
UCB(c),c=0.001,7,118.96445052319304,0.94
UCB(c),c=0.001,8,84.56786903733204,0.938
UCB(c),c=0.001,9,93.43073439096213,0.9445
UCB(c),c=0.001,10,102.23660418697305,0.9375
UCB(c),c=0.001,11,103.01944301201023,0.9485
UCB(c),c=0.001,12,98.88721248231333,0.908
UCB(c),c=0.001,13,98.04720332199693,0.9435
UCB(c),c=0.001,14,92.54271567913129,0.949
UCB(c),c=0.001,15,97.2690058286137,0.9485
UCB(c),c=0.001,16,89.4656770288247,0.943
UCB(c),c=0.001,17,92.31095620644031,0.9485
UCB(c),c=0.001,18,83.20271341423796,0.9505
UCB(c),c=0.001,19,98.37361093088461,0.9415
UCB(c),c=0.001,20,110.24727241654078,0.94
UCB(c),c=0.001,21,111.05583512079996,0.9445
UCB(c),c=0.001,22,92.16114707091428,0.9425
UCB(c),c=0.001,23,79.98792712647383,0.9465
UCB(c),c=0.001,24,104.56373337508516,0.923
UCB(c),c=0.001,25,107.47477941498565,0.941
UCB(c),c=0.001,26,92.05273757208624,0.9495
UCB(c),c=0.001,27,97.58146470530716,0.9485
UCB(c),c=0.001,28,89.57885322887873,0.948
UCB(c),c=0.001,29,98.46624965574858,0.949
UCB(c),c=0.001,30,101.02891116420219,0.9495
UCB(c),c=0.001,31,90.89308091556124,0.948
UCB(c),c=0.001,32,90.20409460774465,0.9385
UCB(c),c=0.001,33,95.50443695825743,0.949
UCB(c),c=0.001,34,107.1152980722948,0.9495
UCB(c),c=0.001,35,102.32257143805361,0.9475
UCB(c),c=0.001,36,145.23303769471133,0.8895
UCB(c),c=0.001,37,122.42296789257423,0.942
UCB(c),c=0.001,38,107.8991486734182,0.9395
UCB(c),c=0.001,39,99.88216105655955,0.9445
UCB(c),c=0.001,40,113.40255778172359,0.939
UCB(c),c=0.001,41,97.50547564736723,0.9465
UCB(c),c=0.001,42,97.17907379959924,0.924
UCB(c),c=0.001,43,101.73346289369569,0.948
UCB(c),c=0.001,44,88.17256480292559,0.948
UCB(c),c=0.001,45,102.37261128796422,0.948
UCB(c),c=0.001,46,96.8715106063991,0.942
UCB(c),c=0.001,47,98.78603724963861,0.946
UCB(c),c=0.001,48,97.38205724453282,0.945
UCB(c),c=0.001,49,99.75616934557046,0.946
UCB(c),c=0.001,50,91.31316207893482,0.941
UCB(c),c=0.001,51,113.71422042924826,0.9495
UCB(c),c=0.001,52,102.65085006645167,0.948
UCB(c),c=0.001,53,105.00807965904563,0.947
UCB(c),c=0.001,54,113.53259825102491,0.937
UCB(c),c=0.001,55,102.40522514094431,0.95
UCB(c),c=0.001,56,113.5490195816509,0.945
UCB(c),c=0.001,57,112.12330499600371,0.9265
UCB(c),c=0.001,58,93.56484776153918,0.9435
UCB(c),c=0.001,59,93.22042151426294,0.948
UCB(c),c=0.001,60,108.60448803655252,0.951
UCB(c),c=0.001,61,114.64112893997323,0.9485
UCB(c),c=0.001,62,151.426382635513,0.8875
UCB(c),c=0.001,63,92.06138124070921,0.941
UCB(c),c=0.001,64,99.95327842632197,0.95
UCB(c),c=0.001,65,96.46870074240886,0.9495
UCB(c),c=0.001,66,103.5507476402015,0.932
UCB(c),c=0.001,67,90.89437503117301,0.9385
UCB(c),c=0.001,68,96.84225278282497,0.949
UCB(c),c=0.001,69,111.62773077083254,0.9475
UCB(c),c=0.001,70,86.3479188092507,0.938
UCB(c),c=0.001,71,95.06702068672305,0.9445
UCB(c),c=0.001,72,96.26241915701848,0.947
UCB(c),c=0.001,73,96.82379495426049,0.941
UCB(c),c=0.001,74,84.38745621541693,0.93
UCB(c),c=0.001,75,102.2285727949959,0.9485
UCB(c),c=0.001,76,104.38762795972481,0.945
UCB(c),c=0.001,77,91.68897846717086,0.9325
UCB(c),c=0.001,78,92.00124271484447,0.91
UCB(c),c=0.001,79,99.87184379504298,0.948
UCB(c),c=0.001,80,100.44682487305201,0.933
UCB(c),c=0.001,81,91.59007874262767,0.9415
UCB(c),c=0.001,82,97.35340068494558,0.949
UCB(c),c=0.001,83,131.3538388327697,0.916
UCB(c),c=0.001,84,100.51884601725106,0.948
UCB(c),c=0.001,85,99.00720000749004,0.944
UCB(c),c=0.001,86,129.11610667497789,0.926
UCB(c),c=0.001,87,135.29935224878218,0.9145
UCB(c),c=0.001,88,93.2682694557469,0.9425
UCB(c),c=0.001,89,107.10652802092534,0.8825
UCB(c),c=0.001,90,105.68394211919075,0.938
UCB(c),c=0.001,91,95.41265464380605,0.9505
UCB(c),c=0.001,92,101.0448237147971,0.951
UCB(c),c=0.001,93,96.16646437717512,0.9505
UCB(c),c=0.001,94,100.5625802399779,0.9215
UCB(c),c=0.001,95,93.08539647830715,0.9365
UCB(c),c=0.001,96,102.95101598595022,0.943
UCB(c),c=0.001,97,112.8546644588584,0.932
UCB(c),c=0.001,98,147.83242907559696,0.9115
UCB(c),c=0.001,99,92.33878830533362,0.944
UCB(c),c=0.003,0,84.6951192002994,0.9495
UCB(c),c=0.003,1,105.76920124377233,0.919
UCB(c),c=0.003,2,92.23290919699748,0.94
UCB(c),c=0.003,3,103.07904542717729,0.9175
UCB(c),c=0.003,4,106.9011701807807,0.93
UCB(c),c=0.003,5,93.3962867857193,0.95
UCB(c),c=0.003,6,91.97791057486806,0.947
UCB(c),c=0.003,7,118.96445052319304,0.94
UCB(c),c=0.003,8,84.56786903733204,0.938
UCB(c),c=0.003,9,95.05522634563448,0.9435
UCB(c),c=0.003,10,101.70049317277591,0.938
UCB(c),c=0.003,11,103.01944301201023,0.9485
UCB(c),c=0.003,12,109.69493318685805,0.9025
UCB(c),c=0.003,13,98.04720332199693,0.9435
UCB(c),c=0.003,14,92.54271567913129,0.949
UCB(c),c=0.003,15,97.2690058286137,0.9485
UCB(c),c=0.003,16,89.4656770288247,0.943
UCB(c),c=0.003,17,92.31095620644031,0.9485
UCB(c),c=0.003,18,83.20271341423796,0.9505
UCB(c),c=0.003,19,98.37361093088461,0.9415
UCB(c),c=0.003,20,110.24727241654078,0.94
UCB(c),c=0.003,21,111.05583512079996,0.9445
UCB(c),c=0.003,22,92.16114707091428,0.9425
UCB(c),c=0.003,23,79.98792712647383,0.9465
UCB(c),c=0.003,24,104.56373337508516,0.923
UCB(c),c=0.003,25,107.47477941498565,0.941
UCB(c),c=0.003,26,92.05273757208624,0.9495
UCB(c),c=0.003,27,97.58146470530716,0.9485
UCB(c),c=0.003,28,89.57885322887873,0.948
UCB(c),c=0.003,29,98.46624965574858,0.949
UCB(c),c=0.003,30,101.02891116420219,0.9495
UCB(c),c=0.003,31,90.89308091556124,0.948
UCB(c),c=0.003,32,90.61646416714288,0.939
UCB(c),c=0.003,33,95.50443695825743,0.949
UCB(c),c=0.003,34,107.1152980722948,0.9495
UCB(c),c=0.003,35,102.32257143805361,0.9475
UCB(c),c=0.003,36,143.27590880989015,0.889
UCB(c),c=0.003,37,122.42296789257423,0.942
UCB(c),c=0.003,38,107.8991486734182,0.9395
UCB(c),c=0.003,39,99.88216105655955,0.9445
UCB(c),c=0.003,40,111.99032915604202,0.9395
UCB(c),c=0.003,41,97.50547564736723,0.9465
UCB(c),c=0.003,42,97.17907379959924,0.924
UCB(c),c=0.003,43,101.73346289369569,0.948
UCB(c),c=0.003,44,88.17256480292559,0.948
UCB(c),c=0.003,45,102.37261128796422,0.948
UCB(c),c=0.003,46,96.8715106063991,0.942
UCB(c),c=0.003,47,98.78603724963861,0.946
UCB(c),c=0.003,48,97.38205724453282,0.945
UCB(c),c=0.003,49,99.75616934557046,0.946
UCB(c),c=0.003,50,90.7717306257787,0.941
UCB(c),c=0.003,51,113.71422042924826,0.9495
UCB(c),c=0.003,52,102.65085006645167,0.948
UCB(c),c=0.003,53,105.00807965904563,0.947
UCB(c),c=0.003,54,106.58504626002733,0.9385
UCB(c),c=0.003,55,102.40522514094431,0.95
UCB(c),c=0.003,56,113.5490195816509,0.945
UCB(c),c=0.003,57,112.12330499600371,0.9265
UCB(c),c=0.003,58,93.56484776153918,0.9435
UCB(c),c=0.003,59,93.22042151426294,0.948
UCB(c),c=0.003,60,108.60448803655252,0.951
UCB(c),c=0.003,61,114.64112893997323,0.9485
UCB(c),c=0.003,62,149.84303429404247,0.887
UCB(c),c=0.003,63,92.06138124070921,0.941
UCB(c),c=0.003,64,99.95327842632197,0.95
UCB(c),c=0.003,65,96.46870074240886,0.9495
UCB(c),c=0.003,66,99.15047331374585,0.933
UCB(c),c=0.003,67,90.89437503117301,0.9385
UCB(c),c=0.003,68,96.84225278282497,0.949
UCB(c),c=0.003,69,111.62773077083254,0.9475
UCB(c),c=0.003,70,85.63269921231006,0.9385
UCB(c),c=0.003,71,95.06702068672305,0.9445
UCB(c),c=0.003,72,96.26241915701848,0.947
UCB(c),c=0.003,73,96.82379495426049,0.941
UCB(c),c=0.003,74,84.38745621541693,0.93
UCB(c),c=0.003,75,102.2285727949959,0.9485
UCB(c),c=0.003,76,104.38762795972481,0.945
UCB(c),c=0.003,77,91.68897846717086,0.9325
UCB(c),c=0.003,78,92.49510633124251,0.9095
UCB(c),c=0.003,79,99.87184379504298,0.948
UCB(c),c=0.003,80,100.44682487305201,0.933
UCB(c),c=0.003,81,91.59007874262767,0.9415
UCB(c),c=0.003,82,97.35340068494558,0.949
UCB(c),c=0.003,83,133.75798280583868,0.9165
UCB(c),c=0.003,84,100.51884601725106,0.948
UCB(c),c=0.003,85,99.00720000749004,0.944
UCB(c),c=0.003,86,111.2222984240637,0.934
UCB(c),c=0.003,87,135.29935224878218,0.9145
UCB(c),c=0.003,88,93.2682694557469,0.9425
UCB(c),c=0.003,89,107.13617525953367,0.8825
UCB(c),c=0.003,90,105.68394211919075,0.938
UCB(c),c=0.003,91,95.41265464380605,0.9505
UCB(c),c=0.003,92,101.0448237147971,0.951
UCB(c),c=0.003,93,96.16646437717512,0.9505
UCB(c),c=0.003,94,94.77061955285261,0.9245
UCB(c),c=0.003,95,93.08539647830715,0.9365
UCB(c),c=0.003,96,97.51323767613229,0.946
UCB(c),c=0.003,97,103.4044350509804,0.935
UCB(c),c=0.003,98,151.994147612312,0.9105
UCB(c),c=0.003,99,92.33878830533362,0.944
UCB(c),c=0.01,0,84.6951192002994,0.9495
UCB(c),c=0.01,1,104.39945690248838,0.92
UCB(c),c=0.01,2,92.23290919699748,0.94
UCB(c),c=0.01,3,104.52405896466534,0.917
UCB(c),c=0.01,4,99.26499387523809,0.936
UCB(c),c=0.01,5,93.3962867857193,0.95
UCB(c),c=0.01,6,91.97791057486806,0.947
UCB(c),c=0.01,7,118.96445052319304,0.94
UCB(c),c=0.01,8,84.56786903733204,0.938
UCB(c),c=0.01,9,95.13511939258558,0.9445
UCB(c),c=0.01,10,102.2604283017814,0.9375
UCB(c),c=0.01,11,103.01944301201023,0.9485
UCB(c),c=0.01,12,118.0303090082583,0.8965
UCB(c),c=0.01,13,98.09099927115258,0.943
UCB(c),c=0.01,14,92.54271567913129,0.949
UCB(c),c=0.01,15,97.2690058286137,0.9485
UCB(c),c=0.01,16,89.4656770288247,0.943
UCB(c),c=0.01,17,92.31095620644031,0.9485
UCB(c),c=0.01,18,83.20271341423796,0.9505
UCB(c),c=0.01,19,98.37361093088461,0.9415
UCB(c),c=0.01,20,110.24727241654078,0.94
UCB(c),c=0.01,21,111.73005271591173,0.9445
UCB(c),c=0.01,22,92.16114707091428,0.9425
UCB(c),c=0.01,23,79.98792712647383,0.9465
UCB(c),c=0.01,24,103.75519688471631,0.923
UCB(c),c=0.01,25,107.47477941498565,0.941
UCB(c),c=0.01,26,92.05273757208624,0.9495
UCB(c),c=0.01,27,97.58146470530716,0.9485
UCB(c),c=0.01,28,89.57885322887873,0.948
UCB(c),c=0.01,29,98.46624965574858,0.949
UCB(c),c=0.01,30,101.02891116420219,0.9495
UCB(c),c=0.01,31,90.89308091556124,0.948
UCB(c),c=0.01,32,90.61646416714288,0.939
UCB(c),c=0.01,33,95.50443695825743,0.949
UCB(c),c=0.01,34,107.1152980722948,0.9495
UCB(c),c=0.01,35,104.05505063937368,0.947
UCB(c),c=0.01,36,143.3153975314855,0.8895
UCB(c),c=0.01,37,122.42296789257423,0.942
UCB(c),c=0.01,38,107.52602841205182,0.94
UCB(c),c=0.01,39,99.88216105655955,0.9445
UCB(c),c=0.01,40,103.75232883956623,0.9445
UCB(c),c=0.01,41,97.50547564736723,0.9465
UCB(c),c=0.01,42,97.17907379959924,0.924
UCB(c),c=0.01,43,101.73346289369569,0.948
UCB(c),c=0.01,44,88.17256480292559,0.948
UCB(c),c=0.01,45,102.37261128796422,0.948
UCB(c),c=0.01,46,96.8715106063991,0.942
UCB(c),c=0.01,47,98.78603724963861,0.946
UCB(c),c=0.01,48,97.38205724453282,0.945
UCB(c),c=0.01,49,99.75616934557046,0.946
UCB(c),c=0.01,50,91.39187989142138,0.941
UCB(c),c=0.01,51,113.71422042924826,0.9495
UCB(c),c=0.01,52,102.65085006645167,0.948
UCB(c),c=0.01,53,105.00807965904563,0.947
UCB(c),c=0.01,54,106.60847813858044,0.9385
UCB(c),c=0.01,55,102.40522514094431,0.95
UCB(c),c=0.01,56,115.89038096360846,0.9425
UCB(c),c=0.01,57,112.83216742221244,0.925
UCB(c),c=0.01,58,93.56484776153918,0.9435
UCB(c),c=0.01,59,93.22042151426294,0.948
UCB(c),c=0.01,60,108.60448803655252,0.951
UCB(c),c=0.01,61,114.64112893997323,0.9485
UCB(c),c=0.01,62,151.1817244836481,0.887
UCB(c),c=0.01,63,86.94656962272188,0.942
UCB(c),c=0.01,64,99.95327842632197,0.95
UCB(c),c=0.01,65,96.46870074240886,0.9495
UCB(c),c=0.01,66,103.914770334481,0.932
UCB(c),c=0.01,67,90.90414379908827,0.938
UCB(c),c=0.01,68,96.84225278282497,0.949
UCB(c),c=0.01,69,111.62773077083254,0.9475
UCB(c),c=0.01,70,85.63269921231006,0.9385
UCB(c),c=0.01,71,95.06702068672305,0.9445
UCB(c),c=0.01,72,96.26241915701848,0.947
UCB(c),c=0.01,73,96.75663353018501,0.941
UCB(c),c=0.01,74,84.59247736616894,0.929
UCB(c),c=0.01,75,102.2285727949959,0.9485
UCB(c),c=0.01,76,104.38762795972481,0.945
UCB(c),c=0.01,77,91.68897846717086,0.9325
UCB(c),c=0.01,78,92.49510633124251,0.9095
UCB(c),c=0.01,79,99.87184379504298,0.948
UCB(c),c=0.01,80,100.37403002137304,0.9335
UCB(c),c=0.01,81,91.59007874262767,0.9415
UCB(c),c=0.01,82,97.35340068494558,0.949
UCB(c),c=0.01,83,133.037244616836,0.916
UCB(c),c=0.01,84,100.51884601725106,0.948
UCB(c),c=0.01,85,99.00720000749004,0.944
UCB(c),c=0.01,86,114.07160171907785,0.932
UCB(c),c=0.01,87,134.99573611479036,0.915
UCB(c),c=0.01,88,93.2682694557469,0.9425
UCB(c),c=0.01,89,107.12879944886082,0.8825
UCB(c),c=0.01,90,105.68394211919075,0.938
UCB(c),c=0.01,91,95.41265464380605,0.9505
UCB(c),c=0.01,92,101.0448237147971,0.951
UCB(c),c=0.01,93,96.16646437717512,0.9505
UCB(c),c=0.01,94,90.17341308818365,0.927
UCB(c),c=0.01,95,93.08539647830715,0.9365
UCB(c),c=0.01,96,97.51323767613229,0.946
UCB(c),c=0.01,97,112.72554324343413,0.933
UCB(c),c=0.01,98,151.05639016151235,0.9115
UCB(c),c=0.01,99,92.33878830533362,0.944
UCB(c),c=0.03,0,84.84728620017954,0.9495
UCB(c),c=0.03,1,104.59472082469274,0.9195
UCB(c),c=0.03,2,92.43517266681737,0.9395
UCB(c),c=0.03,3,106.95203203487397,0.916
UCB(c),c=0.03,4,104.33210867978593,0.9325
UCB(c),c=0.03,5,93.3962867857193,0.95
UCB(c),c=0.03,6,91.33028408930466,0.947
UCB(c),c=0.03,7,118.96445052319304,0.94
UCB(c),c=0.03,8,87.89486788546337,0.936
UCB(c),c=0.03,9,94.17742418269191,0.9445
UCB(c),c=0.03,10,105.21995068769372,0.9345
UCB(c),c=0.03,11,103.9197327140672,0.948
UCB(c),c=0.03,12,92.11478485540766,0.911
UCB(c),c=0.03,13,100.50664738817132,0.943
UCB(c),c=0.03,14,92.54271567913129,0.949
UCB(c),c=0.03,15,95.42560507538934,0.9485
UCB(c),c=0.03,16,89.86546702100298,0.9425
UCB(c),c=0.03,17,92.31095620644031,0.9485
UCB(c),c=0.03,18,83.20271341423796,0.9505
UCB(c),c=0.03,19,99.77295605682235,0.9415
UCB(c),c=0.03,20,109.22481134322506,0.9395
UCB(c),c=0.03,21,109.83864818712243,0.9445
UCB(c),c=0.03,22,92.16114707091428,0.9425
UCB(c),c=0.03,23,80.02749115144562,0.946
UCB(c),c=0.03,24,101.81782909633863,0.9235
UCB(c),c=0.03,25,107.47477941498565,0.941
UCB(c),c=0.03,26,92.05273757208624,0.9495
UCB(c),c=0.03,27,97.73532437489598,0.9485
UCB(c),c=0.03,28,89.57885322887873,0.948
UCB(c),c=0.03,29,98.39311919776529,0.949
UCB(c),c=0.03,30,101.66453901686204,0.949
UCB(c),c=0.03,31,90.89308091556124,0.948
UCB(c),c=0.03,32,90.61646416714288,0.939
UCB(c),c=0.03,33,95.50443695825743,0.949
UCB(c),c=0.03,34,108.03019133899652,0.949
UCB(c),c=0.03,35,104.05505063937368,0.947
UCB(c),c=0.03,36,147.91789328540386,0.888
UCB(c),c=0.03,37,122.42296789257423,0.942
UCB(c),c=0.03,38,138.6659093046402,0.9245
UCB(c),c=0.03,39,100.59967465840312,0.944
UCB(c),c=0.03,40,101.6810601885666,0.945
UCB(c),c=0.03,41,97.50547564736723,0.9465
UCB(c),c=0.03,42,97.17907379959924,0.924
UCB(c),c=0.03,43,102.15248043660644,0.948
UCB(c),c=0.03,44,88.17256480292559,0.948
UCB(c),c=0.03,45,102.37261128796422,0.948
UCB(c),c=0.03,46,96.8715106063991,0.942
UCB(c),c=0.03,47,101.16490464302461,0.945
UCB(c),c=0.03,48,98.7623505261546,0.9445
UCB(c),c=0.03,49,99.49395025489977,0.9465
UCB(c),c=0.03,50,88.6007642048902,0.9415
UCB(c),c=0.03,51,113.71422042924826,0.9495
UCB(c),c=0.03,52,102.65085006645167,0.948
UCB(c),c=0.03,53,107.34516832536936,0.946
UCB(c),c=0.03,54,107.00699289829225,0.938
UCB(c),c=0.03,55,102.40522514094431,0.95
UCB(c),c=0.03,56,116.21229538964349,0.9435
UCB(c),c=0.03,57,117.40523683678661,0.923
UCB(c),c=0.03,58,95.12909212890347,0.943
UCB(c),c=0.03,59,93.51584397149529,0.9475
UCB(c),c=0.03,60,108.60448803655252,0.951
UCB(c),c=0.03,61,114.64112893997323,0.9485
UCB(c),c=0.03,62,149.8431921882392,0.8865
UCB(c),c=0.03,63,98.02856133696275,0.937
UCB(c),c=0.03,64,99.95327842632197,0.95
UCB(c),c=0.03,65,96.46870074240886,0.9495
UCB(c),c=0.03,66,99.79908491187882,0.9325
UCB(c),c=0.03,67,92.81951695781676,0.9365
UCB(c),c=0.03,68,96.84225278282497,0.949
UCB(c),c=0.03,69,111.62773077083254,0.9475
UCB(c),c=0.03,70,85.63269921231006,0.9385
UCB(c),c=0.03,71,99.1674311693209,0.9435
UCB(c),c=0.03,72,96.26241915701848,0.947
UCB(c),c=0.03,73,99.3893613539438,0.94
UCB(c),c=0.03,74,85.9323820214772,0.9295
UCB(c),c=0.03,75,103.57917598116325,0.948
UCB(c),c=0.03,76,104.38762795972481,0.945
UCB(c),c=0.03,77,92.05467586055444,0.932
UCB(c),c=0.03,78,92.24178794935794,0.91
UCB(c),c=0.03,79,99.87184379504298,0.948
UCB(c),c=0.03,80,104.83806826027917,0.9295
UCB(c),c=0.03,81,91.77982739710848,0.9415
UCB(c),c=0.03,82,97.35340068494558,0.949
UCB(c),c=0.03,83,107.65601206443785,0.9325
UCB(c),c=0.03,84,100.56677369355835,0.948
UCB(c),c=0.03,85,100.0296331779821,0.9435
UCB(c),c=0.03,86,126.03475655999024,0.928
UCB(c),c=0.03,87,136.9100746105754,0.913
UCB(c),c=0.03,88,93.2682694557469,0.9425
UCB(c),c=0.03,89,104.2845699920557,0.883
UCB(c),c=0.03,90,109.14155865873596,0.9365
UCB(c),c=0.03,91,95.41265464380605,0.9505
UCB(c),c=0.03,92,101.0448237147971,0.951
UCB(c),c=0.03,93,96.16646437717512,0.9505
UCB(c),c=0.03,94,90.97942430856783,0.9265
UCB(c),c=0.03,95,93.05317982735616,0.9365
UCB(c),c=0.03,96,97.3663909623647,0.946
UCB(c),c=0.03,97,99.59939904749037,0.938
UCB(c),c=0.03,98,148.3582601155819,0.912
UCB(c),c=0.03,99,92.33878830533362,0.944
UCB(c),c=0.05,0,85.85116571327767,0.9495
UCB(c),c=0.05,1,97.35678940364598,0.925
UCB(c),c=0.05,2,101.47923924590641,0.9375
UCB(c),c=0.05,3,106.06873890628094,0.916
UCB(c),c=0.05,4,102.11550229413074,0.9325
UCB(c),c=0.05,5,93.70573946910088,0.9495
UCB(c),c=0.05,6,92.26955630883371,0.9455
UCB(c),c=0.05,7,120.56592416492217,0.939
UCB(c),c=0.05,8,86.01993628616923,0.937
UCB(c),c=0.05,9,95.53620615561516,0.9435
UCB(c),c=0.05,10,102.6754819901921,0.9355
UCB(c),c=0.05,11,105.93762342557419,0.948
UCB(c),c=0.05,12,112.52249111148168,0.901
UCB(c),c=0.05,13,98.82098503729556,0.9435
UCB(c),c=0.05,14,93.07651355069773,0.9485
UCB(c),c=0.05,15,95.22947817610017,0.949
UCB(c),c=0.05,16,90.05980741698971,0.9425
UCB(c),c=0.05,17,92.55208632617727,0.9485
UCB(c),c=0.05,18,83.20271341423796,0.9505
UCB(c),c=0.05,19,97.21530334401768,0.942
UCB(c),c=0.05,20,103.889189220593,0.943
UCB(c),c=0.05,21,112.32772043483786,0.944
UCB(c),c=0.05,22,92.69548718328171,0.9425
UCB(c),c=0.05,23,80.2732579412044,0.946
UCB(c),c=0.05,24,102.77489613281271,0.9235
UCB(c),c=0.05,25,107.47477941498565,0.941
UCB(c),c=0.05,26,92.05273757208624,0.9495
UCB(c),c=0.05,27,97.86293733231527,0.9475
UCB(c),c=0.05,28,92.56726949396972,0.946
UCB(c),c=0.05,29,100.88950109677634,0.948
UCB(c),c=0.05,30,101.54051407000158,0.949
UCB(c),c=0.05,31,92.78909050600635,0.948
UCB(c),c=0.05,32,93.51584990727464,0.9385
UCB(c),c=0.05,33,95.50443695825743,0.949
UCB(c),c=0.05,34,109.81957750852933,0.949
UCB(c),c=0.05,35,105.85681464192592,0.946
UCB(c),c=0.05,36,141.85142651835048,0.8895
UCB(c),c=0.05,37,119.40869935400973,0.9435
UCB(c),c=0.05,38,111.79807636510745,0.9385
UCB(c),c=0.05,39,103.70762073055292,0.9425
UCB(c),c=0.05,40,102.56412229692542,0.944
UCB(c),c=0.05,41,97.50547564736723,0.9465
UCB(c),c=0.05,42,97.17907379959924,0.924
UCB(c),c=0.05,43,104.99485150102758,0.9475
UCB(c),c=0.05,44,88.17256480292559,0.948
UCB(c),c=0.05,45,102.37261128796422,0.948
UCB(c),c=0.05,46,96.8715106063991,0.942
UCB(c),c=0.05,47,103.0397356757712,0.944
UCB(c),c=0.05,48,99.80260924879765,0.9435
UCB(c),c=0.05,49,99.70338772506508,0.946
UCB(c),c=0.05,50,91.16510741421146,0.9405
UCB(c),c=0.05,51,114.64973636492891,0.949
UCB(c),c=0.05,52,107.15281379885731,0.947
UCB(c),c=0.05,53,104.86609415608392,0.948
UCB(c),c=0.05,54,109.55197653833947,0.938
UCB(c),c=0.05,55,102.40522514094431,0.95
UCB(c),c=0.05,56,114.84409964105976,0.9445
UCB(c),c=0.05,57,117.13216061788074,0.925
UCB(c),c=0.05,58,98.19385244076156,0.9415
UCB(c),c=0.05,59,93.26473488284779,0.9475
UCB(c),c=0.05,60,108.60448803655252,0.951
UCB(c),c=0.05,61,113.9924141228542,0.9485
UCB(c),c=0.05,62,155.26603565420976,0.8835
UCB(c),c=0.05,63,85.65901945461721,0.9425
UCB(c),c=0.05,64,99.95327842632197,0.95
UCB(c),c=0.05,65,98.3060063732112,0.949
UCB(c),c=0.05,66,101.45926040693112,0.9315
UCB(c),c=0.05,67,94.49041384235464,0.935
UCB(c),c=0.05,68,96.9699200429443,0.9485
UCB(c),c=0.05,69,111.62773077083254,0.9475
UCB(c),c=0.05,70,88.1870245512151,0.9375
UCB(c),c=0.05,71,95.68650716251122,0.944
UCB(c),c=0.05,72,97.47051264327874,0.9455
UCB(c),c=0.05,73,99.99672540581483,0.9395
UCB(c),c=0.05,74,94.68881683579444,0.9235
UCB(c),c=0.05,75,106.73354054786867,0.9465
UCB(c),c=0.05,76,104.38762795972481,0.945
UCB(c),c=0.05,77,92.9622872228118,0.9315
UCB(c),c=0.05,78,85.59260288998489,0.9135
UCB(c),c=0.05,79,101.7569949187129,0.948
UCB(c),c=0.05,80,106.76452143226997,0.9305
UCB(c),c=0.05,81,92.58241292214217,0.941
UCB(c),c=0.05,82,98.6532167588562,0.9485
UCB(c),c=0.05,83,155.78920454010628,0.91
UCB(c),c=0.05,84,102.38928142650722,0.948
UCB(c),c=0.05,85,102.38638223197756,0.943
UCB(c),c=0.05,86,119.59691780734903,0.9295
UCB(c),c=0.05,87,110.16746868519719,0.9265
UCB(c),c=0.05,88,93.2682694557469,0.9425
UCB(c),c=0.05,89,97.96384786812897,0.8865
UCB(c),c=0.05,90,108.99369591224334,0.9365
UCB(c),c=0.05,91,95.41265464380605,0.9505
UCB(c),c=0.05,92,101.0448237147971,0.951
UCB(c),c=0.05,93,96.24110539963118,0.95
UCB(c),c=0.05,94,98.9204875880012,0.9225
UCB(c),c=0.05,95,93.66529619542489,0.936
UCB(c),c=0.05,96,104.31354980107716,0.9425
UCB(c),c=0.05,97,103.91793778595967,0.9345
UCB(c),c=0.05,98,99.53469352259097,0.9375
UCB(c),c=0.05,99,94.67225853653466,0.9425
UCB(c),c=0.075,0,87.81574529720639,0.948
UCB(c),c=0.075,1,91.09563724165675,0.93
UCB(c),c=0.075,2,105.10668837192911,0.9365
UCB(c),c=0.075,3,106.64394025678615,0.915
UCB(c),c=0.075,4,97.04036939290293,0.9365
UCB(c),c=0.075,5,99.01778727165255,0.9475
UCB(c),c=0.075,6,96.09362773793518,0.9435
UCB(c),c=0.075,7,121.84976013092529,0.9375
UCB(c),c=0.075,8,91.45549279877503,0.9335
UCB(c),c=0.075,9,95.89147378518109,0.9445
UCB(c),c=0.075,10,99.38070181380256,0.938
UCB(c),c=0.075,11,110.37330514498608,0.9465
UCB(c),c=0.075,12,110.82502393912866,0.899
UCB(c),c=0.075,13,103.07108523978579,0.942
UCB(c),c=0.075,14,93.55693163510752,0.9485
UCB(c),c=0.075,15,95.95216473130762,0.948
UCB(c),c=0.075,16,96.01918938612427,0.9405
UCB(c),c=0.075,17,92.33105038308506,0.948
UCB(c),c=0.075,18,83.80349783639834,0.949
UCB(c),c=0.075,19,98.4688214242382,0.9415
UCB(c),c=0.075,20,96.45671071667823,0.9445
UCB(c),c=0.075,21,111.57096628466826,0.943
UCB(c),c=0.075,22,97.92897267718202,0.9415
UCB(c),c=0.075,23,80.66890118656978,0.9465
UCB(c),c=0.075,24,107.53630700345501,0.922
UCB(c),c=0.075,25,109.15447005645211,0.9405
UCB(c),c=0.075,26,96.57718557600242,0.948
UCB(c),c=0.075,27,101.83342484107975,0.9475
UCB(c),c=0.075,28,95.67001214481544,0.9435
UCB(c),c=0.075,29,98.57011697433344,0.9485
UCB(c),c=0.075,30,109.23944778562725,0.9475
UCB(c),c=0.075,31,98.8125872885769,0.9455
UCB(c),c=0.075,32,91.640819766573,0.938
UCB(c),c=0.075,33,95.50443695825743,0.949
UCB(c),c=0.075,34,110.4946484019185,0.9485
UCB(c),c=0.075,35,108.1996635650707,0.946
UCB(c),c=0.075,36,148.96216166467346,0.888
UCB(c),c=0.075,37,113.90377529595366,0.945
UCB(c),c=0.075,38,108.71994561192692,0.9395
UCB(c),c=0.075,39,102.58520854098796,0.9425
UCB(c),c=0.075,40,103.1699941401265,0.9435
UCB(c),c=0.075,41,102.37985443449435,0.944
UCB(c),c=0.075,42,97.36587361488773,0.9235
UCB(c),c=0.075,43,103.52707256602206,0.9475
UCB(c),c=0.075,44,89.62650149428706,0.947
UCB(c),c=0.075,45,102.37261128796422,0.948
UCB(c),c=0.075,46,98.26636893187931,0.9415
UCB(c),c=0.075,47,103.69808600634522,0.943
UCB(c),c=0.075,48,102.27099198979684,0.9425
UCB(c),c=0.075,49,100.1892967428342,0.946
UCB(c),c=0.075,50,92.80773610978359,0.9405
UCB(c),c=0.075,51,114.1424990446661,0.948
UCB(c),c=0.075,52,103.95481462450411,0.947
UCB(c),c=0.075,53,110.96273172071693,0.946
UCB(c),c=0.075,54,117.86203202951408,0.9365
UCB(c),c=0.075,55,103.94952782501655,0.949
UCB(c),c=0.075,56,116.89680672332315,0.944
UCB(c),c=0.075,57,113.9094467998594,0.9255
UCB(c),c=0.075,58,94.46416186299486,0.943
UCB(c),c=0.075,59,95.20385730580125,0.946
UCB(c),c=0.075,60,111.43084760154875,0.95
UCB(c),c=0.075,61,119.23164689034702,0.9465
UCB(c),c=0.075,62,152.92147511568362,0.886
UCB(c),c=0.075,63,88.7861080171273,0.9415
UCB(c),c=0.075,64,103.64340848787086,0.948
UCB(c),c=0.075,65,97.84925351785327,0.949
UCB(c),c=0.075,66,100.92308441885798,0.9315
UCB(c),c=0.075,67,93.62046949470236,0.936
UCB(c),c=0.075,68,98.84833900146921,0.948
UCB(c),c=0.075,69,113.15588952740428,0.9465
UCB(c),c=0.075,70,91.24914487352635,0.9355
UCB(c),c=0.075,71,102.29196595970991,0.941
UCB(c),c=0.075,72,99.43049567040973,0.9445
UCB(c),c=0.075,73,103.13704136608891,0.9375
UCB(c),c=0.075,74,93.99413938006985,0.924
UCB(c),c=0.075,75,106.0949413760959,0.947
UCB(c),c=0.075,76,104.86868726003601,0.944
UCB(c),c=0.075,77,101.65613208975968,0.93
UCB(c),c=0.075,78,85.95358794812189,0.9135
UCB(c),c=0.075,79,96.79312845059428,0.948
UCB(c),c=0.075,80,113.7456880614574,0.929
UCB(c),c=0.075,81,92.7666555294935,0.941
UCB(c),c=0.075,82,104.27907347656303,0.946
UCB(c),c=0.075,83,112.21525388456992,0.9275
UCB(c),c=0.075,84,102.87364485600509,0.947
UCB(c),c=0.075,85,104.42927575457762,0.9415
UCB(c),c=0.075,86,115.51888974303864,0.934
UCB(c),c=0.075,87,97.01387328064949,0.9335
UCB(c),c=0.075,88,97.98929717659851,0.9405
UCB(c),c=0.075,89,99.9274071954816,0.8865
UCB(c),c=0.075,90,106.45564960847604,0.937
UCB(c),c=0.075,91,97.35565569437114,0.949
UCB(c),c=0.075,92,101.50693939854726,0.951
UCB(c),c=0.075,93,99.83333678523715,0.949
UCB(c),c=0.075,94,98.92201275869807,0.9225
UCB(c),c=0.075,95,93.83813546045762,0.9355
UCB(c),c=0.075,96,99.2386851718779,0.9445
UCB(c),c=0.075,97,105.23170306911813,0.9375
UCB(c),c=0.075,98,91.67221082665698,0.9415
UCB(c),c=0.075,99,95.19240494702227,0.942
UCB(c),c=0.1,0,93.64351046611331,0.9465
UCB(c),c=0.1,1,106.9803067865659,0.918
UCB(c),c=0.1,2,101.67700956734134,0.9375
UCB(c),c=0.1,3,101.95349166371716,0.918
UCB(c),c=0.1,4,104.60197172454244,0.9325
UCB(c),c=0.1,5,102.45030059415849,0.946
UCB(c),c=0.1,6,99.66321730385646,0.9425
UCB(c),c=0.1,7,127.7250081472945,0.9355
UCB(c),c=0.1,8,89.83960497013071,0.9345
UCB(c),c=0.1,9,96.83656665901529,0.9435
UCB(c),c=0.1,10,104.47457690963095,0.9355
UCB(c),c=0.1,11,108.26714946878428,0.945
UCB(c),c=0.1,12,111.94853927989368,0.9015
UCB(c),c=0.1,13,108.9282836934948,0.941
UCB(c),c=0.1,14,94.59351937708855,0.9485
UCB(c),c=0.1,15,98.49628621314174,0.9475
UCB(c),c=0.1,16,92.11436429269752,0.942
UCB(c),c=0.1,17,94.2273912578714,0.947
UCB(c),c=0.1,18,85.65208275162828,0.9485
UCB(c),c=0.1,19,102.57902561639015,0.9395
UCB(c),c=0.1,20,96.30337319600076,0.9435
UCB(c),c=0.1,21,110.1134484497267,0.9435
UCB(c),c=0.1,22,98.40306285213566,0.9405
UCB(c),c=0.1,23,81.78821431456153,0.9445
UCB(c),c=0.1,24,110.01029739278333,0.9205
UCB(c),c=0.1,25,108.25470553296276,0.94
UCB(c),c=0.1,26,103.48281740526508,0.9465
UCB(c),c=0.1,27,102.56320708677248,0.945
UCB(c),c=0.1,28,99.60542967825363,0.9415
UCB(c),c=0.1,29,104.02223821480948,0.9455
UCB(c),c=0.1,30,105.97015996705187,0.9455
UCB(c),c=0.1,31,99.81556123113916,0.945
UCB(c),c=0.1,32,100.18340088350097,0.9365
UCB(c),c=0.1,33,95.50443695825743,0.949
UCB(c),c=0.1,34,116.04307214247251,0.946
UCB(c),c=0.1,35,116.25553731280056,0.943
UCB(c),c=0.1,36,111.8175813961833,0.9105
UCB(c),c=0.1,37,116.98623993939304,0.943
UCB(c),c=0.1,38,107.87647773727323,0.938
UCB(c),c=0.1,39,104.88796287284889,0.9415
UCB(c),c=0.1,40,106.20393601323917,0.9405
UCB(c),c=0.1,41,107.79939843449955,0.9425
UCB(c),c=0.1,42,100.5818704467734,0.9205
UCB(c),c=0.1,43,113.81040798721983,0.9455
UCB(c),c=0.1,44,93.980567888303,0.9465
UCB(c),c=0.1,45,104.43257107718422,0.947
UCB(c),c=0.1,46,101.29394980986532,0.939
UCB(c),c=0.1,47,103.52385404530216,0.943
UCB(c),c=0.1,48,106.52273047125429,0.939
UCB(c),c=0.1,49,103.30150520952056,0.944
UCB(c),c=0.1,50,93.14743486791548,0.94
UCB(c),c=0.1,51,118.30245132790385,0.947
UCB(c),c=0.1,52,107.23733753521184,0.9435
UCB(c),c=0.1,53,109.58289505356312,0.946
UCB(c),c=0.1,54,110.74872945301776,0.9365
UCB(c),c=0.1,55,108.32559348139657,0.9465
UCB(c),c=0.1,56,128.83016334288916,0.9395
UCB(c),c=0.1,57,91.12889587560686,0.931
UCB(c),c=0.1,58,103.80930140747006,0.9405
UCB(c),c=0.1,59,97.05720283933479,0.9455
UCB(c),c=0.1,60,111.6256312974218,0.9495
UCB(c),c=0.1,61,121.66096054585508,0.946
UCB(c),c=0.1,62,162.57204723314362,0.881
UCB(c),c=0.1,63,92.63753901153024,0.9405
UCB(c),c=0.1,64,108.3746899626405,0.946
UCB(c),c=0.1,65,104.7954579584912,0.947
UCB(c),c=0.1,66,103.73674545376981,0.932
UCB(c),c=0.1,67,103.20509543950223,0.9355
UCB(c),c=0.1,68,102.00729888698416,0.947
UCB(c),c=0.1,69,117.27143087497628,0.9445
UCB(c),c=0.1,70,92.0606549278975,0.9345
UCB(c),c=0.1,71,111.70481384210818,0.9385
UCB(c),c=0.1,72,101.68783731843999,0.943
UCB(c),c=0.1,73,108.08750247105336,0.936
UCB(c),c=0.1,74,97.45671029956104,0.9215
UCB(c),c=0.1,75,107.41740004172499,0.946
UCB(c),c=0.1,76,107.49766533174657,0.9445
UCB(c),c=0.1,77,110.13712301999446,0.924
UCB(c),c=0.1,78,95.83894489961916,0.908
UCB(c),c=0.1,79,98.77846609641698,0.947
UCB(c),c=0.1,80,110.20788303716662,0.9295
UCB(c),c=0.1,81,97.64771843977981,0.9375
UCB(c),c=0.1,82,107.2217350879093,0.945
UCB(c),c=0.1,83,122.4154404304985,0.926
UCB(c),c=0.1,84,106.40905434672867,0.9445
UCB(c),c=0.1,85,109.24882896504322,0.9375
UCB(c),c=0.1,86,119.57224843084984,0.932
UCB(c),c=0.1,87,102.4501904927817,0.933
UCB(c),c=0.1,88,101.22981658619959,0.939
UCB(c),c=0.1,89,102.12739129570792,0.883
UCB(c),c=0.1,90,122.09907732720333,0.9275
UCB(c),c=0.1,91,97.67141889288249,0.948
UCB(c),c=0.1,92,102.8332714220658,0.95
UCB(c),c=0.1,93,102.05321398201463,0.9475
UCB(c),c=0.1,94,98.39929989542631,0.9225
UCB(c),c=0.1,95,100.35373694385855,0.9325
UCB(c),c=0.1,96,108.63991323621242,0.9395
UCB(c),c=0.1,97,124.40875279959404,0.9285
UCB(c),c=0.1,98,91.67221082665698,0.9415
UCB(c),c=0.1,99,97.59576856462115,0.939
UCB(c),c=0.2,0,119.50349071719351,0.9335
UCB(c),c=0.2,1,131.58269318942334,0.916
UCB(c),c=0.2,2,135.77467225667345,0.924
UCB(c),c=0.2,3,113.63098763700913,0.91
UCB(c),c=0.2,4,127.15527817369325,0.9215
UCB(c),c=0.2,5,131.729690673453,0.931
UCB(c),c=0.2,6,122.17569586545781,0.9285
UCB(c),c=0.2,7,160.3962114303144,0.919
UCB(c),c=0.2,8,121.45863892335556,0.922
UCB(c),c=0.2,9,121.5468833860466,0.93
UCB(c),c=0.2,10,127.9539345455718,0.924
UCB(c),c=0.2,11,127.86982360607827,0.933
UCB(c),c=0.2,12,121.09235786404639,0.8945
UCB(c),c=0.2,13,137.5116919525818,0.9235
UCB(c),c=0.2,14,123.67256085997248,0.933
UCB(c),c=0.2,15,114.02229269525323,0.936
UCB(c),c=0.2,16,114.99368505260695,0.932
UCB(c),c=0.2,17,116.68083035780343,0.9355
UCB(c),c=0.2,18,104.24631905024626,0.9365
UCB(c),c=0.2,19,145.46859407555544,0.919
UCB(c),c=0.2,20,114.11546844344714,0.934
UCB(c),c=0.2,21,142.70715502193895,0.929
UCB(c),c=0.2,22,125.1890871459048,0.9265
UCB(c),c=0.2,23,102.84985655897785,0.935
UCB(c),c=0.2,24,179.74781967996998,0.892
UCB(c),c=0.2,25,137.2266586218667,0.9225
UCB(c),c=0.2,26,123.2826571790001,0.933
UCB(c),c=0.2,27,126.99388839994275,0.9365
UCB(c),c=0.2,28,135.5609667394912,0.93
UCB(c),c=0.2,29,133.88916135604535,0.933
UCB(c),c=0.2,30,139.81374981289898,0.9305
UCB(c),c=0.2,31,133.72379689081237,0.932
UCB(c),c=0.2,32,127.24684176709931,0.922
UCB(c),c=0.2,33,117.53707043460356,0.9375
UCB(c),c=0.2,34,146.4680911970309,0.932
UCB(c),c=0.2,35,158.49189184777492,0.93
UCB(c),c=0.2,36,146.38463242712,0.8925
UCB(c),c=0.2,37,143.2337551767271,0.929
UCB(c),c=0.2,38,131.64673423988913,0.925
UCB(c),c=0.2,39,143.14733925213656,0.923
UCB(c),c=0.2,40,124.15606628430388,0.9275
UCB(c),c=0.2,41,135.42728656292064,0.923
UCB(c),c=0.2,42,128.20780032092694,0.912
UCB(c),c=0.2,43,129.68144861575445,0.9315
UCB(c),c=0.2,44,132.59647744475868,0.928
UCB(c),c=0.2,45,159.8014956113521,0.9255
UCB(c),c=0.2,46,123.6945357500355,0.9265
UCB(c),c=0.2,47,138.94001119569575,0.923
UCB(c),c=0.2,48,122.24430991934598,0.9305
UCB(c),c=0.2,49,124.15877745359585,0.931
UCB(c),c=0.2,50,115.71760729321561,0.9295
UCB(c),c=0.2,51,146.97957995602988,0.934
UCB(c),c=0.2,52,136.01722029961235,0.9305
UCB(c),c=0.2,53,139.04908298463832,0.931
UCB(c),c=0.2,54,142.0071548977473,0.9215
UCB(c),c=0.2,55,145.36436221074564,0.9295
UCB(c),c=0.2,56,146.18161611042763,0.9235
UCB(c),c=0.2,57,115.43381909748402,0.9215
UCB(c),c=0.2,58,124.89959541167384,0.9265
UCB(c),c=0.2,59,122.53943884167049,0.932
UCB(c),c=0.2,60,136.52174696752985,0.9405
UCB(c),c=0.2,61,151.36299958831214,0.9275
UCB(c),c=0.2,62,134.83594233346855,0.894
UCB(c),c=0.2,63,105.4067910117533,0.9315
UCB(c),c=0.2,64,152.67286697470806,0.925
UCB(c),c=0.2,65,139.8566317996382,0.933
UCB(c),c=0.2,66,133.88696651781675,0.916
UCB(c),c=0.2,67,113.42119443051227,0.927
UCB(c),c=0.2,68,129.37306918842572,0.933
UCB(c),c=0.2,69,151.10301319147732,0.9245
UCB(c),c=0.2,70,121.05799669299302,0.92
UCB(c),c=0.2,71,137.02424856093452,0.9235
UCB(c),c=0.2,72,139.97217061010343,0.9225
UCB(c),c=0.2,73,143.6620084562331,0.9205
UCB(c),c=0.2,74,125.32991731545384,0.9125
UCB(c),c=0.2,75,146.99671484465597,0.9275
UCB(c),c=0.2,76,127.28864685550165,0.9335
UCB(c),c=0.2,77,123.17423358651189,0.9145
UCB(c),c=0.2,78,115.31669242728016,0.8985
UCB(c),c=0.2,79,131.32430642780702,0.9285
UCB(c),c=0.2,80,143.07964456523354,0.912
UCB(c),c=0.2,81,137.878315588455,0.9235
UCB(c),c=0.2,82,149.90852453066137,0.928
UCB(c),c=0.2,83,136.78277182588775,0.912
UCB(c),c=0.2,84,132.86436419754122,0.933
UCB(c),c=0.2,85,125.287018612258,0.9295
UCB(c),c=0.2,86,141.20158991342205,0.9195
UCB(c),c=0.2,87,119.98666749807137,0.922
UCB(c),c=0.2,88,121.53312622870764,0.928
UCB(c),c=0.2,89,132.01379604909067,0.8705
UCB(c),c=0.2,90,140.20416995346696,0.9175
UCB(c),c=0.2,91,139.30748337397497,0.9315
UCB(c),c=0.2,92,128.12439577097436,0.9405
UCB(c),c=0.2,93,126.08536500595812,0.931
UCB(c),c=0.2,94,138.5926759634537,0.905
UCB(c),c=0.2,95,133.33549140212503,0.9175
UCB(c),c=0.2,96,138.3917595943519,0.9275
UCB(c),c=0.2,97,145.18626724088344,0.9215
UCB(c),c=0.2,98,126.78751431155698,0.9275
UCB(c),c=0.2,99,114.17291971488103,0.9315
UCB(c),c=0.5,0,276.56841882376204,0.856
UCB(c),c=0.5,1,333.00403503065667,0.811
UCB(c),c=0.5,2,312.9225313858305,0.8395
UCB(c),c=0.5,3,299.7628819062768,0.8195
UCB(c),c=0.5,4,269.1600645303822,0.843
UCB(c),c=0.5,5,298.7774920522471,0.8445
UCB(c),c=0.5,6,297.60734331791787,0.842
UCB(c),c=0.5,7,324.7797626138709,0.833
UCB(c),c=0.5,8,294.1708386196938,0.8315
UCB(c),c=0.5,9,319.350821450479,0.834
UCB(c),c=0.5,10,343.92206039962537,0.8135
UCB(c),c=0.5,11,309.0167156256704,0.837
UCB(c),c=0.5,12,262.8594028398037,0.823
UCB(c),c=0.5,13,313.0270135899799,0.8445
UCB(c),c=0.5,14,315.2072615514987,0.838
UCB(c),c=0.5,15,319.211375075727,0.8405
UCB(c),c=0.5,16,279.94183390862935,0.847
UCB(c),c=0.5,17,331.4661719212252,0.829
UCB(c),c=0.5,18,295.02321251093764,0.8345
UCB(c),c=0.5,19,321.1564181908804,0.832
UCB(c),c=0.5,20,332.9880248257939,0.8355
UCB(c),c=0.5,21,318.8324157716893,0.8385
UCB(c),c=0.5,22,286.1824764069832,0.8415
UCB(c),c=0.5,23,276.31809433514655,0.85
UCB(c),c=0.5,24,387.2600578256493,0.794
UCB(c),c=0.5,25,373.9009401767763,0.8135
UCB(c),c=0.5,26,318.3785292678193,0.8385
UCB(c),c=0.5,27,285.41695629536133,0.8485
UCB(c),c=0.5,28,287.1052120093982,0.8525
UCB(c),c=0.5,29,289.8979005087032,0.853
UCB(c),c=0.5,30,305.5777576917488,0.8505
UCB(c),c=0.5,31,298.68509112469064,0.846
UCB(c),c=0.5,32,294.79060596036277,0.838
UCB(c),c=0.5,33,352.1008849097628,0.822
UCB(c),c=0.5,34,299.59176774748903,0.849
UCB(c),c=0.5,35,297.8420819629894,0.845
UCB(c),c=0.5,36,298.7932345798991,0.8055
UCB(c),c=0.5,37,337.2228789897085,0.834
UCB(c),c=0.5,38,349.5977015558819,0.826
UCB(c),c=0.5,39,312.6257699053695,0.836
UCB(c),c=0.5,40,304.75308241993287,0.838
UCB(c),c=0.5,41,313.0259489067505,0.8365
UCB(c),c=0.5,42,311.08734689932385,0.8175
UCB(c),c=0.5,43,327.3504556725468,0.8285
UCB(c),c=0.5,44,290.84537472383846,0.846
UCB(c),c=0.5,45,360.71349526799315,0.8225
UCB(c),c=0.5,46,332.69844418876943,0.8275
UCB(c),c=0.5,47,327.1825545204387,0.8315
UCB(c),c=0.5,48,307.34107776598074,0.8405
UCB(c),c=0.5,49,326.4190966420481,0.832
UCB(c),c=0.5,50,289.68424717799485,0.848
UCB(c),c=0.5,51,331.1002232607134,0.85
UCB(c),c=0.5,52,294.771770378125,0.844
UCB(c),c=0.5,53,296.14014663043145,0.841
UCB(c),c=0.5,54,300.1199474633678,0.8505
UCB(c),c=0.5,55,313.7755318412212,0.8425
UCB(c),c=0.5,56,314.8725963004407,0.8355
UCB(c),c=0.5,57,311.8629611960078,0.822
UCB(c),c=0.5,58,317.624426823647,0.8345
UCB(c),c=0.5,59,290.7930776809189,0.844
UCB(c),c=0.5,60,272.20954133034707,0.8685
UCB(c),c=0.5,61,304.408073931372,0.85
UCB(c),c=0.5,62,328.28227370072466,0.7925
UCB(c),c=0.5,63,280.8279170534561,0.853
UCB(c),c=0.5,64,347.21738111530277,0.822
UCB(c),c=0.5,65,320.1776251787772,0.835
UCB(c),c=0.5,66,298.6224224835212,0.826
UCB(c),c=0.5,67,292.00854834731325,0.8345
UCB(c),c=0.5,68,320.0354057876992,0.83
UCB(c),c=0.5,69,369.86964816401166,0.82
UCB(c),c=0.5,70,277.07299324188006,0.8325
UCB(c),c=0.5,71,312.49137226350877,0.846
UCB(c),c=0.5,72,327.40464392132986,0.834
UCB(c),c=0.5,73,300.59145043373553,0.8505
UCB(c),c=0.5,74,286.93481061517724,0.836
UCB(c),c=0.5,75,295.1500809051023,0.842
UCB(c),c=0.5,76,301.727476716416,0.838
UCB(c),c=0.5,77,299.2639435929031,0.8245
UCB(c),c=0.5,78,301.08830918017475,0.8025
UCB(c),c=0.5,79,285.04967208634025,0.848
UCB(c),c=0.5,80,330.8317583558034,0.8135
UCB(c),c=0.5,81,296.6843363213033,0.8405
UCB(c),c=0.5,82,335.93385878080284,0.8335
UCB(c),c=0.5,83,325.8434877611118,0.8175
UCB(c),c=0.5,84,327.348927254699,0.8405
UCB(c),c=0.5,85,331.32597285670863,0.831
UCB(c),c=0.5,86,285.2945021392546,0.846
UCB(c),c=0.5,87,296.3353560873173,0.8285
UCB(c),c=0.5,88,342.42123096959403,0.828
UCB(c),c=0.5,89,289.33436397262636,0.795
UCB(c),c=0.5,90,344.36074278212357,0.821
UCB(c),c=0.5,91,335.53076622342803,0.838
UCB(c),c=0.5,92,283.26261077046007,0.865
UCB(c),c=0.5,93,303.35104094887015,0.8455
UCB(c),c=0.5,94,304.28915389550514,0.8275
UCB(c),c=0.5,95,324.5988389299684,0.8215
UCB(c),c=0.5,96,330.02142247221303,0.8335
UCB(c),c=0.5,97,291.9701915107005,0.838
UCB(c),c=0.5,98,282.1540209409115,0.844
UCB(c),c=0.5,99,322.5530921761059,0.831
UCB(c),c=sqrt(2),0,575.3331275651775,0.7145
UCB(c),c=sqrt(2),1,629.6859545091272,0.665
UCB(c),c=sqrt(2),2,659.2014812563455,0.6605
UCB(c),c=sqrt(2),3,630.6191250724935,0.644
UCB(c),c=sqrt(2),4,587.9358366710818,0.7025
UCB(c),c=sqrt(2),5,612.021051701103,0.691
UCB(c),c=sqrt(2),6,567.07146243917,0.7145
UCB(c),c=sqrt(2),7,681.2128098480185,0.658
UCB(c),c=sqrt(2),8,738.7692354202003,0.6065
UCB(c),c=sqrt(2),9,604.7429777103563,0.691
UCB(c),c=sqrt(2),10,663.1518178066252,0.642
UCB(c),c=sqrt(2),11,685.3877473580135,0.645
UCB(c),c=sqrt(2),12,520.3258693509707,0.6845
UCB(c),c=sqrt(2),13,591.2864149129675,0.7045
UCB(c),c=sqrt(2),14,643.2511715182054,0.671
UCB(c),c=sqrt(2),15,631.096801906252,0.678
UCB(c),c=sqrt(2),16,616.854952640714,0.684
UCB(c),c=sqrt(2),17,757.9679759489488,0.622
UCB(c),c=sqrt(2),18,654.966184258203,0.656
UCB(c),c=sqrt(2),19,631.0016781736109,0.693
UCB(c),c=sqrt(2),20,731.867984541091,0.641
UCB(c),c=sqrt(2),21,643.5507129140002,0.667
UCB(c),c=sqrt(2),22,614.0495843934438,0.681
UCB(c),c=sqrt(2),23,637.605981848519,0.6775
UCB(c),c=sqrt(2),24,673.4035138864364,0.651
UCB(c),c=sqrt(2),25,736.4646723032649,0.6195
UCB(c),c=sqrt(2),26,655.8955472515637,0.665
UCB(c),c=sqrt(2),27,605.2355283670184,0.6915
UCB(c),c=sqrt(2),28,550.6994805342204,0.7245
UCB(c),c=sqrt(2),29,640.580421783068,0.668
UCB(c),c=sqrt(2),30,659.944298615796,0.674
UCB(c),c=sqrt(2),31,625.4678926149435,0.6755
UCB(c),c=sqrt(2),32,584.2968833865551,0.704
UCB(c),c=sqrt(2),33,705.7689340878771,0.6355
UCB(c),c=sqrt(2),34,606.2731082303901,0.693
UCB(c),c=sqrt(2),35,668.2863895769066,0.668
UCB(c),c=sqrt(2),36,629.1393999334418,0.643
UCB(c),c=sqrt(2),37,709.8212115217706,0.652
UCB(c),c=sqrt(2),38,750.2857968235361,0.621
UCB(c),c=sqrt(2),39,623.6475520472492,0.6755
UCB(c),c=sqrt(2),40,712.8731387659252,0.6445
UCB(c),c=sqrt(2),41,582.297802545211,0.702
UCB(c),c=sqrt(2),42,677.2048567460686,0.6315
UCB(c),c=sqrt(2),43,686.2516373299346,0.6585
UCB(c),c=sqrt(2),44,610.7667975529461,0.685
UCB(c),c=sqrt(2),45,692.2295686072289,0.6585
UCB(c),c=sqrt(2),46,692.320451749019,0.6435
UCB(c),c=sqrt(2),47,614.3200970318217,0.683
UCB(c),c=sqrt(2),48,655.2667364079334,0.652
UCB(c),c=sqrt(2),49,665.9865785514424,0.6735
UCB(c),c=sqrt(2),50,652.6622986619469,0.6645
UCB(c),c=sqrt(2),51,655.3006765881366,0.674
UCB(c),c=sqrt(2),52,708.9013639008058,0.6545
UCB(c),c=sqrt(2),53,627.2706538063403,0.6755
UCB(c),c=sqrt(2),54,665.5166563770947,0.669
UCB(c),c=sqrt(2),55,675.2990791534661,0.6585
UCB(c),c=sqrt(2),56,615.2596689525099,0.685
UCB(c),c=sqrt(2),57,618.7548272127104,0.659
UCB(c),c=sqrt(2),58,620.7404022947261,0.68
UCB(c),c=sqrt(2),59,676.1658315010105,0.652
UCB(c),c=sqrt(2),60,614.5686858846144,0.6865
UCB(c),c=sqrt(2),61,605.0855843912641,0.73
UCB(c),c=sqrt(2),62,600.8201500873282,0.661
UCB(c),c=sqrt(2),63,626.395898752273,0.6725
UCB(c),c=sqrt(2),64,581.9673114746195,0.6975
UCB(c),c=sqrt(2),65,665.0476818334799,0.66
UCB(c),c=sqrt(2),66,595.1228847543136,0.6735
UCB(c),c=sqrt(2),67,685.1280618476496,0.635
UCB(c),c=sqrt(2),68,692.1716606157825,0.655
UCB(c),c=sqrt(2),69,669.2100954801725,0.6675
UCB(c),c=sqrt(2),70,631.268795948756,0.655
UCB(c),c=sqrt(2),71,654.301178537567,0.676
UCB(c),c=sqrt(2),72,648.7079712675079,0.676
UCB(c),c=sqrt(2),73,599.4742011954653,0.6895
UCB(c),c=sqrt(2),74,590.8813428910657,0.68
UCB(c),c=sqrt(2),75,601.5306804729202,0.6955
UCB(c),c=sqrt(2),76,713.1720051022884,0.6375
UCB(c),c=sqrt(2),77,623.0441857522758,0.672
UCB(c),c=sqrt(2),78,602.359947381365,0.6625
UCB(c),c=sqrt(2),79,601.4238194542573,0.697
UCB(c),c=sqrt(2),80,671.0513669221034,0.643
UCB(c),c=sqrt(2),81,683.1140918500855,0.6585
UCB(c),c=sqrt(2),82,652.7556475822892,0.6745
UCB(c),c=sqrt(2),83,649.5945666806708,0.6445
UCB(c),c=sqrt(2),84,596.4333307772107,0.7025
UCB(c),c=sqrt(2),85,619.21841261972,0.6925
UCB(c),c=sqrt(2),86,617.9737841851656,0.676
UCB(c),c=sqrt(2),87,654.6425485231686,0.643
UCB(c),c=sqrt(2),88,696.6009064463349,0.6445
UCB(c),c=sqrt(2),89,593.3458261236402,0.6525
UCB(c),c=sqrt(2),90,696.5696746720664,0.645
UCB(c),c=sqrt(2),91,632.8732026022424,0.694
UCB(c),c=sqrt(2),92,620.1635497926098,0.6935
UCB(c),c=sqrt(2),93,645.4772705141485,0.671
UCB(c),c=sqrt(2),94,583.5171493481467,0.678
UCB(c),c=sqrt(2),95,651.5982294896862,0.6545
UCB(c),c=sqrt(2),96,595.7781246832619,0.697
UCB(c),c=sqrt(2),97,620.4903842176739,0.6795
UCB(c),c=sqrt(2),98,673.9568929654154,0.6495
UCB(c),c=sqrt(2),99,672.5254466848518,0.6635
Thompson sampling,"Beta(0.25,0.25)",0,119.21704212662694,0.936
Thompson sampling,"Beta(0.25,0.25)",1,203.85317989854883,0.8795
Thompson sampling,"Beta(0.25,0.25)",2,160.8944690386702,0.907
Thompson sampling,"Beta(0.25,0.25)",3,204.95244884576326,0.8665
Thompson sampling,"Beta(0.25,0.25)",4,169.63187199783076,0.909
Thompson sampling,"Beta(0.25,0.25)",5,102.13450772185882,0.9445
Thompson sampling,"Beta(0.25,0.25)",6,158.8629373452383,0.909
Thompson sampling,"Beta(0.25,0.25)",7,179.25024124869464,0.9115
Thompson sampling,"Beta(0.25,0.25)",8,189.26770461045666,0.884
Thompson sampling,"Beta(0.25,0.25)",9,164.46411674573883,0.9075
Thompson sampling,"Beta(0.25,0.25)",10,192.23820231694373,0.8915
Thompson sampling,"Beta(0.25,0.25)",11,114.48096727701122,0.9325
Thompson sampling,"Beta(0.25,0.25)",12,208.78949601095275,0.849
Thompson sampling,"Beta(0.25,0.25)",13,143.921883872169,0.9135
Thompson sampling,"Beta(0.25,0.25)",14,125.36204304299616,0.9345
Thompson sampling,"Beta(0.25,0.25)",15,118.29022566065048,0.9385
Thompson sampling,"Beta(0.25,0.25)",16,120.80245710857265,0.9275
Thompson sampling,"Beta(0.25,0.25)",17,138.7623535778492,0.928
Thompson sampling,"Beta(0.25,0.25)",18,112.2793602560262,0.944
Thompson sampling,"Beta(0.25,0.25)",19,154.42332790650215,0.913
Thompson sampling,"Beta(0.25,0.25)",20,147.93189238658832,0.924
Thompson sampling,"Beta(0.25,0.25)",21,186.2796710023031,0.903
Thompson sampling,"Beta(0.25,0.25)",22,181.51971784642456,0.9035
Thompson sampling,"Beta(0.25,0.25)",23,123.79248433518863,0.93
Thompson sampling,"Beta(0.25,0.25)",24,266.4760507218222,0.848
Thompson sampling,"Beta(0.25,0.25)",25,239.68970065665414,0.872
Thompson sampling,"Beta(0.25,0.25)",26,108.53907310168435,0.9445
Thompson sampling,"Beta(0.25,0.25)",27,119.29733494593096,0.9355
Thompson sampling,"Beta(0.25,0.25)",28,150.3557594704763,0.922
Thompson sampling,"Beta(0.25,0.25)",29,121.58846268529093,0.9325
Thompson sampling,"Beta(0.25,0.25)",30,130.23637487384693,0.9375
Thompson sampling,"Beta(0.25,0.25)",31,157.66176246735034,0.9205
Thompson sampling,"Beta(0.25,0.25)",32,190.8757660013666,0.891
Thompson sampling,"Beta(0.25,0.25)",33,137.39830676180708,0.93
Thompson sampling,"Beta(0.25,0.25)",34,103.50088246307192,0.944
Thompson sampling,"Beta(0.25,0.25)",35,158.28168718272536,0.9165
Thompson sampling,"Beta(0.25,0.25)",36,254.4847159274574,0.8295
Thompson sampling,"Beta(0.25,0.25)",37,161.40249537017647,0.9155
Thompson sampling,"Beta(0.25,0.25)",38,206.36700897888895,0.8875
Thompson sampling,"Beta(0.25,0.25)",39,122.16192608153479,0.9275
Thompson sampling,"Beta(0.25,0.25)",40,152.10495313351387,0.9135
Thompson sampling,"Beta(0.25,0.25)",41,173.94263517628787,0.9005
Thompson sampling,"Beta(0.25,0.25)",42,208.49706864364228,0.8685
Thompson sampling,"Beta(0.25,0.25)",43,127.88804260680536,0.933
Thompson sampling,"Beta(0.25,0.25)",44,135.45829503557414,0.9215
Thompson sampling,"Beta(0.25,0.25)",45,151.33152541441112,0.929
Thompson sampling,"Beta(0.25,0.25)",46,190.6696689933436,0.89
Thompson sampling,"Beta(0.25,0.25)",47,152.32855210933104,0.915
Thompson sampling,"Beta(0.25,0.25)",48,169.20804618866663,0.916
Thompson sampling,"Beta(0.25,0.25)",49,123.03898187474634,0.9315
Thompson sampling,"Beta(0.25,0.25)",50,158.27882256005915,0.9115
Thompson sampling,"Beta(0.25,0.25)",51,101.14465064409471,0.9455
Thompson sampling,"Beta(0.25,0.25)",52,138.51924458822432,0.926
Thompson sampling,"Beta(0.25,0.25)",53,140.91647119835545,0.922
Thompson sampling,"Beta(0.25,0.25)",54,136.25861870820714,0.9205
Thompson sampling,"Beta(0.25,0.25)",55,140.8350558558827,0.922
Thompson sampling,"Beta(0.25,0.25)",56,141.44021287963645,0.9265
Thompson sampling,"Beta(0.25,0.25)",57,192.63123620381063,0.881
Thompson sampling,"Beta(0.25,0.25)",58,190.31803902861833,0.8975
Thompson sampling,"Beta(0.25,0.25)",59,133.97560280275914,0.9275
Thompson sampling,"Beta(0.25,0.25)",60,115.07992444844943,0.9495
Thompson sampling,"Beta(0.25,0.25)",61,150.3548870758064,0.9285
Thompson sampling,"Beta(0.25,0.25)",62,253.3806354259638,0.8445
Thompson sampling,"Beta(0.25,0.25)",63,136.61895343811622,0.918
Thompson sampling,"Beta(0.25,0.25)",64,123.8001771648752,0.94
Thompson sampling,"Beta(0.25,0.25)",65,144.1425721760537,0.93
Thompson sampling,"Beta(0.25,0.25)",66,201.32838275197997,0.8785
Thompson sampling,"Beta(0.25,0.25)",67,164.78670286977393,0.9055
Thompson sampling,"Beta(0.25,0.25)",68,157.11791088516358,0.925
Thompson sampling,"Beta(0.25,0.25)",69,157.4120095763935,0.917
Thompson sampling,"Beta(0.25,0.25)",70,200.95008911091736,0.885
Thompson sampling,"Beta(0.25,0.25)",71,152.1190486884199,0.9145
Thompson sampling,"Beta(0.25,0.25)",72,138.8416507839447,0.9265
Thompson sampling,"Beta(0.25,0.25)",73,172.51004696398184,0.9045
Thompson sampling,"Beta(0.25,0.25)",74,182.83114591427744,0.8835
Thompson sampling,"Beta(0.25,0.25)",75,119.06663886921882,0.937
Thompson sampling,"Beta(0.25,0.25)",76,165.8249541155768,0.915
Thompson sampling,"Beta(0.25,0.25)",77,209.03823531344017,0.873
Thompson sampling,"Beta(0.25,0.25)",78,232.69423744307474,0.8415
Thompson sampling,"Beta(0.25,0.25)",79,108.11373032796705,0.94
Thompson sampling,"Beta(0.25,0.25)",80,197.94349108059205,0.88
Thompson sampling,"Beta(0.25,0.25)",81,144.85316438732357,0.909
Thompson sampling,"Beta(0.25,0.25)",82,137.1370518530861,0.93
Thompson sampling,"Beta(0.25,0.25)",83,202.3192586310318,0.8725
Thompson sampling,"Beta(0.25,0.25)",84,137.71667866989992,0.933
Thompson sampling,"Beta(0.25,0.25)",85,162.5006495707491,0.9155
Thompson sampling,"Beta(0.25,0.25)",86,177.3168362808138,0.9
Thompson sampling,"Beta(0.25,0.25)",87,176.34833005898736,0.891
Thompson sampling,"Beta(0.25,0.25)",88,187.37799470817697,0.8985
Thompson sampling,"Beta(0.25,0.25)",89,232.3876058991814,0.8225
Thompson sampling,"Beta(0.25,0.25)",90,212.33377292820646,0.887
Thompson sampling,"Beta(0.25,0.25)",91,110.72040228670437,0.943
Thompson sampling,"Beta(0.25,0.25)",92,109.99947688906249,0.9495
Thompson sampling,"Beta(0.25,0.25)",93,104.36419220261389,0.9465
Thompson sampling,"Beta(0.25,0.25)",94,196.73473526737104,0.867
Thompson sampling,"Beta(0.25,0.25)",95,226.9327117480267,0.879
Thompson sampling,"Beta(0.25,0.25)",96,188.40355676838885,0.9035
Thompson sampling,"Beta(0.25,0.25)",97,193.42510549340605,0.8925
Thompson sampling,"Beta(0.25,0.25)",98,181.89928074046213,0.89
Thompson sampling,"Beta(0.25,0.25)",99,163.02535033847155,0.9145
Thompson sampling,"Beta(0.5,0.5)",0,103.02262071995533,0.9415
Thompson sampling,"Beta(0.5,0.5)",1,193.0494665383434,0.88
Thompson sampling,"Beta(0.5,0.5)",2,177.14072418502144,0.8995
Thompson sampling,"Beta(0.5,0.5)",3,214.1239831930245,0.863
Thompson sampling,"Beta(0.5,0.5)",4,173.04255277385136,0.8985
Thompson sampling,"Beta(0.5,0.5)",5,115.43997483834389,0.9465
Thompson sampling,"Beta(0.5,0.5)",6,143.56618563575995,0.9215
Thompson sampling,"Beta(0.5,0.5)",7,142.5528462047055,0.926
Thompson sampling,"Beta(0.5,0.5)",8,187.60411902380184,0.897
Thompson sampling,"Beta(0.5,0.5)",9,135.8081174149148,0.919
Thompson sampling,"Beta(0.5,0.5)",10,185.28132433358755,0.8965
Thompson sampling,"Beta(0.5,0.5)",11,141.88208373016417,0.933
Thompson sampling,"Beta(0.5,0.5)",12,195.00536000328876,0.853
Thompson sampling,"Beta(0.5,0.5)",13,156.46134340643994,0.91
Thompson sampling,"Beta(0.5,0.5)",14,148.22789453482906,0.919
Thompson sampling,"Beta(0.5,0.5)",15,117.1056961719808,0.9375
Thompson sampling,"Beta(0.5,0.5)",16,154.91967282116573,0.912
Thompson sampling,"Beta(0.5,0.5)",17,127.6580415241882,0.937
Thompson sampling,"Beta(0.5,0.5)",18,105.18625984427476,0.9415
Thompson sampling,"Beta(0.5,0.5)",19,182.4529135071531,0.9
Thompson sampling,"Beta(0.5,0.5)",20,130.9730720872701,0.9275
Thompson sampling,"Beta(0.5,0.5)",21,139.78222327390606,0.934
Thompson sampling,"Beta(0.5,0.5)",22,169.17204626789612,0.9075
Thompson sampling,"Beta(0.5,0.5)",23,100.42898920943847,0.941
Thompson sampling,"Beta(0.5,0.5)",24,264.72115826153225,0.847
Thompson sampling,"Beta(0.5,0.5)",25,173.35004992424706,0.8955
Thompson sampling,"Beta(0.5,0.5)",26,120.479128773008,0.937
Thompson sampling,"Beta(0.5,0.5)",27,119.06291703480953,0.9405
Thompson sampling,"Beta(0.5,0.5)",28,137.8324674264972,0.9265
Thompson sampling,"Beta(0.5,0.5)",29,113.87356241003368,0.9385
Thompson sampling,"Beta(0.5,0.5)",30,137.0820407001258,0.935
Thompson sampling,"Beta(0.5,0.5)",31,156.22961226977154,0.9265
Thompson sampling,"Beta(0.5,0.5)",32,200.29995280247053,0.892
Thompson sampling,"Beta(0.5,0.5)",33,121.83378503240287,0.9365
Thompson sampling,"Beta(0.5,0.5)",34,112.49151614348077,0.9425
Thompson sampling,"Beta(0.5,0.5)",35,144.37412652764345,0.925
Thompson sampling,"Beta(0.5,0.5)",36,239.9424621521614,0.837
Thompson sampling,"Beta(0.5,0.5)",37,116.53359690954501,0.9395
Thompson sampling,"Beta(0.5,0.5)",38,171.737662078182,0.9035
Thompson sampling,"Beta(0.5,0.5)",39,177.51924862334843,0.909
Thompson sampling,"Beta(0.5,0.5)",40,160.67834435549437,0.914
Thompson sampling,"Beta(0.5,0.5)",41,125.64433559265663,0.926
Thompson sampling,"Beta(0.5,0.5)",42,205.75674065530683,0.877
Thompson sampling,"Beta(0.5,0.5)",43,133.45780077246118,0.926
Thompson sampling,"Beta(0.5,0.5)",44,121.50492824572672,0.931
Thompson sampling,"Beta(0.5,0.5)",45,159.48851286622792,0.9195
Thompson sampling,"Beta(0.5,0.5)",46,184.91011457171464,0.9005
Thompson sampling,"Beta(0.5,0.5)",47,169.54239154216768,0.9075
Thompson sampling,"Beta(0.5,0.5)",48,141.08718535812574,0.922
Thompson sampling,"Beta(0.5,0.5)",49,116.98837218023209,0.9345
Thompson sampling,"Beta(0.5,0.5)",50,118.40033082663149,0.923
Thompson sampling,"Beta(0.5,0.5)",51,117.44266399683072,0.943
Thompson sampling,"Beta(0.5,0.5)",52,133.6241788749858,0.93
Thompson sampling,"Beta(0.5,0.5)",53,130.51969998227614,0.9375
Thompson sampling,"Beta(0.5,0.5)",54,149.94350984924986,0.917
Thompson sampling,"Beta(0.5,0.5)",55,97.19417846626658,0.946
Thompson sampling,"Beta(0.5,0.5)",56,158.8259267876853,0.9155
Thompson sampling,"Beta(0.5,0.5)",57,184.9365146750131,0.8925
Thompson sampling,"Beta(0.5,0.5)",58,201.94565388964733,0.8835
Thompson sampling,"Beta(0.5,0.5)",59,126.40087967925213,0.9335
Thompson sampling,"Beta(0.5,0.5)",60,125.86734139524619,0.949
Thompson sampling,"Beta(0.5,0.5)",61,123.42746499269346,0.943
Thompson sampling,"Beta(0.5,0.5)",62,301.671460961845,0.822
Thompson sampling,"Beta(0.5,0.5)",63,137.44174050068588,0.92
Thompson sampling,"Beta(0.5,0.5)",64,116.59847525073154,0.943
Thompson sampling,"Beta(0.5,0.5)",65,111.74482431659096,0.9445
Thompson sampling,"Beta(0.5,0.5)",66,201.79182164865645,0.8875
Thompson sampling,"Beta(0.5,0.5)",67,141.1950400797757,0.9115
Thompson sampling,"Beta(0.5,0.5)",68,141.43169301008703,0.9205
Thompson sampling,"Beta(0.5,0.5)",69,142.59358331966303,0.9295
Thompson sampling,"Beta(0.5,0.5)",70,162.22228830288543,0.899
Thompson sampling,"Beta(0.5,0.5)",71,186.72838380769318,0.9105
Thompson sampling,"Beta(0.5,0.5)",72,127.25256116549089,0.93
Thompson sampling,"Beta(0.5,0.5)",73,169.79379322714254,0.903
Thompson sampling,"Beta(0.5,0.5)",74,176.10714315307294,0.884
Thompson sampling,"Beta(0.5,0.5)",75,126.71394588190103,0.9325
Thompson sampling,"Beta(0.5,0.5)",76,145.80339588114228,0.9235
Thompson sampling,"Beta(0.5,0.5)",77,159.38935122655852,0.899
Thompson sampling,"Beta(0.5,0.5)",78,199.32046951450133,0.8545
Thompson sampling,"Beta(0.5,0.5)",79,107.71926012230912,0.943
Thompson sampling,"Beta(0.5,0.5)",80,196.72707677395093,0.88
Thompson sampling,"Beta(0.5,0.5)",81,155.64681945180828,0.9175
Thompson sampling,"Beta(0.5,0.5)",82,132.2567012076621,0.937
Thompson sampling,"Beta(0.5,0.5)",83,178.29475997386533,0.8915
Thompson sampling,"Beta(0.5,0.5)",84,127.60475784135733,0.94
Thompson sampling,"Beta(0.5,0.5)",85,125.27504236238852,0.93
Thompson sampling,"Beta(0.5,0.5)",86,159.4809522698466,0.9045
Thompson sampling,"Beta(0.5,0.5)",87,198.6425982644866,0.891
Thompson sampling,"Beta(0.5,0.5)",88,173.00427808070296,0.898
Thompson sampling,"Beta(0.5,0.5)",89,237.7474501196764,0.8165
Thompson sampling,"Beta(0.5,0.5)",90,196.3083995381222,0.8965
Thompson sampling,"Beta(0.5,0.5)",91,114.41862759103817,0.94
Thompson sampling,"Beta(0.5,0.5)",92,99.46170948553397,0.95
Thompson sampling,"Beta(0.5,0.5)",93,105.51764273256134,0.944
Thompson sampling,"Beta(0.5,0.5)",94,210.32541023514375,0.864
Thompson sampling,"Beta(0.5,0.5)",95,211.44912315179496,0.8795
Thompson sampling,"Beta(0.5,0.5)",96,160.54519226508145,0.9135
Thompson sampling,"Beta(0.5,0.5)",97,190.134828447968,0.892
Thompson sampling,"Beta(0.5,0.5)",98,147.17522254310296,0.921
Thompson sampling,"Beta(0.5,0.5)",99,172.61534142120144,0.91
Thompson sampling,"Beta(1,1)",0,105.33558290086347,0.9445
Thompson sampling,"Beta(1,1)",1,161.4225882790028,0.895
Thompson sampling,"Beta(1,1)",2,144.5525240532784,0.9175
Thompson sampling,"Beta(1,1)",3,190.00198700042066,0.878
Thompson sampling,"Beta(1,1)",4,129.90841980459948,0.922
Thompson sampling,"Beta(1,1)",5,105.43768368493477,0.944
Thompson sampling,"Beta(1,1)",6,122.98478736722264,0.9315
Thompson sampling,"Beta(1,1)",7,125.53208132590865,0.9305
Thompson sampling,"Beta(1,1)",8,146.7197097258801,0.911
Thompson sampling,"Beta(1,1)",9,115.49768455219056,0.9305
Thompson sampling,"Beta(1,1)",10,134.84650296079852,0.9195
Thompson sampling,"Beta(1,1)",11,118.06219886311462,0.94
Thompson sampling,"Beta(1,1)",12,189.72676313962333,0.8585
Thompson sampling,"Beta(1,1)",13,122.7010768322202,0.9385
Thompson sampling,"Beta(1,1)",14,95.72792473445091,0.945
Thompson sampling,"Beta(1,1)",15,113.17258312276859,0.9445
Thompson sampling,"Beta(1,1)",16,119.03168067834447,0.9305
Thompson sampling,"Beta(1,1)",17,105.76410064628266,0.943
Thompson sampling,"Beta(1,1)",18,121.5514372810728,0.93
Thompson sampling,"Beta(1,1)",19,134.5952357138795,0.921
Thompson sampling,"Beta(1,1)",20,121.66556212017929,0.932
Thompson sampling,"Beta(1,1)",21,114.04695157973421,0.939
Thompson sampling,"Beta(1,1)",22,117.42698017771033,0.926
Thompson sampling,"Beta(1,1)",23,100.23717772508986,0.9425
Thompson sampling,"Beta(1,1)",24,197.9378027833457,0.878
Thompson sampling,"Beta(1,1)",25,169.0230130052774,0.9055
Thompson sampling,"Beta(1,1)",26,110.75052668475168,0.942
Thompson sampling,"Beta(1,1)",27,99.44420161647622,0.9445
Thompson sampling,"Beta(1,1)",28,113.08721040766534,0.943
Thompson sampling,"Beta(1,1)",29,101.19745974378695,0.9415
Thompson sampling,"Beta(1,1)",30,112.83407607755915,0.9415
Thompson sampling,"Beta(1,1)",31,133.2908687457208,0.934
Thompson sampling,"Beta(1,1)",32,116.01210802115675,0.923
Thompson sampling,"Beta(1,1)",33,116.24244510333371,0.938
Thompson sampling,"Beta(1,1)",34,94.54819505010717,0.9435
Thompson sampling,"Beta(1,1)",35,167.51278305232287,0.9195
Thompson sampling,"Beta(1,1)",36,200.81163539745202,0.8635
Thompson sampling,"Beta(1,1)",37,117.77519513107649,0.941
Thompson sampling,"Beta(1,1)",38,128.18392367779975,0.9225
Thompson sampling,"Beta(1,1)",39,105.82414068862064,0.935
Thompson sampling,"Beta(1,1)",40,149.84352343320512,0.9245
Thompson sampling,"Beta(1,1)",41,112.9162089680952,0.934
Thompson sampling,"Beta(1,1)",42,174.3634863351015,0.893
Thompson sampling,"Beta(1,1)",43,112.15234663956225,0.939
Thompson sampling,"Beta(1,1)",44,130.87991099176068,0.924
Thompson sampling,"Beta(1,1)",45,202.155305945028,0.9045
Thompson sampling,"Beta(1,1)",46,190.05486778083525,0.9035
Thompson sampling,"Beta(1,1)",47,122.73741190390126,0.928
Thompson sampling,"Beta(1,1)",48,109.33858412217018,0.9355
Thompson sampling,"Beta(1,1)",49,107.81452406916038,0.9405
Thompson sampling,"Beta(1,1)",50,108.88197642436153,0.931
Thompson sampling,"Beta(1,1)",51,123.01821032057737,0.946
Thompson sampling,"Beta(1,1)",52,121.17913301241678,0.94
Thompson sampling,"Beta(1,1)",53,118.73144867588009,0.932
Thompson sampling,"Beta(1,1)",54,144.29044653760695,0.919
Thompson sampling,"Beta(1,1)",55,113.14880180001066,0.9395
Thompson sampling,"Beta(1,1)",56,131.91937477275636,0.929
Thompson sampling,"Beta(1,1)",57,151.57558205168877,0.898
Thompson sampling,"Beta(1,1)",58,138.99091803513812,0.9205
Thompson sampling,"Beta(1,1)",59,114.35992793070726,0.9375
Thompson sampling,"Beta(1,1)",60,128.3163130812407,0.9405
Thompson sampling,"Beta(1,1)",61,125.30212349062829,0.941
Thompson sampling,"Beta(1,1)",62,226.4052923465426,0.8525
Thompson sampling,"Beta(1,1)",63,109.56739187508241,0.931
Thompson sampling,"Beta(1,1)",64,114.60022289010546,0.941
Thompson sampling,"Beta(1,1)",65,127.19549744647848,0.9355
Thompson sampling,"Beta(1,1)",66,164.3638763363006,0.897
Thompson sampling,"Beta(1,1)",67,144.8363058161218,0.9075
Thompson sampling,"Beta(1,1)",68,113.71548057792765,0.9395
Thompson sampling,"Beta(1,1)",69,154.93511017741486,0.923
Thompson sampling,"Beta(1,1)",70,143.44090353274933,0.911
Thompson sampling,"Beta(1,1)",71,128.38521714173115,0.926
Thompson sampling,"Beta(1,1)",72,144.80804091107973,0.9325
Thompson sampling,"Beta(1,1)",73,119.99286070632732,0.926
Thompson sampling,"Beta(1,1)",74,140.9460147395545,0.908
Thompson sampling,"Beta(1,1)",75,125.83651163375471,0.934
Thompson sampling,"Beta(1,1)",76,119.25551422898648,0.9355
Thompson sampling,"Beta(1,1)",77,171.49552493330782,0.898
Thompson sampling,"Beta(1,1)",78,197.0887152016505,0.847
Thompson sampling,"Beta(1,1)",79,115.16471756830488,0.943
Thompson sampling,"Beta(1,1)",80,162.96297703908468,0.9
Thompson sampling,"Beta(1,1)",81,112.32961879476458,0.928
Thompson sampling,"Beta(1,1)",82,118.73938590604148,0.9395
Thompson sampling,"Beta(1,1)",83,161.79588352986264,0.899
Thompson sampling,"Beta(1,1)",84,114.61594307497823,0.942
Thompson sampling,"Beta(1,1)",85,112.8947771019359,0.9365
Thompson sampling,"Beta(1,1)",86,149.05364792747875,0.9125
Thompson sampling,"Beta(1,1)",87,145.81434636554522,0.909
Thompson sampling,"Beta(1,1)",88,154.64895409915067,0.917
Thompson sampling,"Beta(1,1)",89,246.02894081743295,0.818
Thompson sampling,"Beta(1,1)",90,226.9071866842723,0.8765
Thompson sampling,"Beta(1,1)",91,104.41641217765057,0.9465
Thompson sampling,"Beta(1,1)",92,99.85898170046576,0.9485
Thompson sampling,"Beta(1,1)",93,100.78838031578206,0.9455
Thompson sampling,"Beta(1,1)",94,201.85258935893899,0.8765
Thompson sampling,"Beta(1,1)",95,177.85298829775726,0.889
Thompson sampling,"Beta(1,1)",96,138.45183788603012,0.921
Thompson sampling,"Beta(1,1)",97,175.34156834857194,0.901
Thompson sampling,"Beta(1,1)",98,140.70408406327894,0.917
Thompson sampling,"Beta(1,1)",99,103.03976453179686,0.937
Thompson sampling,"Beta(2,2)",0,110.85519699319245,0.9475
Thompson sampling,"Beta(2,2)",1,152.0160998633631,0.8935
Thompson sampling,"Beta(2,2)",2,124.68728810332124,0.9295
Thompson sampling,"Beta(2,2)",3,136.3471322576539,0.899
Thompson sampling,"Beta(2,2)",4,89.8256824730054,0.94
Thompson sampling,"Beta(2,2)",5,74.23986203888721,0.9585
Thompson sampling,"Beta(2,2)",6,126.09612501939034,0.93
Thompson sampling,"Beta(2,2)",7,99.35368934772299,0.9435
Thompson sampling,"Beta(2,2)",8,134.15553899466917,0.917
Thompson sampling,"Beta(2,2)",9,126.15441985366627,0.929
Thompson sampling,"Beta(2,2)",10,99.23788999099189,0.938
Thompson sampling,"Beta(2,2)",11,119.13116503245499,0.9405
Thompson sampling,"Beta(2,2)",12,145.56385510226755,0.887
Thompson sampling,"Beta(2,2)",13,113.81429049129997,0.9365
Thompson sampling,"Beta(2,2)",14,141.56483146438393,0.929
Thompson sampling,"Beta(2,2)",15,106.74922343746103,0.9475
Thompson sampling,"Beta(2,2)",16,111.59060272015358,0.935
Thompson sampling,"Beta(2,2)",17,114.80525239815148,0.941
Thompson sampling,"Beta(2,2)",18,85.27776329423607,0.9535
Thompson sampling,"Beta(2,2)",19,147.98098110276038,0.9135
Thompson sampling,"Beta(2,2)",20,95.72066398428683,0.9455
Thompson sampling,"Beta(2,2)",21,120.37184773075738,0.9365
Thompson sampling,"Beta(2,2)",22,122.2137422228793,0.936
Thompson sampling,"Beta(2,2)",23,97.32987980563657,0.946
Thompson sampling,"Beta(2,2)",24,244.41469233633683,0.862
Thompson sampling,"Beta(2,2)",25,136.76730526932258,0.921
Thompson sampling,"Beta(2,2)",26,100.39702969460974,0.9495
Thompson sampling,"Beta(2,2)",27,114.03164401036267,0.939
Thompson sampling,"Beta(2,2)",28,134.16736117920755,0.9335
Thompson sampling,"Beta(2,2)",29,111.94048137961447,0.937
Thompson sampling,"Beta(2,2)",30,140.82823925906177,0.933
Thompson sampling,"Beta(2,2)",31,86.60301896830231,0.952
Thompson sampling,"Beta(2,2)",32,128.6984770407369,0.925
Thompson sampling,"Beta(2,2)",33,90.01662684264744,0.9585
Thompson sampling,"Beta(2,2)",34,88.66473762589057,0.955
Thompson sampling,"Beta(2,2)",35,126.78518019703795,0.937
Thompson sampling,"Beta(2,2)",36,192.00130142083637,0.86
Thompson sampling,"Beta(2,2)",37,117.3462330268543,0.9385
Thompson sampling,"Beta(2,2)",38,137.9615498431914,0.9205
Thompson sampling,"Beta(2,2)",39,110.39067124049319,0.9325
Thompson sampling,"Beta(2,2)",40,161.96410613615421,0.915
Thompson sampling,"Beta(2,2)",41,175.73969910866518,0.901
Thompson sampling,"Beta(2,2)",42,152.63642300915444,0.903
Thompson sampling,"Beta(2,2)",43,147.58479269993387,0.9215
Thompson sampling,"Beta(2,2)",44,79.29683991105517,0.9525
Thompson sampling,"Beta(2,2)",45,92.22809759655478,0.9525
Thompson sampling,"Beta(2,2)",46,148.98627179011172,0.921
Thompson sampling,"Beta(2,2)",47,131.9393551018124,0.9285
Thompson sampling,"Beta(2,2)",48,110.87355271545842,0.9385
Thompson sampling,"Beta(2,2)",49,85.475123905496,0.9505
Thompson sampling,"Beta(2,2)",50,98.91233943984204,0.94
Thompson sampling,"Beta(2,2)",51,80.99681945605141,0.9605
Thompson sampling,"Beta(2,2)",52,120.93499137319779,0.936
Thompson sampling,"Beta(2,2)",53,92.1332417748824,0.9475
Thompson sampling,"Beta(2,2)",54,130.34398179123394,0.928
Thompson sampling,"Beta(2,2)",55,142.33514628128341,0.927
Thompson sampling,"Beta(2,2)",56,82.55698665802231,0.956
Thompson sampling,"Beta(2,2)",57,153.12693523100666,0.9085
Thompson sampling,"Beta(2,2)",58,90.85700573984145,0.9475
Thompson sampling,"Beta(2,2)",59,112.92197843767059,0.9335
Thompson sampling,"Beta(2,2)",60,116.81000220533826,0.9425
Thompson sampling,"Beta(2,2)",61,162.02036398451656,0.925
Thompson sampling,"Beta(2,2)",62,211.9478678724392,0.866
Thompson sampling,"Beta(2,2)",63,115.84737861824622,0.9335
Thompson sampling,"Beta(2,2)",64,82.7880996841993,0.9605
Thompson sampling,"Beta(2,2)",65,119.17686675947338,0.933
Thompson sampling,"Beta(2,2)",66,165.01750052356246,0.9065
Thompson sampling,"Beta(2,2)",67,155.6848549191805,0.91
Thompson sampling,"Beta(2,2)",68,95.52271429232032,0.949
Thompson sampling,"Beta(2,2)",69,123.72344831494432,0.9385
Thompson sampling,"Beta(2,2)",70,118.31800888184125,0.923
Thompson sampling,"Beta(2,2)",71,163.36283990983986,0.917
Thompson sampling,"Beta(2,2)",72,105.38827695205858,0.944
Thompson sampling,"Beta(2,2)",73,109.01319822957072,0.935
Thompson sampling,"Beta(2,2)",74,94.48481320748644,0.9255
Thompson sampling,"Beta(2,2)",75,119.24331045819197,0.936
Thompson sampling,"Beta(2,2)",76,109.44972420448234,0.937
Thompson sampling,"Beta(2,2)",77,132.45207539041883,0.9165
Thompson sampling,"Beta(2,2)",78,132.95346024579194,0.8945
Thompson sampling,"Beta(2,2)",79,157.04154809984658,0.9205
Thompson sampling,"Beta(2,2)",80,133.4093695476626,0.9145
Thompson sampling,"Beta(2,2)",81,148.42040254715465,0.92
Thompson sampling,"Beta(2,2)",82,134.48581806073852,0.929
Thompson sampling,"Beta(2,2)",83,130.00974726619464,0.911
Thompson sampling,"Beta(2,2)",84,103.08828219933172,0.9475
Thompson sampling,"Beta(2,2)",85,102.73878584486752,0.941
Thompson sampling,"Beta(2,2)",86,134.23360127108685,0.915
Thompson sampling,"Beta(2,2)",87,102.18758117608795,0.932
Thompson sampling,"Beta(2,2)",88,138.41579848636064,0.922
Thompson sampling,"Beta(2,2)",89,175.74455052582223,0.8585
Thompson sampling,"Beta(2,2)",90,198.7929518776232,0.8885
Thompson sampling,"Beta(2,2)",91,96.65179257920862,0.954
Thompson sampling,"Beta(2,2)",92,103.73691692082686,0.9435
Thompson sampling,"Beta(2,2)",93,79.1535172235166,0.956
Thompson sampling,"Beta(2,2)",94,139.1449663582968,0.9035
Thompson sampling,"Beta(2,2)",95,156.84273816325532,0.8995
Thompson sampling,"Beta(2,2)",96,99.09901786270083,0.946
Thompson sampling,"Beta(2,2)",97,121.00956534840738,0.9305
Thompson sampling,"Beta(2,2)",98,143.08886337054395,0.9115
Thompson sampling,"Beta(2,2)",99,82.96274825642212,0.9495
Thompson sampling,"Beta(5,5)",0,90.43023117995273,0.956
Thompson sampling,"Beta(5,5)",1,86.80160273028739,0.93
Thompson sampling,"Beta(5,5)",2,89.95242736393999,0.9405
Thompson sampling,"Beta(5,5)",3,87.69115678672387,0.9245
Thompson sampling,"Beta(5,5)",4,161.1221509185166,0.9055
Thompson sampling,"Beta(5,5)",5,168.57531980510257,0.918
Thompson sampling,"Beta(5,5)",6,112.40433450441039,0.9375
Thompson sampling,"Beta(5,5)",7,180.46725139744325,0.901
Thompson sampling,"Beta(5,5)",8,95.90897744041057,0.9375
Thompson sampling,"Beta(5,5)",9,109.42880874332361,0.9415
Thompson sampling,"Beta(5,5)",10,89.53052214540784,0.9435
Thompson sampling,"Beta(5,5)",11,170.01217368777188,0.9225
Thompson sampling,"Beta(5,5)",12,103.55082464445621,0.908
Thompson sampling,"Beta(5,5)",13,134.54614789321053,0.927
Thompson sampling,"Beta(5,5)",14,101.06379467385479,0.9475
Thompson sampling,"Beta(5,5)",15,109.63177976225128,0.9455
Thompson sampling,"Beta(5,5)",16,107.37375823451983,0.937
Thompson sampling,"Beta(5,5)",17,97.50199877869751,0.9465
Thompson sampling,"Beta(5,5)",18,162.63222849520878,0.916
Thompson sampling,"Beta(5,5)",19,124.08931546414824,0.927
Thompson sampling,"Beta(5,5)",20,99.06979651307718,0.945
Thompson sampling,"Beta(5,5)",21,53.63635584716425,0.967
Thompson sampling,"Beta(5,5)",22,70.12505904687403,0.953
Thompson sampling,"Beta(5,5)",23,50.57040177440107,0.9655
Thompson sampling,"Beta(5,5)",24,131.2579615973201,0.913
Thompson sampling,"Beta(5,5)",25,169.30359664950623,0.902
Thompson sampling,"Beta(5,5)",26,134.15997959849435,0.935
Thompson sampling,"Beta(5,5)",27,86.95312095261384,0.955
Thompson sampling,"Beta(5,5)",28,70.43958434368608,0.959
Thompson sampling,"Beta(5,5)",29,74.35101335474236,0.9555
Thompson sampling,"Beta(5,5)",30,100.38899992564595,0.9495
Thompson sampling,"Beta(5,5)",31,54.375664745805366,0.97
Thompson sampling,"Beta(5,5)",32,112.63888594546485,0.936
Thompson sampling,"Beta(5,5)",33,79.73899140445606,0.9615
Thompson sampling,"Beta(5,5)",34,52.44594776821527,0.9725
Thompson sampling,"Beta(5,5)",35,206.95696552996478,0.9065
Thompson sampling,"Beta(5,5)",36,160.31660137596373,0.8825
Thompson sampling,"Beta(5,5)",37,147.4704007786973,0.9245
Thompson sampling,"Beta(5,5)",38,153.6026348028252,0.918
Thompson sampling,"Beta(5,5)",39,98.8930915078859,0.938
Thompson sampling,"Beta(5,5)",40,128.7657409289878,0.93
Thompson sampling,"Beta(5,5)",41,125.67510352343703,0.928
Thompson sampling,"Beta(5,5)",42,102.25528890823628,0.922
Thompson sampling,"Beta(5,5)",43,124.25121095776719,0.935
Thompson sampling,"Beta(5,5)",44,135.3114430495293,0.921
Thompson sampling,"Beta(5,5)",45,110.60204384980362,0.9455
Thompson sampling,"Beta(5,5)",46,95.33880841061753,0.943
Thompson sampling,"Beta(5,5)",47,103.88884049230558,0.945
Thompson sampling,"Beta(5,5)",48,142.2501671627776,0.9275
Thompson sampling,"Beta(5,5)",49,100.23969793650589,0.9415
Thompson sampling,"Beta(5,5)",50,82.50470329837046,0.9445
Thompson sampling,"Beta(5,5)",51,119.00517721178053,0.9415
Thompson sampling,"Beta(5,5)",52,152.68726294472594,0.916
Thompson sampling,"Beta(5,5)",53,112.8250065678148,0.941
Thompson sampling,"Beta(5,5)",54,96.45760097230638,0.941
Thompson sampling,"Beta(5,5)",55,117.83782193779795,0.9395
Thompson sampling,"Beta(5,5)",56,108.84070734635542,0.943
Thompson sampling,"Beta(5,5)",57,229.25755724486316,0.8765
Thompson sampling,"Beta(5,5)",58,124.5863034920421,0.932
Thompson sampling,"Beta(5,5)",59,130.209619588581,0.9245
Thompson sampling,"Beta(5,5)",60,123.60547843948032,0.948
Thompson sampling,"Beta(5,5)",61,91.54937488970144,0.9605
Thompson sampling,"Beta(5,5)",62,169.07226179152235,0.88
Thompson sampling,"Beta(5,5)",63,130.15939438183497,0.929
Thompson sampling,"Beta(5,5)",64,88.3912057527785,0.9515
Thompson sampling,"Beta(5,5)",65,90.72137396713076,0.956
Thompson sampling,"Beta(5,5)",66,106.55802765967829,0.9285
Thompson sampling,"Beta(5,5)",67,72.4125575976016,0.948
Thompson sampling,"Beta(5,5)",68,166.9314057990547,0.9095
Thompson sampling,"Beta(5,5)",69,221.4794272008418,0.8845
Thompson sampling,"Beta(5,5)",70,64.11447815461379,0.9505
Thompson sampling,"Beta(5,5)",71,130.81245768337308,0.935
Thompson sampling,"Beta(5,5)",72,149.7737799343146,0.9175
Thompson sampling,"Beta(5,5)",73,88.67330082828765,0.943
Thompson sampling,"Beta(5,5)",74,102.18872628680906,0.924
Thompson sampling,"Beta(5,5)",75,111.7108930688308,0.9425
Thompson sampling,"Beta(5,5)",76,68.6834377638616,0.9615
Thompson sampling,"Beta(5,5)",77,105.49687293376714,0.9245
Thompson sampling,"Beta(5,5)",78,179.97649957262948,0.8635
Thompson sampling,"Beta(5,5)",79,69.93578581209806,0.96
Thompson sampling,"Beta(5,5)",80,114.60819948295854,0.9205
Thompson sampling,"Beta(5,5)",81,174.63496368698972,0.903
Thompson sampling,"Beta(5,5)",82,80.01127388687607,0.9565
Thompson sampling,"Beta(5,5)",83,101.42006385393202,0.9325
Thompson sampling,"Beta(5,5)",84,90.97084542831281,0.9535
Thompson sampling,"Beta(5,5)",85,169.6125305920033,0.906
Thompson sampling,"Beta(5,5)",86,138.5451217270211,0.918
Thompson sampling,"Beta(5,5)",87,219.88675932501286,0.868
Thompson sampling,"Beta(5,5)",88,196.55229585989534,0.89
Thompson sampling,"Beta(5,5)",89,161.84894226744632,0.857
Thompson sampling,"Beta(5,5)",90,144.0845599816355,0.914
Thompson sampling,"Beta(5,5)",91,119.4844684482368,0.9405
Thompson sampling,"Beta(5,5)",92,71.91954500926363,0.9675
Thompson sampling,"Beta(5,5)",93,116.49239740749229,0.9335
Thompson sampling,"Beta(5,5)",94,106.05013282075721,0.918
Thompson sampling,"Beta(5,5)",95,143.65180663297753,0.9075
Thompson sampling,"Beta(5,5)",96,155.2689283131092,0.917
Thompson sampling,"Beta(5,5)",97,86.85627151616922,0.947
Thompson sampling,"Beta(5,5)",98,86.87513900044907,0.944
Thompson sampling,"Beta(5,5)",99,158.59103519152626,0.916
Thompson sampling,"Beta(10,10)",0,194.05688605257615,0.9015
Thompson sampling,"Beta(10,10)",1,159.87425506913607,0.891
Thompson sampling,"Beta(10,10)",2,279.79067839112656,0.855
Thompson sampling,"Beta(10,10)",3,152.17333267119116,0.897
Thompson sampling,"Beta(10,10)",4,125.50977835195036,0.9235
Thompson sampling,"Beta(10,10)",5,69.76202484109564,0.9645
Thompson sampling,"Beta(10,10)",6,107.67761456906578,0.942
Thompson sampling,"Beta(10,10)",7,311.6473947216755,0.8415
Thompson sampling,"Beta(10,10)",8,93.49615603753207,0.939
Thompson sampling,"Beta(10,10)",9,256.45678695505825,0.8765
Thompson sampling,"Beta(10,10)",10,187.84076396310223,0.8855
Thompson sampling,"Beta(10,10)",11,224.39031510932662,0.8835
Thompson sampling,"Beta(10,10)",12,156.090427661397,0.876
Thompson sampling,"Beta(10,10)",13,186.39878731212602,0.9055
Thompson sampling,"Beta(10,10)",14,146.38372838895228,0.9225
Thompson sampling,"Beta(10,10)",15,114.9502960533478,0.941
Thompson sampling,"Beta(10,10)",16,150.03613061297926,0.917
Thompson sampling,"Beta(10,10)",17,120.48903225823972,0.935
Thompson sampling,"Beta(10,10)",18,50.412540054711734,0.972
Thompson sampling,"Beta(10,10)",19,180.8143517094704,0.905
Thompson sampling,"Beta(10,10)",20,241.89840188348936,0.8655
Thompson sampling,"Beta(10,10)",21,128.40657627072127,0.927
Thompson sampling,"Beta(10,10)",22,127.86791545510071,0.9235
Thompson sampling,"Beta(10,10)",23,89.45564085409485,0.945
Thompson sampling,"Beta(10,10)",24,75.84289435916268,0.9325
Thompson sampling,"Beta(10,10)",25,195.60527182824796,0.888
Thompson sampling,"Beta(10,10)",26,169.0920507285301,0.915
Thompson sampling,"Beta(10,10)",27,168.21831276531591,0.9055
Thompson sampling,"Beta(10,10)",28,118.43221936290274,0.938
Thompson sampling,"Beta(10,10)",29,107.66172848018657,0.9435
Thompson sampling,"Beta(10,10)",30,305.54325444803555,0.854
Thompson sampling,"Beta(10,10)",31,131.98791299015292,0.9375
Thompson sampling,"Beta(10,10)",32,206.43413051349518,0.889
Thompson sampling,"Beta(10,10)",33,69.63575848909547,0.967
Thompson sampling,"Beta(10,10)",34,211.35772595623902,0.898
Thompson sampling,"Beta(10,10)",35,248.16635078945868,0.873
Thompson sampling,"Beta(10,10)",36,233.1285391892809,0.841
Thompson sampling,"Beta(10,10)",37,156.22363228571842,0.926
Thompson sampling,"Beta(10,10)",38,119.14953696735628,0.9305
Thompson sampling,"Beta(10,10)",39,98.3041463747077,0.938
Thompson sampling,"Beta(10,10)",40,126.01576201560331,0.933
Thompson sampling,"Beta(10,10)",41,96.0151336872585,0.9395
Thompson sampling,"Beta(10,10)",42,113.67405753690284,0.912
Thompson sampling,"Beta(10,10)",43,126.76137175406274,0.935
Thompson sampling,"Beta(10,10)",44,140.7957468241239,0.9155
Thompson sampling,"Beta(10,10)",45,281.61600322771994,0.8525
Thompson sampling,"Beta(10,10)",46,148.63437217360544,0.919
Thompson sampling,"Beta(10,10)",47,210.86605725770949,0.883
Thompson sampling,"Beta(10,10)",48,107.30434873974394,0.9365
Thompson sampling,"Beta(10,10)",49,233.69030989831438,0.877
Thompson sampling,"Beta(10,10)",50,186.73512626096078,0.889
Thompson sampling,"Beta(10,10)",51,122.2591847931554,0.9445
Thompson sampling,"Beta(10,10)",52,127.92737044370948,0.9385
Thompson sampling,"Beta(10,10)",53,83.15763031469123,0.9555
Thompson sampling,"Beta(10,10)",54,189.6682153816858,0.898
Thompson sampling,"Beta(10,10)",55,94.85715795159324,0.9475
Thompson sampling,"Beta(10,10)",56,156.72055625805154,0.922
Thompson sampling,"Beta(10,10)",57,224.22268919067443,0.883
Thompson sampling,"Beta(10,10)",58,75.18582119930942,0.956
Thompson sampling,"Beta(10,10)",59,67.92228237468511,0.965
Thompson sampling,"Beta(10,10)",60,177.44765275471758,0.9175
Thompson sampling,"Beta(10,10)",61,120.79124554663039,0.9525
Thompson sampling,"Beta(10,10)",62,180.23157710686485,0.875
Thompson sampling,"Beta(10,10)",63,87.12953520198802,0.9485
Thompson sampling,"Beta(10,10)",64,111.49711924855096,0.9385
Thompson sampling,"Beta(10,10)",65,170.19028079703193,0.9145
Thompson sampling,"Beta(10,10)",66,118.39654332399773,0.9255
Thompson sampling,"Beta(10,10)",67,123.23636472415299,0.924
Thompson sampling,"Beta(10,10)",68,170.25359394983744,0.907
Thompson sampling,"Beta(10,10)",69,221.4564869158471,0.8915
Thompson sampling,"Beta(10,10)",70,277.2140496993526,0.8325
Thompson sampling,"Beta(10,10)",71,138.47752376116597,0.9285
Thompson sampling,"Beta(10,10)",72,144.3217370524796,0.9255
Thompson sampling,"Beta(10,10)",73,100.87821868329047,0.94
Thompson sampling,"Beta(10,10)",74,89.14320947300156,0.9295
Thompson sampling,"Beta(10,10)",75,157.01565173840092,0.9185
Thompson sampling,"Beta(10,10)",76,176.23987773286052,0.9085
Thompson sampling,"Beta(10,10)",77,123.09355437249451,0.9165
Thompson sampling,"Beta(10,10)",78,163.35931308948406,0.87
Thompson sampling,"Beta(10,10)",79,220.35479986288104,0.8805
Thompson sampling,"Beta(10,10)",80,148.2506854157015,0.9055
Thompson sampling,"Beta(10,10)",81,178.50627344945391,0.9085
Thompson sampling,"Beta(10,10)",82,158.65252016557463,0.9195
Thompson sampling,"Beta(10,10)",83,106.7906565025129,0.9265
Thompson sampling,"Beta(10,10)",84,131.22961271570642,0.927
Thompson sampling,"Beta(10,10)",85,160.5712602427317,0.908
Thompson sampling,"Beta(10,10)",86,110.4531728854779,0.9335
Thompson sampling,"Beta(10,10)",87,60.394481681027855,0.9555
Thompson sampling,"Beta(10,10)",88,147.83817194748153,0.9155
Thompson sampling,"Beta(10,10)",89,144.27716709940378,0.8675
Thompson sampling,"Beta(10,10)",90,130.02091232667095,0.9185
Thompson sampling,"Beta(10,10)",91,208.97726727053188,0.898
Thompson sampling,"Beta(10,10)",92,84.32888587586703,0.961
Thompson sampling,"Beta(10,10)",93,116.48777482263459,0.94
Thompson sampling,"Beta(10,10)",94,90.99552847571707,0.929
Thompson sampling,"Beta(10,10)",95,216.00865020882253,0.8755
Thompson sampling,"Beta(10,10)",96,194.18799101737534,0.891
Thompson sampling,"Beta(10,10)",97,128.84312220091283,0.9275
Thompson sampling,"Beta(10,10)",98,131.86533885801396,0.922
Thompson sampling,"Beta(10,10)",99,66.16934078986816,0.9565
