n_arms,n_steps,optimistic_init,variant,environment_seed,final_avg_reward,total_regret
10,100,True,constant,20000,0.5,35.702837598065436
10,100,True,constant,20001,0.84,11.22883666389369
10,100,True,constant,20002,0.85,11.847667777383489
10,100,True,constant,20003,0.54,28.841094147038735
10,100,True,constant,20004,0.71,8.375493752271698
10,100,True,constant,20005,0.86,10.941058029687513
10,100,True,constant,20006,0.29,56.26687036505738
10,100,True,constant,20007,0.88,12.247696221104706
10,100,True,constant,20008,0.86,7.707945037839957
10,100,True,constant,20009,0.82,10.016960930880105
10,100,True,constant,20010,0.86,10.854788596728348
10,100,True,constant,20011,0.59,31.528174539913895
10,100,True,constant,20012,0.86,14.129166157686212
10,100,True,constant,20013,0.54,19.973659561446567
10,100,True,constant,20014,0.87,10.725791822834655
10,100,True,constant,20015,0.81,11.358244987237805
10,100,True,constant,20016,0.86,12.048978813215106
10,100,True,constant,20017,0.86,9.7232638946037
10,100,True,constant,20018,0.78,15.321353878702684
10,100,True,constant,20019,0.74,12.13003436254056
10,100,True,constant,20020,0.84,8.582890029802565
10,100,True,constant,20021,0.78,16.187521755067937
10,100,True,constant,20022,0.7,10.744547439705018
10,100,True,constant,20023,0.82,12.460488558845224
10,100,True,constant,20024,0.82,13.227744601409029
10,100,True,constant,20025,0.54,24.250444306486866
10,100,True,constant,20026,0.84,9.269482425188553
10,100,True,constant,20027,0.41,9.668285915158322
10,100,True,constant,20028,0.83,13.627805952828558
10,100,True,constant,20029,0.85,13.381331695843471
10,100,True,decay=0.9,20000,0.7,15.111997272488678
10,100,True,decay=0.9,20001,0.88,8.676890649536082
10,100,True,decay=0.9,20002,0.89,8.215368147216648
10,100,True,decay=0.9,20003,0.56,28.552091057383993
10,100,True,decay=0.9,20004,0.73,4.6181159431333665
10,100,True,decay=0.9,20005,0.91,8.838572356514481
10,100,True,decay=0.9,20006,0.53,35.128099160152
10,100,True,decay=0.9,20007,0.91,8.201327607169349
10,100,True,decay=0.9,20008,0.83,11.590314173959175
10,100,True,decay=0.9,20009,0.85,6.488955039009188
10,100,True,decay=0.9,20010,0.9,7.243623906437091
10,100,True,decay=0.9,20011,0.63,28.20143600556681
10,100,True,decay=0.9,20012,0.91,9.547694586611806
10,100,True,decay=0.9,20013,0.54,17.307651378543092
10,100,True,decay=0.9,20014,0.89,8.530111211399939
10,100,True,decay=0.9,20015,0.85,7.268888618703986
10,100,True,decay=0.9,20016,0.89,6.399725570398882
10,100,True,decay=0.9,20017,0.9,6.3855707810760585
10,100,True,decay=0.9,20018,0.83,12.793997786860102
10,100,True,decay=0.9,20019,0.78,8.321668476691919
10,100,True,decay=0.9,20020,0.85,6.490854804673118
10,100,True,decay=0.9,20021,0.84,7.75799393289509
10,100,True,decay=0.9,20022,0.7,10.644099370524739
10,100,True,decay=0.9,20023,0.87,7.997068563795524
10,100,True,decay=0.9,20024,0.87,8.218633281640598
10,100,True,decay=0.9,20025,0.7,5.750312269907801
10,100,True,decay=0.9,20026,0.86,5.581010670399935
10,100,True,decay=0.9,20027,0.27,22.729586873972064
10,100,True,decay=0.9,20028,0.9,7.564394986635206
10,100,True,decay=0.9,20029,0.9,8.207578287119695
10,100,True,decay=0.95,20000,0.49,35.55130307300502
10,100,True,decay=0.95,20001,0.88,9.273759489198188
10,100,True,decay=0.95,20002,0.89,8.215368147216648
10,100,True,decay=0.95,20003,0.55,28.736884075453993
10,100,True,decay=0.95,20004,0.7,11.146071493579683
10,100,True,decay=0.95,20005,0.91,8.838572356514481
10,100,True,decay=0.95,20006,0.32,53.930031928513664
10,100,True,decay=0.95,20007,0.9,8.807201185486322
10,100,True,decay=0.95,20008,0.83,11.590314173959175
10,100,True,decay=0.95,20009,0.85,6.488955039009188
10,100,True,decay=0.95,20010,0.9,6.950562962494131
10,100,True,decay=0.95,20011,0.63,28.20143600556681
10,100,True,decay=0.95,20012,0.91,9.547694586611806
10,100,True,decay=0.95,20013,0.54,17.18368247887053
10,100,True,decay=0.95,20014,0.89,8.75000719756976
10,100,True,decay=0.95,20015,0.83,6.581164133259604
10,100,True,decay=0.95,20016,0.89,6.399725570398882
10,100,True,decay=0.95,20017,0.9,6.5399226253961595
10,100,True,decay=0.95,20018,0.83,12.793997786860102
10,100,True,decay=0.95,20019,0.72,10.638764542937741
10,100,True,decay=0.95,20020,0.85,6.490854804673118
10,100,True,decay=0.95,20021,0.79,15.00174262839254
10,100,True,decay=0.95,20022,0.7,10.644099370524739
10,100,True,decay=0.95,20023,0.87,8.324941065778972
10,100,True,decay=0.95,20024,0.87,8.269899437691759
10,100,True,decay=0.95,20025,0.7,5.954064432680925
10,100,True,decay=0.95,20026,0.86,6.689821111441568
10,100,True,decay=0.95,20027,0.3,19.19862011719686
10,100,True,decay=0.95,20028,0.9,7.564394986635206
10,100,True,decay=0.95,20029,0.9,8.999484600428415
10,100,True,decay=0.99,20000,0.51,34.40608542260505
10,100,True,decay=0.99,20001,0.87,10.194947210622407
10,100,True,decay=0.99,20002,0.86,11.304975129294037
10,100,True,decay=0.99,20003,0.55,29.439985830320758
10,100,True,decay=0.99,20004,0.7,11.017937957724875
10,100,True,decay=0.99,20005,0.89,9.531379756769004
10,100,True,decay=0.99,20006,0.48,39.750511262615014
10,100,True,decay=0.99,20007,0.89,10.191577136131306
10,100,True,decay=0.99,20008,0.86,7.707945037839957
10,100,True,decay=0.99,20009,0.82,8.754250757930217
10,100,True,decay=0.99,20010,0.88,9.03535873504973
10,100,True,decay=0.99,20011,0.59,31.219253857126734
10,100,True,decay=0.99,20012,0.89,11.340056279228525
10,100,True,decay=0.99,20013,0.51,18.533876758464622
10,100,True,decay=0.99,20014,0.86,11.03518927413423
10,100,True,decay=0.99,20015,0.81,8.188097597973917
10,100,True,decay=0.99,20016,0.88,7.850057547826214
10,100,True,decay=0.99,20017,0.86,8.90086612058636
10,100,True,decay=0.99,20018,0.81,13.962595537113204
10,100,True,decay=0.99,20019,0.74,12.410008990063762
10,100,True,decay=0.99,20020,0.84,8.097229347391734
10,100,True,decay=0.99,20021,0.79,15.597261675390865
10,100,True,decay=0.99,20022,0.74,8.798262777442032
10,100,True,decay=0.99,20023,0.82,11.540512915153135
10,100,True,decay=0.99,20024,0.87,8.32116559374292
10,100,True,decay=0.99,20025,0.56,23.97259582604839
10,100,True,decay=0.99,20026,0.83,8.924181332329596
10,100,True,decay=0.99,20027,0.39,11.133869342155602
10,100,True,decay=0.99,20028,0.86,10.71200948238733
10,100,True,decay=0.99,20029,0.87,10.508839974727413
10,100,True,decay=0.999,20000,0.5,35.702837598065436
10,100,True,decay=0.999,20001,0.87,10.443800896309961
10,100,True,decay=0.999,20002,0.85,11.847667777383489
10,100,True,decay=0.999,20003,0.55,28.62476069096046
10,100,True,decay=0.999,20004,0.71,8.375493752271698
10,100,True,decay=0.999,20005,0.86,10.941058029687513
10,100,True,decay=0.999,20006,0.29,56.26687036505738
10,100,True,decay=0.999,20007,0.87,10.87072469061892
10,100,True,decay=0.999,20008,0.86,7.707945037839957
10,100,True,decay=0.999,20009,0.82,10.016960930880105
10,100,True,decay=0.999,20010,0.86,10.854788596728348
10,100,True,decay=0.999,20011,0.59,30.98284896612531
10,100,True,decay=0.999,20012,0.86,13.62751615856776
10,100,True,decay=0.999,20013,0.54,19.973659561446567
10,100,True,decay=0.999,20014,0.87,10.725791822834655
10,100,True,decay=0.999,20015,0.81,11.358244987237805
10,100,True,decay=0.999,20016,0.86,12.048978813215106
10,100,True,decay=0.999,20017,0.86,9.131068125650105
10,100,True,decay=0.999,20018,0.78,15.321353878702684
10,100,True,decay=0.999,20019,0.72,13.915867105206472
10,100,True,decay=0.999,20020,0.84,8.582890029802565
10,100,True,decay=0.999,20021,0.79,15.736070906604033
10,100,True,decay=0.999,20022,0.7,10.744547439705018
10,100,True,decay=0.999,20023,0.82,12.460488558845224
10,100,True,decay=0.999,20024,0.83,12.963512157653257
10,100,True,decay=0.999,20025,0.54,24.250444306486866
10,100,True,decay=0.999,20026,0.84,9.269482425188553
10,100,True,decay=0.999,20027,0.31,16.203732454474018
10,100,True,decay=0.999,20028,0.83,13.627805952828558
10,100,True,decay=0.999,20029,0.85,13.381331695843471
10,100,True,decay=0.9999,20000,0.5,35.702837598065436
10,100,True,decay=0.9999,20001,0.84,11.22883666389369
10,100,True,decay=0.9999,20002,0.85,11.847667777383489
10,100,True,decay=0.9999,20003,0.55,28.62476069096046
10,100,True,decay=0.9999,20004,0.71,8.375493752271698
10,100,True,decay=0.9999,20005,0.86,10.941058029687513
10,100,True,decay=0.9999,20006,0.29,56.26687036505738
10,100,True,decay=0.9999,20007,0.88,12.247696221104706
10,100,True,decay=0.9999,20008,0.86,7.707945037839957
10,100,True,decay=0.9999,20009,0.82,10.016960930880105
10,100,True,decay=0.9999,20010,0.86,10.854788596728348
10,100,True,decay=0.9999,20011,0.59,31.528174539913895
10,100,True,decay=0.9999,20012,0.86,14.116761522546886
10,100,True,decay=0.9999,20013,0.54,19.973659561446567
10,100,True,decay=0.9999,20014,0.87,10.725791822834655
10,100,True,decay=0.9999,20015,0.81,11.358244987237805
10,100,True,decay=0.9999,20016,0.86,12.048978813215106
10,100,True,decay=0.9999,20017,0.86,9.7232638946037
10,100,True,decay=0.9999,20018,0.78,15.321353878702684
10,100,True,decay=0.9999,20019,0.74,12.13003436254056
10,100,True,decay=0.9999,20020,0.84,8.582890029802565
10,100,True,decay=0.9999,20021,0.78,16.187521755067937
10,100,True,decay=0.9999,20022,0.7,10.744547439705018
10,100,True,decay=0.9999,20023,0.82,12.460488558845224
10,100,True,decay=0.9999,20024,0.83,12.963512157653257
10,100,True,decay=0.9999,20025,0.54,24.250444306486866
10,100,True,decay=0.9999,20026,0.84,9.269482425188553
10,100,True,decay=0.9999,20027,0.41,9.668285915158322
10,100,True,decay=0.9999,20028,0.83,13.627805952828558
10,100,True,decay=0.9999,20029,0.85,13.381331695843471
10,100,True,decay=0.99999,20000,0.5,35.702837598065436
10,100,True,decay=0.99999,20001,0.84,11.22883666389369
10,100,True,decay=0.99999,20002,0.85,11.847667777383489
10,100,True,decay=0.99999,20003,0.54,28.841094147038735
10,100,True,decay=0.99999,20004,0.71,8.375493752271698
10,100,True,decay=0.99999,20005,0.86,10.941058029687513
10,100,True,decay=0.99999,20006,0.29,56.26687036505738
10,100,True,decay=0.99999,20007,0.88,12.247696221104706
10,100,True,decay=0.99999,20008,0.86,7.707945037839957
10,100,True,decay=0.99999,20009,0.82,10.016960930880105
10,100,True,decay=0.99999,20010,0.86,10.854788596728348
10,100,True,decay=0.99999,20011,0.59,31.528174539913895
10,100,True,decay=0.99999,20012,0.86,14.129166157686212
10,100,True,decay=0.99999,20013,0.54,19.973659561446567
10,100,True,decay=0.99999,20014,0.87,10.725791822834655
10,100,True,decay=0.99999,20015,0.81,11.358244987237805
10,100,True,decay=0.99999,20016,0.86,12.048978813215106
10,100,True,decay=0.99999,20017,0.86,9.7232638946037
10,100,True,decay=0.99999,20018,0.78,15.321353878702684
10,100,True,decay=0.99999,20019,0.74,12.13003436254056
10,100,True,decay=0.99999,20020,0.84,8.582890029802565
10,100,True,decay=0.99999,20021,0.78,16.187521755067937
10,100,True,decay=0.99999,20022,0.7,10.744547439705018
10,100,True,decay=0.99999,20023,0.82,12.460488558845224
10,100,True,decay=0.99999,20024,0.82,13.227744601409029
10,100,True,decay=0.99999,20025,0.54,24.250444306486866
10,100,True,decay=0.99999,20026,0.84,9.269482425188553
10,100,True,decay=0.99999,20027,0.41,9.668285915158322
10,100,True,decay=0.99999,20028,0.83,13.627805952828558
10,100,True,decay=0.99999,20029,0.85,13.381331695843471
10,100,False,constant,20000,0.8,9.591733185676375
10,100,False,constant,20001,0.76,25.88867133646554
10,100,False,constant,20002,0.8,15.099055553641696
10,100,False,constant,20003,0.61,21.87851301509709
10,100,False,constant,20004,0.64,17.02264069648738
10,100,False,constant,20005,0.89,11.410000989913176
10,100,False,constant,20006,0.79,7.17440677293561
10,100,False,constant,20007,0.92,4.253374949327226
10,100,False,constant,20008,0.89,7.151763013826848
10,100,False,constant,20009,0.85,5.523004530334926
10,100,False,constant,20010,0.87,8.977482372617352
10,100,False,constant,20011,0.51,36.22787029505378
10,100,False,constant,20012,0.47,45.22460519048751
10,100,False,constant,20013,0.41,32.83445975212158
10,100,False,constant,20014,0.86,11.166654442985624
10,100,False,constant,20015,0.76,16.326886634979783
10,100,False,constant,20016,0.88,10.941814205511637
10,100,False,constant,20017,0.77,19.871491223497717
10,100,False,constant,20018,0.71,17.492108823594698
10,100,False,constant,20019,0.73,11.204112244656425
10,100,False,constant,20020,0.86,4.45833720292768
10,100,False,constant,20021,0.82,9.36080566023979
10,100,False,constant,20022,0.74,6.13042214766287
10,100,False,constant,20023,0.84,7.032060030602195
10,100,False,constant,20024,0.86,7.2058251947017595
10,100,False,constant,20025,0.69,6.762655642480199
10,100,False,constant,20026,0.79,13.675144687555772
10,100,False,constant,20027,0.43,5.6718816019898135
10,100,False,constant,20028,0.71,28.96227148408375
10,100,False,constant,20029,0.92,6.935345199970619
10,100,False,decay=0.9,20000,0.85,3.7520912057800175
10,100,False,decay=0.9,20001,0.64,39.159927911204086
10,100,False,decay=0.9,20002,0.79,17.59929121577449
10,100,False,decay=0.9,20003,0.58,27.037774418787617
10,100,False,decay=0.9,20004,0.65,17.636347692197376
10,100,False,decay=0.9,20005,0.94,7.096009249677523
10,100,False,decay=0.9,20006,0.84,1.5262942100268053
10,100,False,decay=0.9,20007,0.98,1.5404999561412291
10,100,False,decay=0.9,20008,0.87,9.058229241717777
10,100,False,decay=0.9,20009,0.89,1.9554053156860167
10,100,False,decay=0.9,20010,0.86,8.50466201350854
10,100,False,decay=0.9,20011,0.51,37.80536863684788
10,100,False,decay=0.9,20012,0.27,64.73252325871694
10,100,False,decay=0.9,20013,0.31,50.05971321955548
10,100,False,decay=0.9,20014,0.94,3.836762986128158
10,100,False,decay=0.9,20015,0.36,61.90213622656194
10,100,False,decay=0.9,20016,0.79,18.438074172386965
10,100,False,decay=0.9,20017,0.72,23.48090744870527
10,100,False,decay=0.9,20018,0.73,15.883958192507338
10,100,False,decay=0.9,20019,0.81,4.6086865915124715
10,100,False,decay=0.9,20020,0.92,0.8913265537395882
10,100,False,decay=0.9,20021,0.84,8.201624561456544
10,100,False,decay=0.9,20022,0.7,10.309728676917683
10,100,False,decay=0.9,20023,0.74,17.5385764956073
10,100,False,decay=0.9,20024,0.95,0.35503777208092624
10,100,False,decay=0.9,20025,0.75,0.011474445582933868
10,100,False,decay=0.9,20026,0.57,34.22985745308823
10,100,False,decay=0.9,20027,0.33,13.829697637926127
10,100,False,decay=0.9,20028,0.44,58.56772398880688
10,100,False,decay=0.9,20029,0.97,0.0
10,100,False,decay=0.95,20000,0.85,3.7520912057800175
10,100,False,decay=0.95,20001,0.64,39.207458306995335
10,100,False,decay=0.95,20002,0.79,17.59929121577449
10,100,False,decay=0.95,20003,0.65,21.171957339291612
10,100,False,decay=0.95,20004,0.65,17.609067698494204
10,100,False,decay=0.95,20005,0.94,7.096009249677523
10,100,False,decay=0.95,20006,0.84,2.909077646484838
10,100,False,decay=0.95,20007,0.97,2.0335294882035764
10,100,False,decay=0.95,20008,0.86,10.11563978795485
10,100,False,decay=0.95,20009,0.89,1.9554053156860167
10,100,False,decay=0.95,20010,0.86,8.50466201350854
10,100,False,decay=0.95,20011,0.51,37.80536863684788
10,100,False,decay=0.95,20012,0.27,65.04014650714662
10,100,False,decay=0.95,20013,0.31,49.087804588185875
10,100,False,decay=0.95,20014,0.92,6.352289498885423
10,100,False,decay=0.95,20015,0.72,21.252049145342287
10,100,False,decay=0.95,20016,0.79,18.438074172386965
10,100,False,decay=0.95,20017,0.72,23.405057287961625
10,100,False,decay=0.95,20018,0.73,15.883958192507338
10,100,False,decay=0.95,20019,0.81,4.6086865915124715
10,100,False,decay=0.95,20020,0.91,1.4711005590640425
10,100,False,decay=0.95,20021,0.84,8.730601930719626
10,100,False,decay=0.95,20022,0.7,10.309728676917683
10,100,False,decay=0.95,20023,0.89,4.954270251759971
10,100,False,decay=0.95,20024,0.95,0.35503777208092624
10,100,False,decay=0.95,20025,0.74,1.3006444470220946
10,100,False,decay=0.95,20026,0.57,33.94142877028152
10,100,False,decay=0.95,20027,0.33,13.181185142473508
10,100,False,decay=0.95,20028,0.44,58.56772398880688
10,100,False,decay=0.95,20029,0.96,0.7919063133087196
10,100,False,decay=0.99,20000,0.82,7.502651419248914
10,100,False,decay=0.99,20001,0.77,24.501910823742257
10,100,False,decay=0.99,20002,0.79,18.166625381271118
10,100,False,decay=0.99,20003,0.55,27.81917090547317
10,100,False,decay=0.99,20004,0.64,17.249044822539755
10,100,False,decay=0.99,20005,0.93,8.333685379037497
10,100,False,decay=0.99,20006,0.81,5.811241004891009
10,100,False,decay=0.99,20007,0.94,5.737206017531861
10,100,False,decay=0.99,20008,0.89,7.151763013826848
10,100,False,decay=0.99,20009,0.86,3.7863045564840485
10,100,False,decay=0.99,20010,0.89,7.437677031012117
10,100,False,decay=0.99,20011,0.49,38.47056932121163
10,100,False,decay=0.99,20012,0.54,41.49190717366062
10,100,False,decay=0.99,20013,0.31,48.706079675972966
10,100,False,decay=0.99,20014,0.89,9.062541518930024
10,100,False,decay=0.99,20015,0.78,16.232585104078236
10,100,False,decay=0.99,20016,0.85,12.678262827260333
10,100,False,decay=0.99,20017,0.72,24.819604113468774
10,100,False,decay=0.99,20018,0.71,17.28661488965629
10,100,False,decay=0.99,20019,0.76,10.758949694491127
10,100,False,decay=0.99,20020,0.86,7.5426320179871205
10,100,False,decay=0.99,20021,0.83,9.259377636481888
10,100,False,decay=0.99,20022,0.77,3.083133113504344
10,100,False,decay=0.99,20023,0.87,5.864246752472196
10,100,False,decay=0.99,20024,0.92,1.6674793255067448
10,100,False,decay=0.99,20025,0.7,5.873550673722351
10,100,False,decay=0.99,20026,0.8,12.849505173150037
10,100,False,decay=0.99,20027,0.34,12.642063110690174
10,100,False,decay=0.99,20028,0.63,38.21364250279888
10,100,False,decay=0.99,20029,0.94,2.2954585617304564
10,100,False,decay=0.999,20000,0.8,9.591733185676375
10,100,False,decay=0.999,20001,0.76,25.749992868454893
10,100,False,decay=0.999,20002,0.8,15.099055553641696
10,100,False,decay=0.999,20003,0.63,21.395551509950817
10,100,False,decay=0.999,20004,0.64,17.02264069648738
10,100,False,decay=0.999,20005,0.89,11.410000989913176
10,100,False,decay=0.999,20006,0.79,7.17440677293561
10,100,False,decay=0.999,20007,0.92,6.712022011040163
10,100,False,decay=0.999,20008,0.89,7.151763013826848
10,100,False,decay=0.999,20009,0.85,5.523004530334926
10,100,False,decay=0.999,20010,0.87,8.977482372617352
10,100,False,decay=0.999,20011,0.52,35.446139830263775
10,100,False,decay=0.999,20012,0.59,39.01362567298609
10,100,False,decay=0.999,20013,0.41,32.83445975212158
10,100,False,decay=0.999,20014,0.86,11.166654442985624
10,100,False,decay=0.999,20015,0.76,16.326886634979783
10,100,False,decay=0.999,20016,0.84,13.688393254840983
10,100,False,decay=0.999,20017,0.79,18.456897680526783
10,100,False,decay=0.999,20018,0.71,17.492108823594698
10,100,False,decay=0.999,20019,0.72,12.862619017286288
10,100,False,decay=0.999,20020,0.86,4.45833720292768
10,100,False,decay=0.999,20021,0.82,9.36080566023979
10,100,False,decay=0.999,20022,0.74,6.13042214766287
10,100,False,decay=0.999,20023,0.84,7.032060030602195
10,100,False,decay=0.999,20024,0.87,6.082643980065194
10,100,False,decay=0.999,20025,0.69,6.762655642480199
10,100,False,decay=0.999,20026,0.79,13.675144687555772
10,100,False,decay=0.999,20027,0.35,12.807524133627545
10,100,False,decay=0.999,20028,0.71,28.96227148408375
10,100,False,decay=0.999,20029,0.92,6.935345199970619
10,100,False,decay=0.9999,20000,0.8,9.591733185676375
10,100,False,decay=0.9999,20001,0.76,25.88867133646554
10,100,False,decay=0.9999,20002,0.8,15.099055553641696
10,100,False,decay=0.9999,20003,0.63,21.395551509950817
10,100,False,decay=0.9999,20004,0.64,17.02264069648738
10,100,False,decay=0.9999,20005,0.89,11.410000989913176
10,100,False,decay=0.9999,20006,0.79,7.17440677293561
10,100,False,decay=0.9999,20007,0.92,4.253374949327226
10,100,False,decay=0.9999,20008,0.89,7.151763013826848
10,100,False,decay=0.9999,20009,0.85,5.523004530334926
10,100,False,decay=0.9999,20010,0.87,8.977482372617352
10,100,False,decay=0.9999,20011,0.51,36.22787029505378
10,100,False,decay=0.9999,20012,0.48,44.735359826508386
10,100,False,decay=0.9999,20013,0.41,32.83445975212158
10,100,False,decay=0.9999,20014,0.86,11.166654442985624
10,100,False,decay=0.9999,20015,0.76,16.326886634979783
10,100,False,decay=0.9999,20016,0.88,10.941814205511637
10,100,False,decay=0.9999,20017,0.77,19.871491223497717
10,100,False,decay=0.9999,20018,0.71,17.492108823594698
10,100,False,decay=0.9999,20019,0.73,11.204112244656425
10,100,False,decay=0.9999,20020,0.86,4.45833720292768
10,100,False,decay=0.9999,20021,0.82,9.36080566023979
10,100,False,decay=0.9999,20022,0.74,6.13042214766287
10,100,False,decay=0.9999,20023,0.84,7.032060030602195
10,100,False,decay=0.9999,20024,0.87,6.179040196542538
10,100,False,decay=0.9999,20025,0.69,6.762655642480199
10,100,False,decay=0.9999,20026,0.79,13.675144687555772
10,100,False,decay=0.9999,20027,0.43,5.6718816019898135
10,100,False,decay=0.9999,20028,0.71,28.96227148408375
10,100,False,decay=0.9999,20029,0.92,6.935345199970619
10,100,False,decay=0.99999,20000,0.8,9.591733185676375
10,100,False,decay=0.99999,20001,0.76,25.88867133646554
10,100,False,decay=0.99999,20002,0.8,15.099055553641696
10,100,False,decay=0.99999,20003,0.61,21.87851301509709
10,100,False,decay=0.99999,20004,0.64,17.02264069648738
10,100,False,decay=0.99999,20005,0.89,11.410000989913176
10,100,False,decay=0.99999,20006,0.79,7.17440677293561
10,100,False,decay=0.99999,20007,0.92,4.253374949327226
10,100,False,decay=0.99999,20008,0.89,7.151763013826848
10,100,False,decay=0.99999,20009,0.85,5.523004530334926
10,100,False,decay=0.99999,20010,0.87,8.977482372617352
10,100,False,decay=0.99999,20011,0.51,36.22787029505378
10,100,False,decay=0.99999,20012,0.47,45.22460519048751
10,100,False,decay=0.99999,20013,0.41,32.83445975212158
10,100,False,decay=0.99999,20014,0.86,11.166654442985624
10,100,False,decay=0.99999,20015,0.76,16.326886634979783
10,100,False,decay=0.99999,20016,0.88,10.941814205511637
10,100,False,decay=0.99999,20017,0.77,19.871491223497717
10,100,False,decay=0.99999,20018,0.71,17.492108823594698
10,100,False,decay=0.99999,20019,0.73,11.204112244656425
10,100,False,decay=0.99999,20020,0.86,4.45833720292768
10,100,False,decay=0.99999,20021,0.82,9.36080566023979
10,100,False,decay=0.99999,20022,0.74,6.13042214766287
10,100,False,decay=0.99999,20023,0.84,7.032060030602195
10,100,False,decay=0.99999,20024,0.86,7.2058251947017595
10,100,False,decay=0.99999,20025,0.69,6.762655642480199
10,100,False,decay=0.99999,20026,0.79,13.675144687555772
10,100,False,decay=0.99999,20027,0.43,5.6718816019898135
10,100,False,decay=0.99999,20028,0.71,28.96227148408375
10,100,False,decay=0.99999,20029,0.92,6.935345199970619
10,1000,True,constant,20000,0.8,98.01814412317299
10,1000,True,constant,20001,0.91,47.35102221846447
10,1000,True,constant,20002,0.91,50.20287158891372
10,1000,True,constant,20003,0.771,79.17595166180044
10,1000,True,constant,20004,0.741,50.43811137584704
10,1000,True,constant,20005,0.962,40.79459207160738
10,1000,True,constant,20006,0.779,125.20174232517782
10,1000,True,constant,20007,0.938,47.45840539014129
10,1000,True,constant,20008,0.901,33.90753339038206
10,1000,True,constant,20009,0.868,67.20187110101277
10,1000,True,constant,20010,0.932,52.60868011841839
10,1000,True,constant,20011,0.758,132.2977691022522
10,1000,True,constant,20012,0.931,52.78801244395666
10,1000,True,constant,20013,0.675,114.63445768695011
10,1000,True,constant,20014,0.949,44.68108469148115
10,1000,True,constant,20015,0.844,49.47630404981768
10,1000,True,constant,20016,0.924,48.99634354826558
10,1000,True,constant,20017,0.932,45.919088848491235
10,1000,True,constant,20018,0.831,46.704230822047776
10,1000,True,constant,20019,0.797,47.11434686777373
10,1000,True,constant,20020,0.899,43.164015455992256
10,1000,True,constant,20021,0.875,49.407818125472325
10,1000,True,constant,20022,0.722,52.31425746836476
10,1000,True,constant,20023,0.912,53.72665199085994
10,1000,True,constant,20024,0.887,56.14064369561814
10,1000,True,constant,20025,0.621,56.47914312738157
10,1000,True,constant,20026,0.894,44.02297283739838
10,1000,True,constant,20027,0.485,25.88523746387978
10,1000,True,constant,20028,0.925,53.55270994450566
10,1000,True,constant,20029,0.911,63.14675901136333
10,1000,True,decay=0.9,20000,0.828,75.57353681229435
10,1000,True,decay=0.9,20001,0.927,32.91925781585078
10,1000,True,decay=0.9,20002,0.948,8.215368147216648
10,1000,True,decay=0.9,20003,0.588,268.5173352185864
10,1000,True,decay=0.9,20004,0.767,24.58696679952003
10,1000,True,decay=0.9,20005,0.989,8.838572356514481
10,1000,True,decay=0.9,20006,0.567,333.48287243421476
10,1000,True,decay=0.9,20007,0.981,8.201327607169349
10,1000,True,decay=0.9,20008,0.899,33.05831747683031
10,1000,True,decay=0.9,20009,0.919,6.488955039009188
10,1000,True,decay=0.9,20010,0.975,7.243623906437091
10,1000,True,decay=0.9,20011,0.657,240.96583790685156
10,1000,True,decay=0.9,20012,0.98,9.547694586611806
10,1000,True,decay=0.9,20013,0.645,150.72718452884354
10,1000,True,decay=0.9,20014,0.98,8.530111211399939
10,1000,True,decay=0.9,20015,0.889,7.763754719538151
10,1000,True,decay=0.9,20016,0.964,6.399725570398882
10,1000,True,decay=0.9,20017,0.972,6.3855707810760585
10,1000,True,decay=0.9,20018,0.865,12.793997786860102
10,1000,True,decay=0.9,20019,0.836,8.321668476691919
10,1000,True,decay=0.9,20020,0.938,6.490854804673118
10,1000,True,decay=0.9,20021,0.913,7.75799393289509
10,1000,True,decay=0.9,20022,0.703,70.1630193781779
10,1000,True,decay=0.9,20023,0.946,18.30365759678192
10,1000,True,decay=0.9,20024,0.932,8.218633281640598
10,1000,True,decay=0.9,20025,0.674,5.750312269907801
10,1000,True,decay=0.9,20026,0.93,5.581010670399935
10,1000,True,decay=0.9,20027,0.356,156.87348085764535
10,1000,True,decay=0.9,20028,0.975,7.564394986635206
10,1000,True,decay=0.9,20029,0.969,8.207578287119695
10,1000,True,decay=0.95,20000,0.804,97.24496114161242
10,1000,True,decay=0.95,20001,0.927,33.516126655512885
10,1000,True,decay=0.95,20002,0.948,8.215368147216648
10,1000,True,decay=0.95,20003,0.587,268.70212823665645
10,1000,True,decay=0.95,20004,0.78,17.867100477476868
10,1000,True,decay=0.95,20005,0.989,8.838572356514481
10,1000,True,decay=0.95,20006,0.342,540.9969605341712
10,1000,True,decay=0.95,20007,0.98,8.807201185486322
10,1000,True,decay=0.95,20008,0.899,33.05831747683031
10,1000,True,decay=0.95,20009,0.919,6.488955039009188
10,1000,True,decay=0.95,20010,0.975,6.950562962494131
10,1000,True,decay=0.95,20011,0.657,240.96583790685156
10,1000,True,decay=0.95,20012,0.98,9.547694586611806
10,1000,True,decay=0.95,20013,0.645,150.60321562917096
10,1000,True,decay=0.95,20014,0.98,8.75000719756976
10,1000,True,decay=0.95,20015,0.886,8.260005508673329
10,1000,True,decay=0.95,20016,0.964,6.399725570398882
10,1000,True,decay=0.95,20017,0.972,6.5399226253961595
10,1000,True,decay=0.95,20018,0.865,12.793997786860102
10,1000,True,decay=0.95,20019,0.83,10.638764542937741
10,1000,True,decay=0.95,20020,0.938,6.490854804673118
10,1000,True,decay=0.95,20021,0.824,93.39344428405444
10,1000,True,decay=0.95,20022,0.703,70.1630193781779
10,1000,True,decay=0.95,20023,0.946,18.63153009876532
10,1000,True,decay=0.95,20024,0.932,8.269899437691759
10,1000,True,decay=0.95,20025,0.674,5.954064432680925
10,1000,True,decay=0.95,20026,0.93,6.689821111441568
10,1000,True,decay=0.95,20027,0.366,144.89281295816735
10,1000,True,decay=0.95,20028,0.975,7.564394986635206
10,1000,True,decay=0.95,20029,0.969,8.999484600428415
10,1000,True,decay=0.99,20000,0.848,48.143776626548195
10,1000,True,decay=0.99,20001,0.924,35.329998848027586
10,1000,True,decay=0.99,20002,0.939,15.674067028734317
10,1000,True,decay=0.99,20003,0.587,270.3246620502669
10,1000,True,decay=0.99,20004,0.759,33.88576407535004
10,1000,True,decay=0.99,20005,0.984,11.490684060423742
10,1000,True,decay=0.99,20006,0.867,40.57560492020609
10,1000,True,decay=0.99,20007,0.978,11.173664591828203
10,1000,True,decay=0.99,20008,0.92,11.697139517318261
10,1000,True,decay=0.99,20009,0.914,11.570391006090826
10,1000,True,decay=0.99,20010,0.971,10.009909785533104
10,1000,True,decay=0.99,20011,0.652,245.9587171684058
10,1000,True,decay=0.99,20012,0.977,12.11918825394184
10,1000,True,decay=0.99,20013,0.642,152.63753124513607
10,1000,True,decay=0.99,20014,0.976,11.585659803786273
10,1000,True,decay=0.99,20015,0.884,9.118141316570208
10,1000,True,decay=0.99,20016,0.962,9.767219737259795
10,1000,True,decay=0.99,20017,0.968,8.90086612058636
10,1000,True,decay=0.99,20018,0.862,16.267844733530016
10,1000,True,decay=0.99,20019,0.831,13.627604430791038
10,1000,True,decay=0.99,20020,0.934,10.14810391178023
10,1000,True,decay=0.99,20021,0.83,90.79956049217368
10,1000,True,decay=0.99,20022,0.743,34.96886386401998
10,1000,True,decay=0.99,20023,0.936,26.318243316297902
10,1000,True,decay=0.99,20024,0.929,10.817465647142939
10,1000,True,decay=0.99,20025,0.639,44.5078263538835
10,1000,True,decay=0.99,20026,0.926,10.28064716274064
10,1000,True,decay=0.99,20027,0.503,11.731941562584879
10,1000,True,decay=0.99,20028,0.971,11.147536745281919
10,1000,True,decay=0.99,20029,0.965,11.846042884742468
10,1000,True,decay=0.999,20000,0.818,74.3228774381095
10,1000,True,decay=0.999,20001,0.92,39.01560313240481
10,1000,True,decay=0.999,20002,0.925,34.834826926335005
10,1000,True,decay=0.999,20003,0.774,71.28410427574767
10,1000,True,decay=0.999,20004,0.753,43.39472727538969
10,1000,True,decay=0.999,20005,0.965,26.480431588761313
10,1000,True,decay=0.999,20006,0.801,107.25688093674724
10,1000,True,decay=0.999,20007,0.959,27.82649501273314
10,1000,True,decay=0.999,20008,0.909,23.67795636708184
10,1000,True,decay=0.999,20009,0.887,41.70406727233115
10,1000,True,decay=0.999,20010,0.948,37.65148286361626
10,1000,True,decay=0.999,20011,0.817,68.25630400021346
10,1000,True,decay=0.999,20012,0.952,37.5673729072179
10,1000,True,decay=0.999,20013,0.669,127.96159097988807
10,1000,True,decay=0.999,20014,0.956,32.33946216299932
10,1000,True,decay=0.999,20015,0.866,34.656526521084835
10,1000,True,decay=0.999,20016,0.939,36.112657672524975
10,1000,True,decay=0.999,20017,0.946,34.438453538693715
10,1000,True,decay=0.999,20018,0.846,33.6315732455905
10,1000,True,decay=0.999,20019,0.813,39.94699240653518
10,1000,True,decay=0.999,20020,0.911,32.94744352887007
10,1000,True,decay=0.999,20021,0.875,48.560275699999075
10,1000,True,decay=0.999,20022,0.706,60.66438583553317
10,1000,True,decay=0.999,20023,0.92,43.457298430305954
10,1000,True,decay=0.999,20024,0.897,41.70626790284155
10,1000,True,decay=0.999,20025,0.632,49.63776291602257
10,1000,True,decay=0.999,20026,0.906,31.37559976277
10,1000,True,decay=0.999,20027,0.453,66.18644161355559
10,1000,True,decay=0.999,20028,0.939,37.03487138953067
10,1000,True,decay=0.999,20029,0.936,37.44328220822805
10,1000,True,decay=0.9999,20000,0.795,98.4270004583378
10,1000,True,decay=0.9999,20001,0.909,46.35738727423678
10,1000,True,decay=0.9999,20002,0.913,46.8656507267334
10,1000,True,decay=0.9999,20003,0.768,82.52837965214817
10,1000,True,decay=0.9999,20004,0.741,49.05805432446327
10,1000,True,decay=0.9999,20005,0.96,36.0432932024255
10,1000,True,decay=0.9999,20006,0.784,119.91981001341415
10,1000,True,decay=0.9999,20007,0.942,47.00897834077897
10,1000,True,decay=0.9999,20008,0.907,29.927074423927962
10,1000,True,decay=0.9999,20009,0.86,66.23992869174953
10,1000,True,decay=0.9999,20010,0.932,52.772541417225995
10,1000,True,decay=0.9999,20011,0.777,109.06732478836612
10,1000,True,decay=0.9999,20012,0.937,48.146067030512086
10,1000,True,decay=0.9999,20013,0.673,114.20009681290604
10,1000,True,decay=0.9999,20014,0.951,41.69628831668324
10,1000,True,decay=0.9999,20015,0.846,49.50557505451368
10,1000,True,decay=0.9999,20016,0.921,49.944080125216466
10,1000,True,decay=0.9999,20017,0.929,47.05526815926752
10,1000,True,decay=0.9999,20018,0.839,44.552691037159754
10,1000,True,decay=0.9999,20019,0.796,47.25397376838947
10,1000,True,decay=0.9999,20020,0.903,41.84352431790086
10,1000,True,decay=0.9999,20021,0.868,51.30313916792237
10,1000,True,decay=0.9999,20022,0.71,68.3930003135616
10,1000,True,decay=0.9999,20023,0.912,53.100254492254834
10,1000,True,decay=0.9999,20024,0.884,57.15953318175479
10,1000,True,decay=0.9999,20025,0.625,53.81016102446945
10,1000,True,decay=0.9999,20026,0.894,44.04377736902901
10,1000,True,decay=0.9999,20027,0.485,25.88523746387978
10,1000,True,decay=0.9999,20028,0.925,53.72500043859777
10,1000,True,decay=0.9999,20029,0.91,61.0126537112266
10,1000,True,decay=0.99999,20000,0.8,98.01814412317299
10,1000,True,decay=0.99999,20001,0.91,47.35102221846447
10,1000,True,decay=0.99999,20002,0.91,50.20287158891372
10,1000,True,decay=0.99999,20003,0.771,79.17595166180044
10,1000,True,decay=0.99999,20004,0.741,50.43811137584704
10,1000,True,decay=0.99999,20005,0.962,40.79459207160738
10,1000,True,decay=0.99999,20006,0.779,125.20174232517782
10,1000,True,decay=0.99999,20007,0.938,47.45840539014129
10,1000,True,decay=0.99999,20008,0.901,33.90753339038206
10,1000,True,decay=0.99999,20009,0.868,67.20187110101277
10,1000,True,decay=0.99999,20010,0.932,52.60868011841839
10,1000,True,decay=0.99999,20011,0.757,132.43598413962007
10,1000,True,decay=0.99999,20012,0.936,50.96029122207685
10,1000,True,decay=0.99999,20013,0.675,114.63445768695011
10,1000,True,decay=0.99999,20014,0.948,43.404743999624294
10,1000,True,decay=0.99999,20015,0.844,49.47630404981768
10,1000,True,decay=0.99999,20016,0.924,48.99634354826558
10,1000,True,decay=0.99999,20017,0.932,45.919088848491235
10,1000,True,decay=0.99999,20018,0.832,46.326802312670644
10,1000,True,decay=0.99999,20019,0.797,47.11434686777373
10,1000,True,decay=0.99999,20020,0.907,43.02648023601878
10,1000,True,decay=0.99999,20021,0.875,49.407818125472325
10,1000,True,decay=0.99999,20022,0.722,52.31425746836476
10,1000,True,decay=0.99999,20023,0.912,53.72665199085994
10,1000,True,decay=0.99999,20024,0.887,56.14064369561814
10,1000,True,decay=0.99999,20025,0.621,56.47914312738157
10,1000,True,decay=0.99999,20026,0.894,44.02297283739838
10,1000,True,decay=0.99999,20027,0.485,25.88523746387978
10,1000,True,decay=0.99999,20028,0.931,53.86350836173785
10,1000,True,decay=0.99999,20029,0.912,63.32321947891936
10,1000,False,constant,20000,0.838,64.82567195183013
10,1000,False,constant,20001,0.889,76.47546930027076
10,1000,False,constant,20002,0.903,54.250834675699764
10,1000,False,constant,20003,0.78,60.48173637086691
10,1000,False,constant,20004,0.743,55.682334347816756
10,1000,False,constant,20005,0.953,46.120517727196145
10,1000,False,constant,20006,0.845,56.911645093453295
10,1000,False,constant,20007,0.944,39.632933308551756
10,1000,False,constant,20008,0.902,37.07725539907306
10,1000,False,constant,20009,0.861,63.30117987732025
10,1000,False,constant,20010,0.919,55.01225429154624
10,1000,False,constant,20011,0.794,90.25459165634143
10,1000,False,constant,20012,0.888,91.22069282197651
10,1000,False,constant,20013,0.719,69.97461176056703
10,1000,False,constant,20014,0.943,47.17434417146302
10,1000,False,constant,20015,0.84,53.33300666874291
10,1000,False,constant,20016,0.921,49.009344285537544
10,1000,False,constant,20017,0.916,55.65000365765989
10,1000,False,constant,20018,0.754,117.9458823881836
10,1000,False,constant,20019,0.794,48.88281484789195
10,1000,False,constant,20020,0.9,40.228909551999365
10,1000,False,constant,20021,0.844,76.67307512819357
10,1000,False,constant,20022,0.728,42.12669386400008
10,1000,False,constant,20023,0.919,37.51845828101976
10,1000,False,constant,20024,0.894,50.85430161129071
10,1000,False,constant,20025,0.644,33.05086637645438
10,1000,False,constant,20026,0.85,94.9348401886185
10,1000,False,constant,20027,0.492,28.72201980471479
10,1000,False,constant,20028,0.92,71.51034574150533
10,1000,False,constant,20029,0.919,57.18933115892697
10,1000,False,decay=0.9,20000,0.901,3.7520912057800175
10,1000,False,decay=0.9,20001,0.569,391.5992791120333
10,1000,False,decay=0.9,20002,0.782,169.13165103048559
10,1000,False,decay=0.9,20003,0.59,267.00301857999006
10,1000,False,decay=0.9,20004,0.617,176.36347692197575
10,1000,False,decay=0.9,20005,0.946,52.12344209903492
10,1000,False,decay=0.9,20006,0.904,1.5262942100268053
10,1000,False,decay=0.9,20007,0.988,1.5404999561412291
10,1000,False,decay=0.9,20008,0.844,90.58229241717774
10,1000,False,decay=0.9,20009,0.923,1.9554053156860167
10,1000,False,decay=0.9,20010,0.919,66.32868100233468
10,1000,False,decay=0.9,20011,0.508,378.0536863684846
10,1000,False,decay=0.9,20012,0.326,647.3252325871589
10,1000,False,decay=0.9,20013,0.309,495.22470089510415
10,1000,False,decay=0.9,20014,0.985,3.836762986128158
10,1000,False,decay=0.9,20015,0.288,624.2219851682476
10,1000,False,decay=0.9,20016,0.805,169.61472003653842
10,1000,False,decay=0.9,20017,0.754,230.66271200607596
10,1000,False,decay=0.9,20018,0.765,104.33522876027955
10,1000,False,decay=0.9,20019,0.839,4.6086865915124715
10,1000,False,decay=0.9,20020,0.945,0.8913265537395882
10,1000,False,decay=0.9,20021,0.835,81.38551345889394
10,1000,False,decay=0.9,20022,0.679,99.42163504541125
10,1000,False,decay=0.9,20023,0.775,169.81173106262113
10,1000,False,decay=0.9,20024,0.94,0.35503777208092624
10,1000,False,decay=0.9,20025,0.679,0.011474445582933868
10,1000,False,decay=0.9,20026,0.595,345.00084102615216
10,1000,False,decay=0.9,20027,0.369,139.5238904788969
10,1000,False,decay=0.9,20028,0.407,585.6772398880634
10,1000,False,decay=0.9,20029,0.976,0.0
10,1000,False,decay=0.95,20000,0.901,3.7520912057800175
10,1000,False,decay=0.95,20001,0.569,391.6468095078245
10,1000,False,decay=0.95,20002,0.782,169.13165103048559
10,1000,False,decay=0.95,20003,0.825,21.171957339291612
10,1000,False,decay=0.95,20004,0.617,176.33619692827259
10,1000,False,decay=0.95,20005,0.946,52.12344209903492
10,1000,False,decay=0.95,20006,0.904,2.909077646484838
10,1000,False,decay=0.95,20007,0.987,2.0335294882035764
10,1000,False,decay=0.95,20008,0.843,91.63970296341485
10,1000,False,decay=0.95,20009,0.923,1.9554053156860167
10,1000,False,decay=0.95,20010,0.919,66.32868100233468
10,1000,False,decay=0.95,20011,0.508,378.0536863684846
10,1000,False,decay=0.95,20012,0.326,647.6328558355885
10,1000,False,decay=0.95,20013,0.309,494.2527922637346
10,1000,False,decay=0.95,20014,0.983,6.352289498885423
10,1000,False,decay=0.95,20015,0.739,154.64814640887153
10,1000,False,decay=0.95,20016,0.805,169.61472003653842
10,1000,False,decay=0.95,20017,0.754,230.58686184533232
10,1000,False,decay=0.95,20018,0.765,104.33522876027955
10,1000,False,decay=0.95,20019,0.839,4.6086865915124715
10,1000,False,decay=0.95,20020,0.944,1.4711005590640425
10,1000,False,decay=0.95,20021,0.834,82.55946831205031
10,1000,False,decay=0.95,20022,0.679,99.42163504541125
10,1000,False,decay=0.95,20023,0.948,15.260859284746493
10,1000,False,decay=0.95,20024,0.94,0.35503777208092624
10,1000,False,decay=0.95,20025,0.678,1.3006444470220946
10,1000,False,decay=0.95,20026,0.595,344.7124123433454
10,1000,False,decay=0.95,20027,0.369,138.83642832948772
10,1000,False,decay=0.95,20028,0.407,585.6772398880634
10,1000,False,decay=0.95,20029,0.975,0.7919063133087196
10,1000,False,decay=0.99,20000,0.892,12.533343339850449
10,1000,False,decay=0.99,20001,0.916,49.18741658500725
10,1000,False,decay=0.99,20002,0.916,39.82758114224478
10,1000,False,decay=0.99,20003,0.587,267.7681420684997
10,1000,False,decay=0.99,20004,0.686,106.33740977728964
10,1000,False,decay=0.99,20005,0.989,9.672106935400688
10,1000,False,decay=0.99,20006,0.9,6.636334662482082
10,1000,False,decay=0.99,20007,0.982,10.059475069637989
10,1000,False,decay=0.99,20008,0.926,7.638357614504928
10,1000,False,decay=0.99,20009,0.917,7.0368412827676545
10,1000,False,decay=0.99,20010,0.971,10.819395656643517
10,1000,False,decay=0.99,20011,0.785,100.23926362283909
10,1000,False,decay=0.99,20012,0.837,154.92945599259136
10,1000,False,decay=0.99,20013,0.309,493.72358003878765
10,1000,False,decay=0.99,20014,0.979,9.877779221252046
10,1000,False,decay=0.99,20015,0.88,17.379030719017
10,1000,False,decay=0.99,20016,0.902,70.34504709211029
10,1000,False,decay=0.99,20017,0.754,232.08630504677893
10,1000,False,decay=0.99,20018,0.76,107.88833119519592
10,1000,False,decay=0.99,20019,0.834,11.706929016987424
10,1000,False,decay=0.99,20020,0.939,8.38258917018541
10,1000,False,decay=0.99,20021,0.831,84.9066418654856
10,1000,False,decay=0.99,20022,0.764,6.498129621146311
10,1000,False,decay=0.99,20023,0.953,11.007653621485812
10,1000,False,decay=0.99,20024,0.935,3.6141925253836167
10,1000,False,decay=0.99,20025,0.674,6.237317087018361
10,1000,False,decay=0.99,20026,0.878,65.31772639184811
10,1000,False,decay=0.99,20027,0.384,121.16661311703568
10,1000,False,decay=0.99,20028,0.948,39.295297261048674
10,1000,False,decay=0.99,20029,0.969,5.906263113982744
10,1000,False,decay=0.999,20000,0.868,41.9805564801766
10,1000,False,decay=0.999,20001,0.891,70.52453191654041
10,1000,False,decay=0.999,20002,0.916,39.836724432239755
10,1000,False,decay=0.999,20003,0.796,44.913970915873236
10,1000,False,decay=0.999,20004,0.752,47.74675764548014
10,1000,False,decay=0.999,20005,0.953,42.92454249960777
10,1000,False,decay=0.999,20006,0.865,38.448829128301675
10,1000,False,decay=0.999,20007,0.964,31.769928259880437
10,1000,False,decay=0.999,20008,0.912,26.775256615319954
10,1000,False,decay=0.999,20009,0.89,37.803376048638654
10,1000,False,decay=0.999,20010,0.939,38.52205648386401
10,1000,False,decay=0.999,20011,0.818,69.16140773275754
10,1000,False,decay=0.999,20012,0.922,64.79670453907339
10,1000,False,decay=0.999,20013,0.732,53.077546759143615
10,1000,False,decay=0.999,20014,0.953,35.4504845910606
10,1000,False,decay=0.999,20015,0.857,42.558785070610874
10,1000,False,decay=0.999,20016,0.88,90.69791758719435
10,1000,False,decay=0.999,20017,0.934,42.990755675158546
10,1000,False,decay=0.999,20018,0.747,120.41772956551415
10,1000,False,decay=0.999,20019,0.805,40.52293900486914
10,1000,False,decay=0.999,20020,0.913,30.89311742897287
10,1000,False,decay=0.999,20021,0.818,98.06418624056528
10,1000,False,decay=0.999,20022,0.74,34.2593641603993
10,1000,False,decay=0.999,20023,0.932,29.669700799561735
10,1000,False,decay=0.999,20024,0.905,34.98308598628508
10,1000,False,decay=0.999,20025,0.649,27.962894623502066
10,1000,False,decay=0.999,20026,0.862,84.52500354647157
10,1000,False,decay=0.999,20027,0.423,84.06916839030944
10,1000,False,decay=0.999,20028,0.934,51.71216595051464
10,1000,False,decay=0.999,20029,0.942,35.013915380313975
10,1000,False,decay=0.9999,20000,0.839,65.23452828699493
10,1000,False,decay=0.9999,20001,0.885,76.08013478491547
10,1000,False,decay=0.9999,20002,0.907,50.97183308382463
10,1000,False,decay=0.9999,20003,0.789,56.8623364268396
10,1000,False,decay=0.9999,20004,0.743,54.27881736143266
10,1000,False,decay=0.9999,20005,0.958,41.93670912163023
10,1000,False,decay=0.9999,20006,0.846,51.62971278168965
10,1000,False,decay=0.9999,20007,0.944,39.34089199337753
10,1000,False,decay=0.9999,20008,0.905,33.09679643261896
10,1000,False,decay=0.9999,20009,0.861,61.430784306034965
10,1000,False,decay=0.9999,20010,0.924,55.176115590353845
10,1000,False,decay=0.9999,20011,0.793,89.67363360212322
10,1000,False,decay=0.9999,20012,0.888,89.77847475545454
10,1000,False,decay=0.9999,20013,0.714,69.51423054132552
10,1000,False,decay=0.9999,20014,0.943,44.1895477966651
10,1000,False,decay=0.9999,20015,0.836,53.43297283070095
10,1000,False,decay=0.9999,20016,0.918,49.95708086248843
10,1000,False,decay=0.9999,20017,0.917,54.46161670978883
10,1000,False,decay=0.9999,20018,0.745,129.47643381793674
10,1000,False,decay=0.9999,20019,0.797,50.21940490327283
10,1000,False,decay=0.9999,20020,0.903,38.90841841390797
10,1000,False,decay=0.9999,20021,0.796,110.28141469286824
10,1000,False,decay=0.9999,20022,0.728,44.00770345673133
10,1000,False,decay=0.9999,20023,0.928,38.10578888690689
10,1000,False,decay=0.9999,20024,0.894,51.020203541555695
10,1000,False,decay=0.9999,20025,0.646,29.96290550241308
10,1000,False,decay=0.9999,20026,0.854,94.9377971910853
10,1000,False,decay=0.9999,20027,0.492,28.72201980471479
10,1000,False,decay=0.9999,20028,0.911,69.736339522431
10,1000,False,decay=0.9999,20029,0.917,56.360416475950686
10,1000,False,decay=0.99999,20000,0.838,64.82567195183013
10,1000,False,decay=0.99999,20001,0.889,76.47546930027076
10,1000,False,decay=0.99999,20002,0.903,54.250834675699764
10,1000,False,decay=0.99999,20003,0.78,60.48173637086691
10,1000,False,decay=0.99999,20004,0.743,55.682334347816756
10,1000,False,decay=0.99999,20005,0.953,46.120517727196145
10,1000,False,decay=0.99999,20006,0.845,56.911645093453295
10,1000,False,decay=0.99999,20007,0.944,39.632933308551756
10,1000,False,decay=0.99999,20008,0.902,37.07725539907306
10,1000,False,decay=0.99999,20009,0.861,63.30117987732025
10,1000,False,decay=0.99999,20010,0.919,55.01225429154624
10,1000,False,decay=0.99999,20011,0.792,90.24733217153461
10,1000,False,decay=0.99999,20012,0.889,89.41778087037538
10,1000,False,decay=0.99999,20013,0.719,69.97461176056703
10,1000,False,decay=0.99999,20014,0.944,45.89800347960616
10,1000,False,decay=0.99999,20015,0.84,53.33300666874291
10,1000,False,decay=0.99999,20016,0.921,49.009344285537544
10,1000,False,decay=0.99999,20017,0.916,55.65000365765989
10,1000,False,decay=0.99999,20018,0.752,117.56845387880647
10,1000,False,decay=0.99999,20019,0.794,48.88281484789195
10,1000,False,decay=0.99999,20020,0.903,40.091374332025886
10,1000,False,decay=0.99999,20021,0.844,76.67307512819357
10,1000,False,decay=0.99999,20022,0.728,42.12669386400008
10,1000,False,decay=0.99999,20023,0.919,37.51845828101976
10,1000,False,decay=0.99999,20024,0.894,50.85430161129071
10,1000,False,decay=0.99999,20025,0.644,33.05086637645438
10,1000,False,decay=0.99999,20026,0.85,94.9348401886185
10,1000,False,decay=0.99999,20027,0.492,28.72201980471479
10,1000,False,decay=0.99999,20028,0.912,69.87484744557109
10,1000,False,decay=0.99999,20029,0.919,57.365791626483
10,10000,True,constant,20000,0.851,522.923250224043
10,10000,True,constant,20001,0.9238,370.343064701005
10,10000,True,constant,20002,0.9078,408.11521444742607
10,10000,True,constant,20003,0.8225,427.75051610169334
10,10000,True,constant,20004,0.7485,451.15349991304134
10,10000,True,constant,20005,0.9582,371.3904889624589
10,10000,True,constant,20006,0.8356,616.9025442239738
10,10000,True,constant,20007,0.9425,425.89279043189407
10,10000,True,constant,20008,0.8973,320.94456294837136
10,10000,True,constant,20009,0.8666,623.174394363859
10,10000,True,constant,20010,0.9371,473.8877119707886
10,10000,True,constant,20011,0.8253,594.0480908393652
10,10000,True,constant,20012,0.9378,487.83628820115763
10,10000,True,constant,20013,0.7496,529.7389622093149
10,10000,True,constant,20014,0.9415,446.7442549622953
10,10000,True,constant,20015,0.863,409.3191181397318
10,10000,True,constant,20016,0.9272,438.97015995606273
10,10000,True,constant,20017,0.9328,375.7505966918938
10,10000,True,constant,20018,0.8316,397.5127625338294
10,10000,True,constant,20019,0.8049,406.14349896194346
10,10000,True,constant,20020,0.9071,405.66163193375854
10,10000,True,constant,20021,0.8832,458.64851655469937
10,10000,True,constant,20022,0.7268,390.91749544877507
10,10000,True,constant,20023,0.9196,505.1773003957573
10,10000,True,constant,20024,0.8933,475.2655887417915
10,10000,True,constant,20025,0.6156,367.5875345748016
10,10000,True,constant,20026,0.886,421.10376108905103
10,10000,True,constant,20027,0.5002,196.27779336904877
10,10000,True,constant,20028,0.9257,572.7421137451348
10,10000,True,constant,20029,0.9208,564.5178945013304
10,10000,True,decay=0.9,20000,0.8335,680.1889322103252
10,10000,True,decay=0.9,20001,0.9293,275.34292947901815
10,10000,True,decay=0.9,20002,0.9509,8.215368147216648
10,10000,True,decay=0.9,20003,0.5985,2668.16977683062
10,10000,True,decay=0.9,20004,0.7716,224.27547536338668
10,10000,True,decay=0.9,20005,0.9953,8.838572356514481
10,10000,True,decay=0.9,20006,0.5665,3317.0306051741613
10,10000,True,decay=0.9,20007,0.9854,8.201327607169349
10,10000,True,decay=0.9,20008,0.924,33.05831747683031
10,10000,True,decay=0.9,20009,0.9269,6.488955039009188
10,10000,True,decay=0.9,20010,0.9818,7.243623906437091
10,10000,True,decay=0.9,20011,0.6422,2368.6098569195915
10,10000,True,decay=0.9,20012,0.9858,9.547694586611806
10,10000,True,decay=0.9,20013,0.6581,1484.9225160316005
10,10000,True,decay=0.9,20014,0.9863,8.530111211399939
10,10000,True,decay=0.9,20015,0.9017,7.763754719538151
10,10000,True,decay=0.9,20016,0.9699,6.399725570398882
10,10000,True,decay=0.9,20017,0.972,6.3855707810760585
10,10000,True,decay=0.9,20018,0.8712,12.793997786860102
10,10000,True,decay=0.9,20019,0.8428,8.321668476691919
10,10000,True,decay=0.9,20020,0.948,6.490854804673118
10,10000,True,decay=0.9,20021,0.927,7.75799393289509
10,10000,True,decay=0.9,20022,0.732,300.3965315803179
10,10000,True,decay=0.9,20023,0.9594,121.3695479266691
10,10000,True,decay=0.9,20024,0.9405,8.218633281640598
10,10000,True,decay=0.9,20025,0.6522,5.750312269907801
10,10000,True,decay=0.9,20026,0.9275,5.581010670399935
10,10000,True,decay=0.9,20027,0.3756,1413.8154092673121
10,10000,True,decay=0.9,20028,0.9836,7.564394986635206
10,10000,True,decay=0.9,20029,0.978,8.207578287119695
10,10000,True,decay=0.95,20000,0.8311,701.8603565396296
10,10000,True,decay=0.95,20001,0.9293,275.93979831868086
10,10000,True,decay=0.95,20002,0.9509,8.215368147216648
10,10000,True,decay=0.95,20003,0.5984,2668.35456984869
10,10000,True,decay=0.95,20004,0.7929,17.867100477476868
10,10000,True,decay=0.95,20005,0.9953,8.838572356514481
10,10000,True,decay=0.95,20006,0.3555,5411.666246590546
10,10000,True,decay=0.95,20007,0.9853,8.807201185486322
10,10000,True,decay=0.95,20008,0.924,33.05831747683031
10,10000,True,decay=0.95,20009,0.9269,6.488955039009188
10,10000,True,decay=0.95,20010,0.9818,6.950562962494131
10,10000,True,decay=0.95,20011,0.6422,2368.6098569195915
10,10000,True,decay=0.95,20012,0.9858,9.547694586611806
10,10000,True,decay=0.95,20013,0.6581,1484.798547131928
10,10000,True,decay=0.95,20014,0.9863,8.75000719756976
10,10000,True,decay=0.95,20015,0.9014,8.260005508673329
10,10000,True,decay=0.95,20016,0.9699,6.399725570398882
10,10000,True,decay=0.95,20017,0.972,6.5399226253961595
10,10000,True,decay=0.95,20018,0.8712,12.793997786860102
10,10000,True,decay=0.95,20019,0.8422,10.638764542937741
10,10000,True,decay=0.95,20020,0.948,6.490854804673118
10,10000,True,decay=0.95,20021,0.8447,825.2323332583353
10,10000,True,decay=0.95,20022,0.732,300.3965315803179
10,10000,True,decay=0.95,20023,0.9594,121.6974204286527
10,10000,True,decay=0.95,20024,0.9405,8.269899437691759
10,10000,True,decay=0.95,20025,0.6522,5.954064432680925
10,10000,True,decay=0.95,20026,0.9275,6.689821111441568
10,10000,True,decay=0.95,20027,0.3766,1401.8347413678391
10,10000,True,decay=0.95,20028,0.9836,7.564394986635206
10,10000,True,decay=0.95,20029,0.978,8.999484600428415
10,10000,True,decay=0.99,20000,0.8979,48.143776626548195
10,10000,True,decay=0.99,20001,0.929,277.75367051119747
10,10000,True,decay=0.99,20002,0.95,15.674067028734317
10,10000,True,decay=0.99,20003,0.5984,2669.9771036623006
10,10000,True,decay=0.99,20004,0.7708,233.5742726392167
10,10000,True,decay=0.99,20005,0.9948,11.490684060423742
10,10000,True,decay=0.99,20006,0.8941,40.57560492020609
10,10000,True,decay=0.99,20007,0.9851,11.173664591828203
10,10000,True,decay=0.99,20008,0.9261,11.697139517318261
10,10000,True,decay=0.99,20009,0.9264,11.570391006090826
10,10000,True,decay=0.99,20010,0.9814,10.009909785533104
10,10000,True,decay=0.99,20011,0.6417,2373.602736181142
10,10000,True,decay=0.99,20012,0.9855,12.11918825394184
10,10000,True,decay=0.99,20013,0.6578,1486.8328627478916
10,10000,True,decay=0.99,20014,0.9859,11.585659803786273
10,10000,True,decay=0.99,20015,0.9012,9.118141316570208
10,10000,True,decay=0.99,20016,0.9697,9.767219737259795
10,10000,True,decay=0.99,20017,0.9716,8.90086612058636
10,10000,True,decay=0.99,20018,0.8709,16.267844733530016
10,10000,True,decay=0.99,20019,0.8423,13.627604430791038
10,10000,True,decay=0.99,20020,0.9476,10.14810391178023
10,10000,True,decay=0.99,20021,0.8453,822.6384494664559
10,10000,True,decay=0.99,20022,0.736,265.2023760661289
10,10000,True,decay=0.99,20023,0.9584,129.38413364618833
10,10000,True,decay=0.99,20024,0.9402,10.817465647142939
10,10000,True,decay=0.99,20025,0.6487,44.5078263538835
10,10000,True,decay=0.99,20026,0.9271,10.28064716274064
10,10000,True,decay=0.99,20027,0.518,11.731941562584879
10,10000,True,decay=0.99,20028,0.9832,11.147536745281919
10,10000,True,decay=0.99,20029,0.9776,11.846042884742468
10,10000,True,decay=0.999,20000,0.8935,87.37192002845478
10,10000,True,decay=0.999,20001,0.9572,52.05050664311888
10,10000,True,decay=0.999,20002,0.9471,50.57731549731985
10,10000,True,decay=0.999,20003,0.8576,85.96235691469856
10,10000,True,decay=0.999,20004,0.7693,254.3981870968517
10,10000,True,decay=0.999,20005,0.9915,41.356362677049034
10,10000,True,decay=0.999,20006,0.8857,123.98872737551027
10,10000,True,decay=0.999,20007,0.9819,42.83382096372431
10,10000,True,decay=0.999,20008,0.923,37.550060730361075
10,10000,True,decay=0.999,20009,0.9216,63.92014271922972
10,10000,True,decay=0.999,20010,0.9777,52.00416452755112
10,10000,True,decay=0.999,20011,0.8762,87.75254239383884
10,10000,True,decay=0.999,20012,0.981,58.48815493160917
10,10000,True,decay=0.999,20013,0.7812,227.69383795549342
10,10000,True,decay=0.999,20014,0.9823,47.8226858846648
10,10000,True,decay=0.999,20015,0.8977,48.81959526839315
10,10000,True,decay=0.999,20016,0.9658,50.85672185786486
10,10000,True,decay=0.999,20017,0.9686,43.94367240700465
10,10000,True,decay=0.999,20018,0.8675,49.166128932637015
10,10000,True,decay=0.999,20019,0.8395,53.012783147932836
10,10000,True,decay=0.999,20020,0.9435,48.783928437224844
10,10000,True,decay=0.999,20021,0.9206,70.89717460589638
10,10000,True,decay=0.999,20022,0.7545,93.31261506239439
10,10000,True,decay=0.999,20023,0.9557,158.54801716058185
10,10000,True,decay=0.999,20024,0.9354,56.168196559506725
10,10000,True,decay=0.999,20025,0.6469,60.287990033131436
10,10000,True,decay=0.999,20026,0.9232,50.060712497998345
10,10000,True,decay=0.999,20027,0.5125,70.99294706967554
10,10000,True,decay=0.999,20028,0.978,57.33289441209836
10,10000,True,decay=0.999,20029,0.9725,57.460657546126
10,10000,True,decay=0.9999,20000,0.8656,354.21462022412936
10,10000,True,decay=0.9999,20001,0.9373,233.7059645837498
10,10000,True,decay=0.9999,20002,0.9259,261.5183559937602
10,10000,True,decay=0.9999,20003,0.8356,299.0133064565091
10,10000,True,decay=0.9999,20004,0.7566,372.01160505007596
10,10000,True,decay=0.9999,20005,0.9732,223.5502646287921
10,10000,True,decay=0.9999,20006,0.8538,427.3611499422726
10,10000,True,decay=0.9999,20007,0.9588,284.71130871503976
10,10000,True,decay=0.9999,20008,0.9084,203.24977843900277
10,10000,True,decay=0.9999,20009,0.8866,394.0128440882513
10,10000,True,decay=0.9999,20010,0.9504,310.81880270927456
10,10000,True,decay=0.9999,20011,0.8467,384.8757160917214
10,10000,True,decay=0.9999,20012,0.9529,318.49430921836216
10,10000,True,decay=0.9999,20013,0.7627,406.4674130519557
10,10000,True,decay=0.9999,20014,0.9599,273.70842654463587
10,10000,True,decay=0.9999,20015,0.8777,248.35098936085683
10,10000,True,decay=0.9999,20016,0.944,269.9722597395232
10,10000,True,decay=0.9999,20017,0.947,252.40926838908152
10,10000,True,decay=0.9999,20018,0.8478,246.20730660132614
10,10000,True,decay=0.9999,20019,0.8169,270.1996416742691
10,10000,True,decay=0.9999,20020,0.9226,257.6392977395453
10,10000,True,decay=0.9999,20021,0.8991,296.58787031518665
10,10000,True,decay=0.9999,20022,0.7125,492.49145880858396
10,10000,True,decay=0.9999,20023,0.9366,353.96472325374367
10,10000,True,decay=0.9999,20024,0.9108,308.90935360414335
10,10000,True,decay=0.9999,20025,0.6292,237.313608121619
10,10000,True,decay=0.9999,20026,0.9039,258.2084813269033
10,10000,True,decay=0.9999,20027,0.5062,127.1117357288949
10,10000,True,decay=0.9999,20028,0.9476,370.1196246868276
10,10000,True,decay=0.9999,20029,0.9415,375.40742055064146
10,10000,True,decay=0.99999,20000,0.8522,492.72568353959554
10,10000,True,decay=0.99999,20001,0.9251,356.45615178050474
10,10000,True,decay=0.99999,20002,0.912,396.2588412821792
10,10000,True,decay=0.99999,20003,0.8251,409.99170873989385
10,10000,True,decay=0.99999,20004,0.7506,436.85781167593206
10,10000,True,decay=0.99999,20005,0.9608,343.2786876060871
10,10000,True,decay=0.99999,20006,0.8371,602.8688547585291
10,10000,True,decay=0.99999,20007,0.9444,406.7807983953297
10,10000,True,decay=0.99999,20008,0.8969,309.1959245189796
10,10000,True,decay=0.99999,20009,0.8676,585.6218658543282
10,10000,True,decay=0.99999,20010,0.9347,458.30566712608083
10,10000,True,decay=0.99999,20011,0.8292,565.8187698597393
10,10000,True,decay=0.99999,20012,0.9411,454.3369024173335
10,10000,True,decay=0.99999,20013,0.751,512.4914306064625
10,10000,True,decay=0.99999,20014,0.944,433.6049465640283
10,10000,True,decay=0.99999,20015,0.8642,383.78602422165244
10,10000,True,decay=0.99999,20016,0.9271,424.9763742975358
10,10000,True,decay=0.99999,20017,0.9371,361.2545175230203
10,10000,True,decay=0.99999,20018,0.8333,381.9519845363737
10,10000,True,decay=0.99999,20019,0.8062,384.9420788811124
10,10000,True,decay=0.99999,20020,0.9121,383.9508866930832
10,10000,True,decay=0.99999,20021,0.8832,438.3682694565488
10,10000,True,decay=0.99999,20022,0.7284,370.404028874405
10,10000,True,decay=0.99999,20023,0.9211,501.0626576098203
10,10000,True,decay=0.99999,20024,0.8953,466.1500373329704
10,10000,True,decay=0.99999,20025,0.6188,348.3285809234211
10,10000,True,decay=0.99999,20026,0.8901,398.30753590476706
10,10000,True,decay=0.99999,20027,0.4994,190.28364300496852
10,10000,True,decay=0.99999,20028,0.9299,540.647938698125
10,10000,True,decay=0.99999,20029,0.9233,545.4340569665954
10,10000,False,constant,20000,0.8515,490.64810875448813
10,10000,False,constant,20001,0.9121,473.7195861000784
10,10000,False,constant,20002,0.9105,412.1941543736953
10,10000,False,constant,20003,0.8269,409.0563008107595
10,10000,False,constant,20004,0.7699,274.4297583938769
10,10000,False,constant,20005,0.9582,377.0713538205785
10,10000,False,constant,20006,0.8431,548.6124469922511
10,10000,False,constant,20007,0.9445,417.3568182209835
10,10000,False,constant,20008,0.8955,324.55733743155855
10,10000,False,constant,20009,0.8639,619.2737031401667
10,10000,False,constant,20010,0.9317,476.29128614391647
10,10000,False,constant,20011,0.8283,552.6488328492256
10,10000,False,constant,20012,0.9278,572.9540098245141
10,10000,False,constant,20013,0.7643,414.99765321766387
10,10000,False,constant,20014,0.9407,447.4668398536561
10,10000,False,constant,20015,0.8624,411.3969852439052
10,10000,False,constant,20016,0.9269,438.00083031074
10,10000,False,constant,20017,0.9315,385.4815115010625
10,10000,False,constant,20018,0.8238,469.4241527396659
10,10000,False,constant,20019,0.804,407.21466358071797
10,10000,False,constant,20020,0.9107,402.69213479703984
10,10000,False,constant,20021,0.8811,484.26535160352097
10,10000,False,constant,20022,0.7242,385.6671616060776
10,10000,False,constant,20023,0.9299,412.5059329170384
10,10000,False,constant,20024,0.8946,470.4559124940914
10,10000,False,constant,20025,0.619,339.4677501431762
10,10000,False,constant,20026,0.8733,578.706604787002
10,10000,False,constant,20027,0.4986,199.55879064895552
10,10000,False,constant,20028,0.9273,590.6997495421343
10,10000,False,constant,20029,0.9219,558.5604666488939
10,10000,False,decay=0.9,20000,0.9032,3.7520912057800175
10,10000,False,decay=0.9,20001,0.5633,3915.9927911211325
10,10000,False,decay=0.9,20002,0.7819,1684.4552491773723
10,10000,False,decay=0.9,20003,0.5987,2666.6554601920234
10,10000,False,decay=0.9,20004,0.6164,1763.6347692199358
10,10000,False,decay=0.9,20005,0.9432,502.39777059266027
10,10000,False,decay=0.9,20006,0.8978,1.5262942100268053
10,10000,False,decay=0.9,20007,0.9861,1.5404999561412291
10,10000,False,decay=0.9,20008,0.8374,905.8229241716462
10,10000,False,decay=0.9,20009,0.9273,1.9554053156860167
10,10000,False,decay=0.9,20010,0.9198,644.5688708906376
10,10000,False,decay=0.9,20011,0.4996,3780.5368636839685
10,10000,False,decay=0.9,20012,0.3442,6473.252325870795
10,10000,False,decay=0.9,20013,0.3179,4946.874577650042
10,10000,False,decay=0.9,20014,0.9868,3.836762986128158
10,10000,False,decay=0.9,20015,0.2824,6247.420474586041
10,10000,False,decay=0.9,20016,0.8021,1681.3811786777653
10,10000,False,decay=0.9,20017,0.7382,2302.4807575802247
10,10000,False,decay=0.9,20018,0.771,988.8479344380971
10,10000,False,decay=0.9,20019,0.8431,4.6086865915124715
10,10000,False,decay=0.9,20020,0.9487,0.8913265537395882
10,10000,False,decay=0.9,20021,0.8458,813.2244024331811
10,10000,False,decay=0.9,20022,0.6695,990.5406987302445
10,10000,False,decay=0.9,20023,0.7962,1692.5432767329878
10,10000,False,decay=0.9,20024,0.9413,0.35503777208092624
10,10000,False,decay=0.9,20025,0.6527,0.011474445582933868
10,10000,False,decay=0.9,20026,0.587,3452.710676756188
10,10000,False,decay=0.9,20027,0.3769,1396.4658188885708
10,10000,False,decay=0.9,20028,0.4013,5856.772398881015
10,10000,False,decay=0.9,20029,0.9787,0.0
10,10000,False,decay=0.95,20000,0.9032,3.7520912057800175
10,10000,False,decay=0.95,20001,0.5633,3916.0403215169235
10,10000,False,decay=0.95,20002,0.7819,1684.4552491773723
10,10000,False,decay=0.95,20003,0.8639,21.171957339291612
10,10000,False,decay=0.95,20004,0.6164,1763.6074892262325
10,10000,False,decay=0.95,20005,0.9432,502.39777059266027
10,10000,False,decay=0.95,20006,0.8978,2.909077646484838
10,10000,False,decay=0.95,20007,0.986,2.0335294882035764
10,10000,False,decay=0.95,20008,0.8373,906.8803347178828
10,10000,False,decay=0.95,20009,0.9273,1.9554053156860167
10,10000,False,decay=0.95,20010,0.9198,644.5688708906376
10,10000,False,decay=0.95,20011,0.4996,3780.5368636839685
10,10000,False,decay=0.95,20012,0.3442,6473.559949119224
10,10000,False,decay=0.95,20013,0.3179,4945.902669018673
10,10000,False,decay=0.95,20014,0.9866,6.352289498885423
10,10000,False,decay=0.95,20015,0.7534,1488.609119044302
10,10000,False,decay=0.95,20016,0.8021,1681.3811786777653
10,10000,False,decay=0.95,20017,0.7382,2302.4049074194813
10,10000,False,decay=0.95,20018,0.771,988.8479344380971
10,10000,False,decay=0.95,20019,0.8431,4.6086865915124715
10,10000,False,decay=0.95,20020,0.9486,1.4711005590640425
10,10000,False,decay=0.95,20021,0.8457,814.3983572863369
10,10000,False,decay=0.95,20022,0.6695,990.5406987302445
10,10000,False,decay=0.95,20023,0.9596,118.3267496146319
10,10000,False,decay=0.95,20024,0.9413,0.35503777208092624
10,10000,False,decay=0.95,20025,0.6526,1.3006444470220946
10,10000,False,decay=0.95,20026,0.587,3452.4222480733815
10,10000,False,decay=0.95,20027,0.3769,1395.7783567391618
10,10000,False,decay=0.95,20028,0.4013,5856.772398881015
10,10000,False,decay=0.95,20029,0.9786,0.7919063133087196
10,10000,False,decay=0.99,20000,0.9023,12.533343339850449
10,10000,False,decay=0.99,20001,0.9282,291.6110882481918
10,10000,False,decay=0.99,20002,0.9477,39.82758114224478
10,10000,False,decay=0.99,20003,0.5984,2667.420583680533
10,10000,False,decay=0.99,20004,0.7117,821.6931697529905
10,10000,False,decay=0.99,20005,0.9953,9.672106935400688
10,10000,False,decay=0.99,20006,0.8974,6.636334662482082
10,10000,False,decay=0.99,20007,0.9855,10.059475069637989
10,10000,False,decay=0.99,20008,0.9267,7.638357614504928
10,10000,False,decay=0.99,20009,0.9267,7.0368412827676545
10,10000,False,decay=0.99,20010,0.9814,10.819395656643517
10,10000,False,decay=0.99,20011,0.875,100.23926362283909
10,10000,False,decay=0.99,20012,0.8614,1276.2140482261589
10,10000,False,decay=0.99,20013,0.3179,4945.373456793725
10,10000,False,decay=0.99,20014,0.9862,9.877779221252046
10,10000,False,decay=0.99,20015,0.9008,17.379030719017
10,10000,False,decay=0.99,20016,0.9084,635.9823137638391
10,10000,False,decay=0.99,20017,0.7382,2303.904350620928
10,10000,False,decay=0.99,20018,0.7705,992.401036873014
10,10000,False,decay=0.99,20019,0.8426,11.706929016987424
10,10000,False,decay=0.99,20020,0.9481,8.38258917018541
10,10000,False,decay=0.99,20021,0.8454,816.7455308397709
10,10000,False,decay=0.99,20022,0.7639,6.498129621146311
10,10000,False,decay=0.99,20023,0.9702,11.007653621485812
10,10000,False,decay=0.99,20024,0.9408,3.6141925253836167
10,10000,False,decay=0.99,20025,0.6522,6.237317087018361
10,10000,False,decay=0.99,20026,0.8769,577.1694168620044
10,10000,False,decay=0.99,20027,0.3972,1202.8350987219862
10,10000,False,decay=0.99,20028,0.9809,39.295297261048674
10,10000,False,decay=0.99,20029,0.978,5.906263113982744
10,10000,False,decay=0.999,20000,0.8984,55.0967785588993
10,10000,False,decay=0.999,20001,0.9246,325.7332822645457
10,10000,False,decay=0.999,20002,0.9465,55.5792130032246
10,10000,False,decay=0.999,20003,0.8594,60.29631368939
10,10000,False,decay=0.999,20004,0.7892,57.925084046882404
10,10000,False,decay=0.999,20005,0.99,57.800473587895524
10,10000,False,decay=0.999,20006,0.892,55.180675567064675
10,10000,False,decay=0.999,20007,0.9823,46.777254210871604
10,10000,False,decay=0.999,20008,0.9241,40.93776446508474
10,10000,False,decay=0.999,20009,0.9217,59.37596329853868
10,10000,False,decay=0.999,20010,0.977,52.87473814779887
10,10000,False,decay=0.999,20011,0.8761,88.65764612638291
10,10000,False,decay=0.999,20012,0.9773,88.71011551553636
10,10000,False,decay=0.999,20013,0.7953,75.23447125274582
10,10000,False,decay=0.999,20014,0.9819,50.93370831272608
10,10000,False,decay=0.999,20015,0.8972,57.24349960070052
10,10000,False,decay=0.999,20016,0.9565,134.16378520242097
10,10000,False,decay=0.999,20017,0.9674,53.46512776605903
10,10000,False,decay=0.999,20018,0.8571,142.63527013990333
10,10000,False,decay=0.999,20019,0.8388,54.32822548709956
10,10000,False,decay=0.999,20020,0.9436,46.72960233732765
10,10000,False,decay=0.999,20021,0.9156,120.48240057857085
10,10000,False,decay=0.999,20022,0.7604,46.96604057976565
10,10000,False,decay=0.999,20023,0.9671,41.113892128543654
10,10000,False,decay=0.999,20024,0.9363,48.57791760350737
10,10000,False,decay=0.999,20025,0.6485,38.61312174061095
10,10000,False,decay=0.999,20026,0.873,612.6731655296811
10,10000,False,decay=0.999,20027,0.4519,658.3424210976252
10,10000,False,decay=0.999,20028,0.9774,72.4457162359769
10,10000,False,decay=0.999,20029,0.9734,55.03129071821193
10,10000,False,decay=0.9999,20000,0.8702,321.87229926619665
10,10000,False,decay=0.9999,20001,0.9302,302.8038431504423
10,10000,False,decay=0.9999,20002,0.9247,266.2436598508836
10,10000,False,decay=0.9999,20003,0.8394,273.34726323120026
10,10000,False,decay=0.9999,20004,0.7757,189.51786071266042
10,10000,False,decay=0.9999,20005,0.9735,229.74858926958382
10,10000,False,decay=0.9999,20006,0.8619,358.7940624062206
10,10000,False,decay=0.9999,20007,0.9578,277.0432223676385
10,10000,False,decay=0.9999,20008,0.9087,207.23771471432556
10,10000,False,decay=0.9999,20009,0.8877,389.20369970253677
10,10000,False,decay=0.9999,20010,0.9518,312.3763236518942
10,10000,False,decay=0.9999,20011,0.8485,365.3403761101117
10,10000,False,decay=0.9999,20012,0.9493,381.27653031647753
10,10000,False,decay=0.9999,20013,0.7731,290.13767118198535
10,10000,False,decay=0.9999,20014,0.958,276.2016860246177
10,10000,False,decay=0.9999,20015,0.877,252.1301692511957
10,10000,False,decay=0.9999,20016,0.9436,267.14144019300556
10,10000,False,decay=0.9999,20017,0.9479,259.94622229627015
10,10000,False,decay=0.9999,20018,0.8071,662.5640200818682
10,10000,False,decay=0.9999,20019,0.8153,272.30910523779613
10,10000,False,decay=0.9999,20020,0.9236,254.9666620013517
10,10000,False,decay=0.9999,20021,0.8902,359.24251290434125
10,10000,False,decay=0.9999,20022,0.7405,250.13134309035033
10,10000,False,decay=0.9999,20023,0.9464,257.29416732625424
10,10000,False,decay=0.9999,20024,0.9113,301.7369454175944
10,10000,False,decay=0.9999,20025,0.6311,212.94213040348936
10,10000,False,decay=0.9999,20026,0.8576,789.5829970384692
10,10000,False,decay=0.9999,20027,0.5076,129.94851806972994
10,10000,False,decay=0.9999,20028,0.9447,385.3263526258993
10,10000,False,decay=0.9999,20029,0.942,366.33047633635107
10,10000,False,decay=0.99999,20000,0.8564,460.3833625816632
10,10000,False,decay=0.99999,20001,0.9181,429.1091159076035
10,10000,False,decay=0.99999,20002,0.9111,400.1072985306369
10,10000,False,decay=0.99999,20003,0.8274,390.81453194381385
10,10000,False,decay=0.99999,20004,0.7679,269.2774023800216
10,10000,False,decay=0.99999,20005,0.9599,349.1070819113587
10,10000,False,decay=0.99999,20006,0.8447,534.5787575268063
10,10000,False,decay=0.99999,20007,0.9471,398.3386849464535
10,10000,False,decay=0.99999,20008,0.8967,311.6366202948884
10,10000,False,decay=0.99999,20009,0.8696,581.1279094537833
10,10000,False,decay=0.99999,20010,0.9352,460.70924129920866
10,10000,False,decay=0.99999,20011,0.8312,524.5907853592576
10,10000,False,decay=0.99999,20012,0.9251,593.835366281615
10,10000,False,decay=0.99999,20013,0.7645,415.487323591112
10,10000,False,decay=0.99999,20014,0.9432,436.0982060440102
10,10000,False,decay=0.99999,20015,0.8645,388.3382218299972
10,10000,False,decay=0.99999,20016,0.9264,423.9209490866501
10,10000,False,decay=0.99999,20017,0.9329,370.985432332189
10,10000,False,decay=0.99999,20018,0.8259,453.86337474220977
10,10000,False,decay=0.99999,20019,0.8057,385.9966474885312
10,10000,False,decay=0.99999,20020,0.9135,381.0157807890903
10,10000,False,decay=0.99999,20021,0.8815,465.31815054984816
10,10000,False,decay=0.99999,20022,0.7288,360.3187912754636
10,10000,False,decay=0.99999,20023,0.9313,394.2712631559196
10,10000,False,decay=0.99999,20024,0.8956,461.36344108349164
10,10000,False,decay=0.99999,20025,0.6208,328.7220648329744
10,10000,False,decay=0.99999,20026,0.8682,627.1432213708774
10,10000,False,decay=0.99999,20027,0.4991,189.7685802033776
10,10000,False,decay=0.99999,20028,0.9279,556.6592777819579
10,10000,False,decay=0.99999,20029,0.9235,539.1456874528862
100,100,True,constant,20000,0.5,43.571611500631704
100,100,True,constant,20001,0.6,43.79973541797331
100,100,True,constant,20002,0.56,44.86068712568297
100,100,True,constant,20003,0.53,48.44656346971495
100,100,True,constant,20004,0.49,47.42543716971224
100,100,True,constant,20005,0.52,45.22322695183894
100,100,True,constant,20006,0.62,39.91934425033558
100,100,True,constant,20007,0.53,42.59206443322677
100,100,True,constant,20008,0.62,42.695210380787884
100,100,True,constant,20009,0.59,40.792307482878996
100,100,True,constant,20010,0.55,43.75885178396459
100,100,True,constant,20011,0.47,49.57835356206273
100,100,True,constant,20012,0.5,46.939492476009754
100,100,True,constant,20013,0.47,47.37584010444145
100,100,True,constant,20014,0.56,43.46497330321698
100,100,True,constant,20015,0.62,40.460310428170544
100,100,True,constant,20016,0.54,46.40022491571935
100,100,True,constant,20017,0.54,42.463184286378414
100,100,True,constant,20018,0.59,44.57381855214296
100,100,True,constant,20019,0.54,41.92918385644555
100,100,True,constant,20020,0.59,40.202007525718024
100,100,True,constant,20021,0.47,47.54574527480254
100,100,True,constant,20022,0.57,50.76432070147355
100,100,True,constant,20023,0.5,48.23989992139614
100,100,True,constant,20024,0.57,44.72003188110267
100,100,True,constant,20025,0.63,44.23220346835313
100,100,True,constant,20026,0.53,50.233857785361515
100,100,True,constant,20027,0.54,45.035687806082166
100,100,True,constant,20028,0.53,44.736463921548804
100,100,True,constant,20029,0.52,43.03614083759434
100,100,True,decay=0.9,20000,0.54,41.26530290617643
100,100,True,decay=0.9,20001,0.62,43.50119548322501
100,100,True,decay=0.9,20002,0.57,44.496539386545564
100,100,True,decay=0.9,20003,0.49,51.186753929225
100,100,True,decay=0.9,20004,0.5,46.92890333748316
100,100,True,decay=0.9,20005,0.48,44.58380227453776
100,100,True,decay=0.9,20006,0.56,43.579658126238755
100,100,True,decay=0.9,20007,0.53,41.63288148702029
100,100,True,decay=0.9,20008,0.57,42.75397377485259
100,100,True,decay=0.9,20009,0.6,40.93923476256559
100,100,True,decay=0.9,20010,0.51,45.324769504189
100,100,True,decay=0.9,20011,0.46,49.67270200384496
100,100,True,decay=0.9,20012,0.47,46.92868081815366
100,100,True,decay=0.9,20013,0.49,44.46732491684707
100,100,True,decay=0.9,20014,0.56,41.753230051736445
100,100,True,decay=0.9,20015,0.65,40.4795519615289
100,100,True,decay=0.9,20016,0.56,45.106897721463
100,100,True,decay=0.9,20017,0.54,43.34362678685115
100,100,True,decay=0.9,20018,0.57,42.57131283678368
100,100,True,decay=0.9,20019,0.56,40.05891095230012
100,100,True,decay=0.9,20020,0.59,42.809794726844295
100,100,True,decay=0.9,20021,0.5,49.83078595293251
100,100,True,decay=0.9,20022,0.6,46.99857240047055
100,100,True,decay=0.9,20023,0.51,44.397916610220086
100,100,True,decay=0.9,20024,0.56,43.72051411053407
100,100,True,decay=0.9,20025,0.63,43.59293556975438
100,100,True,decay=0.9,20026,0.49,48.051848763307845
100,100,True,decay=0.9,20027,0.53,46.21344162834791
100,100,True,decay=0.9,20028,0.56,45.361913943068224
100,100,True,decay=0.9,20029,0.53,40.39129091980011
100,100,True,decay=0.95,20000,0.49,43.964749102675924
100,100,True,decay=0.95,20001,0.58,47.081075656523176
100,100,True,decay=0.95,20002,0.56,44.85805597364442
100,100,True,decay=0.95,20003,0.55,45.81443215551351
100,100,True,decay=0.95,20004,0.51,46.28587689464926
100,100,True,decay=0.95,20005,0.48,44.58380227453776
100,100,True,decay=0.95,20006,0.56,43.579658126238755
100,100,True,decay=0.95,20007,0.53,41.58780013228726
100,100,True,decay=0.95,20008,0.57,42.75397377485259
100,100,True,decay=0.95,20009,0.6,40.93923476256559
100,100,True,decay=0.95,20010,0.51,45.324769504189
100,100,True,decay=0.95,20011,0.46,49.67270200384496
100,100,True,decay=0.95,20012,0.47,46.92868081815366
100,100,True,decay=0.95,20013,0.5,45.9501798618659
100,100,True,decay=0.95,20014,0.56,42.01239265979023
100,100,True,decay=0.95,20015,0.64,40.145968648692296
100,100,True,decay=0.95,20016,0.56,45.106897721463
100,100,True,decay=0.95,20017,0.54,43.34362678685115
100,100,True,decay=0.95,20018,0.57,42.57131283678368
100,100,True,decay=0.95,20019,0.56,40.12713736808114
100,100,True,decay=0.95,20020,0.59,42.809794726844295
100,100,True,decay=0.95,20021,0.47,49.134338174934776
100,100,True,decay=0.95,20022,0.6,46.99857240047055
100,100,True,decay=0.95,20023,0.51,44.61888277292315
100,100,True,decay=0.95,20024,0.56,43.27949760250548
100,100,True,decay=0.95,20025,0.63,43.13636799472869
100,100,True,decay=0.95,20026,0.53,50.04468245741991
100,100,True,decay=0.95,20027,0.53,46.33596386000019
100,100,True,decay=0.95,20028,0.56,45.361913943068224
100,100,True,decay=0.95,20029,0.53,40.64071594180548
100,100,True,decay=0.99,20000,0.48,44.1312921456875
100,100,True,decay=0.99,20001,0.58,46.318906725765466
100,100,True,decay=0.99,20002,0.56,45.28706171633393
100,100,True,decay=0.99,20003,0.51,50.00625049200126
100,100,True,decay=0.99,20004,0.52,45.47914022116162
100,100,True,decay=0.99,20005,0.45,46.40516241177552
100,100,True,decay=0.99,20006,0.57,42.54928708533607
100,100,True,decay=0.99,20007,0.54,41.880304911967514
100,100,True,decay=0.99,20008,0.62,42.68437260018868
100,100,True,decay=0.99,20009,0.59,40.76499990174125
100,100,True,decay=0.99,20010,0.52,44.77986879618056
100,100,True,decay=0.99,20011,0.46,50.208152633047156
100,100,True,decay=0.99,20012,0.47,46.78456609645958
100,100,True,decay=0.99,20013,0.5,45.98393738496038
100,100,True,decay=0.99,20014,0.55,42.715495221887316
100,100,True,decay=0.99,20015,0.62,40.460310428170544
100,100,True,decay=0.99,20016,0.55,46.61110050850566
100,100,True,decay=0.99,20017,0.56,42.46766259704528
100,100,True,decay=0.99,20018,0.6,44.51389466741616
100,100,True,decay=0.99,20019,0.54,41.71642745142561
100,100,True,decay=0.99,20020,0.58,42.21604700090467
100,100,True,decay=0.99,20021,0.47,48.23300702767841
100,100,True,decay=0.99,20022,0.58,50.22423936277372
100,100,True,decay=0.99,20023,0.5,48.36432816645813
100,100,True,decay=0.99,20024,0.56,43.27949760250548
100,100,True,decay=0.99,20025,0.63,43.81259087507389
100,100,True,decay=0.99,20026,0.53,50.500941732325046
100,100,True,decay=0.99,20027,0.53,46.66185803155914
100,100,True,decay=0.99,20028,0.57,40.90584704426572
100,100,True,decay=0.99,20029,0.52,42.16844001023048
100,100,True,decay=0.999,20000,0.51,42.69912600881996
100,100,True,decay=0.999,20001,0.6,43.79973541797331
100,100,True,decay=0.999,20002,0.56,44.86068712568297
100,100,True,decay=0.999,20003,0.55,48.08086044023287
100,100,True,decay=0.999,20004,0.49,47.42543716971224
100,100,True,decay=0.999,20005,0.52,45.381076595865906
100,100,True,decay=0.999,20006,0.62,39.91934425033558
100,100,True,decay=0.999,20007,0.53,42.59206443322677
100,100,True,decay=0.999,20008,0.62,42.695210380787884
100,100,True,decay=0.999,20009,0.59,40.792307482878996
100,100,True,decay=0.999,20010,0.55,43.75885178396459
100,100,True,decay=0.999,20011,0.47,49.57835356206273
100,100,True,decay=0.999,20012,0.47,45.6545122460753
100,100,True,decay=0.999,20013,0.47,47.37584010444145
100,100,True,decay=0.999,20014,0.56,42.98833399710998
100,100,True,decay=0.999,20015,0.62,40.460310428170544
100,100,True,decay=0.999,20016,0.54,46.40022491571935
100,100,True,decay=0.999,20017,0.54,42.463184286378414
100,100,True,decay=0.999,20018,0.59,44.57381855214296
100,100,True,decay=0.999,20019,0.55,41.15897109789394
100,100,True,decay=0.999,20020,0.59,40.202007525718024
100,100,True,decay=0.999,20021,0.47,47.54574527480254
100,100,True,decay=0.999,20022,0.57,50.76432070147355
100,100,True,decay=0.999,20023,0.5,48.36432816645813
100,100,True,decay=0.999,20024,0.57,44.545577825670215
100,100,True,decay=0.999,20025,0.63,44.23220346835313
100,100,True,decay=0.999,20026,0.53,50.233857785361515
100,100,True,decay=0.999,20027,0.52,47.358510191372396
100,100,True,decay=0.999,20028,0.53,44.736463921548804
100,100,True,decay=0.999,20029,0.52,42.8808956135526
100,100,True,decay=0.9999,20000,0.5,43.571611500631704
100,100,True,decay=0.9999,20001,0.6,43.79973541797331
100,100,True,decay=0.9999,20002,0.56,44.86068712568297
100,100,True,decay=0.9999,20003,0.53,48.44656346971495
100,100,True,decay=0.9999,20004,0.49,47.42543716971224
100,100,True,decay=0.9999,20005,0.52,45.22322695183894
100,100,True,decay=0.9999,20006,0.62,39.91934425033558
100,100,True,decay=0.9999,20007,0.53,42.59206443322677
100,100,True,decay=0.9999,20008,0.62,42.695210380787884
100,100,True,decay=0.9999,20009,0.59,40.792307482878996
100,100,True,decay=0.9999,20010,0.55,43.75885178396459
100,100,True,decay=0.9999,20011,0.47,49.57835356206273
100,100,True,decay=0.9999,20012,0.5,46.249742546472746
100,100,True,decay=0.9999,20013,0.47,47.37584010444145
100,100,True,decay=0.9999,20014,0.56,43.46497330321698
100,100,True,decay=0.9999,20015,0.62,40.460310428170544
100,100,True,decay=0.9999,20016,0.54,46.40022491571935
100,100,True,decay=0.9999,20017,0.54,42.463184286378414
100,100,True,decay=0.9999,20018,0.59,44.57381855214296
100,100,True,decay=0.9999,20019,0.54,41.92918385644555
100,100,True,decay=0.9999,20020,0.59,40.202007525718024
100,100,True,decay=0.9999,20021,0.47,47.54574527480254
100,100,True,decay=0.9999,20022,0.57,50.76432070147355
100,100,True,decay=0.9999,20023,0.5,48.23989992139614
100,100,True,decay=0.9999,20024,0.57,44.11960829975485
100,100,True,decay=0.9999,20025,0.63,44.23220346835313
100,100,True,decay=0.9999,20026,0.53,50.233857785361515
100,100,True,decay=0.9999,20027,0.54,45.035687806082166
100,100,True,decay=0.9999,20028,0.53,44.736463921548804
100,100,True,decay=0.9999,20029,0.52,42.8808956135526
100,100,True,decay=0.99999,20000,0.5,43.571611500631704
100,100,True,decay=0.99999,20001,0.6,43.79973541797331
100,100,True,decay=0.99999,20002,0.56,44.86068712568297
100,100,True,decay=0.99999,20003,0.53,48.44656346971495
100,100,True,decay=0.99999,20004,0.49,47.42543716971224
100,100,True,decay=0.99999,20005,0.52,45.22322695183894
100,100,True,decay=0.99999,20006,0.62,39.91934425033558
100,100,True,decay=0.99999,20007,0.53,42.59206443322677
100,100,True,decay=0.99999,20008,0.62,42.695210380787884
100,100,True,decay=0.99999,20009,0.59,40.792307482878996
100,100,True,decay=0.99999,20010,0.55,43.75885178396459
100,100,True,decay=0.99999,20011,0.47,49.57835356206273
100,100,True,decay=0.99999,20012,0.5,46.939492476009754
100,100,True,decay=0.99999,20013,0.47,47.37584010444145
100,100,True,decay=0.99999,20014,0.56,43.46497330321698
100,100,True,decay=0.99999,20015,0.62,40.460310428170544
100,100,True,decay=0.99999,20016,0.54,46.40022491571935
100,100,True,decay=0.99999,20017,0.54,42.463184286378414
100,100,True,decay=0.99999,20018,0.59,44.57381855214296
100,100,True,decay=0.99999,20019,0.54,41.92918385644555
100,100,True,decay=0.99999,20020,0.59,40.202007525718024
100,100,True,decay=0.99999,20021,0.47,47.54574527480254
100,100,True,decay=0.99999,20022,0.57,50.76432070147355
100,100,True,decay=0.99999,20023,0.5,48.23989992139614
100,100,True,decay=0.99999,20024,0.57,44.72003188110267
100,100,True,decay=0.99999,20025,0.63,44.23220346835313
100,100,True,decay=0.99999,20026,0.53,50.233857785361515
100,100,True,decay=0.99999,20027,0.54,45.035687806082166
100,100,True,decay=0.99999,20028,0.53,44.736463921548804
100,100,True,decay=0.99999,20029,0.52,43.03614083759434
100,100,False,constant,20000,0.74,21.277710867831125
100,100,False,constant,20001,0.63,42.283192771040504
100,100,False,constant,20002,0.67,30.79300469919157
100,100,False,constant,20003,0.88,9.311365533041526
100,100,False,constant,20004,0.8,17.351432029423442
100,100,False,constant,20005,0.7,29.78496104562921
100,100,False,constant,20006,0.9,6.349261896217887
100,100,False,constant,20007,0.5,39.785952619346325
100,100,False,constant,20008,0.75,25.237190554187215
100,100,False,constant,20009,0.9,8.920650442076736
100,100,False,constant,20010,0.7,25.769970183120122
100,100,False,constant,20011,0.69,27.99624680113284
100,100,False,constant,20012,0.74,20.50401031320397
100,100,False,constant,20013,0.55,37.03266757473706
100,100,False,constant,20014,0.83,15.389736296171732
100,100,False,constant,20015,0.75,23.758135571107438
100,100,False,constant,20016,0.76,24.156184031716897
100,100,False,constant,20017,0.85,15.701469227645614
100,100,False,constant,20018,0.8,18.814754696465247
100,100,False,constant,20019,0.42,50.416987347875306
100,100,False,constant,20020,0.77,22.72945253478451
100,100,False,constant,20021,0.86,11.272687386448407
100,100,False,constant,20022,0.82,21.022803691149115
100,100,False,constant,20023,0.65,27.23900801084027
100,100,False,constant,20024,0.43,55.43633847862381
100,100,False,constant,20025,0.87,17.35754835497689
100,100,False,constant,20026,0.65,31.477562369660035
100,100,False,constant,20027,0.58,38.44644649818116
100,100,False,constant,20028,0.84,13.986400622567492
100,100,False,constant,20029,0.87,10.585719104330192
100,100,False,decay=0.9,20000,0.76,15.91361593902278
100,100,False,decay=0.9,20001,0.52,54.93727811961493
100,100,False,decay=0.9,20002,0.68,29.981355366008916
100,100,False,decay=0.9,20003,0.97,2.317191813915971
100,100,False,decay=0.9,20004,0.79,17.02048725469747
100,100,False,decay=0.9,20005,0.61,34.53687192273999
100,100,False,decay=0.9,20006,0.85,10.636738549169088
100,100,False,decay=0.9,20007,0.42,51.690432385031755
100,100,False,decay=0.9,20008,0.55,41.206296340966986
100,100,False,decay=0.9,20009,0.89,11.226958824655496
100,100,False,decay=0.9,20010,0.73,24.42297138976136
100,100,False,decay=0.9,20011,0.46,55.65325134410481
100,100,False,decay=0.9,20012,0.3,62.79825964776777
100,100,False,decay=0.9,20013,0.49,43.92808446741802
100,100,False,decay=0.9,20014,0.77,20.403066158620206
100,100,False,decay=0.9,20015,0.75,23.095367366096344
100,100,False,decay=0.9,20016,0.82,18.896311217936653
100,100,False,decay=0.9,20017,0.33,63.00376853242891
100,100,False,decay=0.9,20018,0.83,16.102670355041315
100,100,False,decay=0.9,20019,0.33,55.450112232193
100,100,False,decay=0.9,20020,0.62,38.57094236204661
100,100,False,decay=0.9,20021,0.91,5.789359936062184
100,100,False,decay=0.9,20022,0.87,16.386134900486457
100,100,False,decay=0.9,20023,0.73,18.901941500838397
100,100,False,decay=0.9,20024,0.26,71.59996954726914
100,100,False,decay=0.9,20025,0.7,39.84669961569599
100,100,False,decay=0.9,20026,0.28,69.79590346544147
100,100,False,decay=0.9,20027,0.34,59.8178449656876
100,100,False,decay=0.9,20028,0.83,17.518072938011652
100,100,False,decay=0.9,20029,0.92,8.415780627784164
100,100,False,decay=0.95,20000,0.76,15.91361593902278
100,100,False,decay=0.95,20001,0.52,54.202278687991615
100,100,False,decay=0.95,20002,0.68,29.981355366008916
100,100,False,decay=0.95,20003,0.97,2.1764668808302265
100,100,False,decay=0.95,20004,0.84,12.100689640247847
100,100,False,decay=0.95,20005,0.61,34.53687192273999
100,100,False,decay=0.95,20006,0.94,2.22264706322606
100,100,False,decay=0.95,20007,0.41,51.926351159169855
100,100,False,decay=0.95,20008,0.52,42.59016211930786
100,100,False,decay=0.95,20009,0.89,11.226958824655496
100,100,False,decay=0.95,20010,0.73,24.42297138976136
100,100,False,decay=0.95,20011,0.46,55.65325134410481
100,100,False,decay=0.95,20012,0.83,15.153247890779625
100,100,False,decay=0.95,20013,0.49,44.35766974624832
100,100,False,decay=0.95,20014,0.75,21.53473382357899
100,100,False,decay=0.95,20015,0.83,17.316518696740683
100,100,False,decay=0.95,20016,0.82,18.896311217936653
100,100,False,decay=0.95,20017,0.87,10.765893504640214
100,100,False,decay=0.95,20018,0.83,16.102670355041315
100,100,False,decay=0.95,20019,0.33,55.450112232193
100,100,False,decay=0.95,20020,0.62,38.57094236204661
100,100,False,decay=0.95,20021,0.9,6.253665375658299
100,100,False,decay=0.95,20022,0.87,16.386134900486457
100,100,False,decay=0.95,20023,0.72,20.016684955085278
100,100,False,decay=0.95,20024,0.26,71.59996954726914
100,100,False,decay=0.95,20025,0.89,18.42895873058388
100,100,False,decay=0.95,20026,0.52,47.46494398755452
100,100,False,decay=0.95,20027,0.33,60.91602137823794
100,100,False,decay=0.95,20028,0.83,17.518072938011652
100,100,False,decay=0.95,20029,0.91,9.274980922980655
100,100,False,decay=0.99,20000,0.76,19.90063759865888
100,100,False,decay=0.99,20001,0.65,39.918664712882745
100,100,False,decay=0.99,20002,0.69,29.20229114914747
100,100,False,decay=0.99,20003,0.93,6.355694037064545
100,100,False,decay=0.99,20004,0.81,15.088081395145998
100,100,False,decay=0.99,20005,0.78,24.325926994421046
100,100,False,decay=0.99,20006,0.9,5.924881738548182
100,100,False,decay=0.99,20007,0.48,39.89396222709094
100,100,False,decay=0.99,20008,0.75,24.965443676935692
100,100,False,decay=0.99,20009,0.9,9.691354863178296
100,100,False,decay=0.99,20010,0.71,26.069472637292893
100,100,False,decay=0.99,20011,0.71,26.893904583525295
100,100,False,decay=0.99,20012,0.81,18.497728910612302
100,100,False,decay=0.99,20013,0.49,45.180822434615344
100,100,False,decay=0.99,20014,0.84,15.281637927098418
100,100,False,decay=0.99,20015,0.76,22.833976400865758
100,100,False,decay=0.99,20016,0.79,21.684950637831918
100,100,False,decay=0.99,20017,0.84,15.538664837933855
100,100,False,decay=0.99,20018,0.82,17.46188498778135
100,100,False,decay=0.99,20019,0.33,55.17193433573869
100,100,False,decay=0.99,20020,0.79,22.106199468077183
100,100,False,decay=0.99,20021,0.89,6.923849120422693
100,100,False,decay=0.99,20022,0.85,18.63210533372337
100,100,False,decay=0.99,20023,0.7,26.346006029667183
100,100,False,decay=0.99,20024,0.26,71.40237217256407
100,100,False,decay=0.99,20025,0.89,14.636973469327273
100,100,False,decay=0.99,20026,0.66,30.563766893680718
100,100,False,decay=0.99,20027,0.45,50.062787131659455
100,100,False,decay=0.99,20028,0.79,20.907844974587842
100,100,False,decay=0.99,20029,0.89,11.054246863635353
100,100,False,decay=0.999,20000,0.74,21.277710867831125
100,100,False,decay=0.999,20001,0.69,38.27011225708379
100,100,False,decay=0.999,20002,0.67,30.79300469919157
100,100,False,decay=0.999,20003,0.89,8.967768442846815
100,100,False,decay=0.999,20004,0.8,17.042212468182196
100,100,False,decay=0.999,20005,0.7,29.78496104562921
100,100,False,decay=0.999,20006,0.9,6.349261896217887
100,100,False,decay=0.999,20007,0.43,49.6537869905356
100,100,False,decay=0.999,20008,0.75,25.237190554187215
100,100,False,decay=0.999,20009,0.9,8.920650442076736
100,100,False,decay=0.999,20010,0.7,25.769970183120122
100,100,False,decay=0.999,20011,0.7,27.554627216659803
100,100,False,decay=0.999,20012,0.78,20.20323520871161
100,100,False,decay=0.999,20013,0.55,37.03266757473706
100,100,False,decay=0.999,20014,0.83,15.296246186778943
100,100,False,decay=0.999,20015,0.75,23.758135571107438
100,100,False,decay=0.999,20016,0.83,13.323093655802847
100,100,False,decay=0.999,20017,0.86,14.830205343734224
100,100,False,decay=0.999,20018,0.8,18.814754696465247
100,100,False,decay=0.999,20019,0.43,49.43076316539635
100,100,False,decay=0.999,20020,0.77,22.72945253478451
100,100,False,decay=0.999,20021,0.87,9.809947015574673
100,100,False,decay=0.999,20022,0.82,21.022803691149115
100,100,False,decay=0.999,20023,0.65,27.23900801084027
100,100,False,decay=0.999,20024,0.28,69.69171016653809
100,100,False,decay=0.999,20025,0.87,17.35754835497689
100,100,False,decay=0.999,20026,0.65,31.477562369660035
100,100,False,decay=0.999,20027,0.38,58.45046631534969
100,100,False,decay=0.999,20028,0.84,13.986400622567492
100,100,False,decay=0.999,20029,0.87,10.585719104330192
100,100,False,decay=0.9999,20000,0.74,21.277710867831125
100,100,False,decay=0.9999,20001,0.63,42.283192771040504
100,100,False,decay=0.9999,20002,0.67,30.79300469919157
100,100,False,decay=0.9999,20003,0.89,8.967768442846815
100,100,False,decay=0.9999,20004,0.8,17.351432029423442
100,100,False,decay=0.9999,20005,0.7,29.78496104562921
100,100,False,decay=0.9999,20006,0.9,6.349261896217887
100,100,False,decay=0.9999,20007,0.5,39.785952619346325
100,100,False,decay=0.9999,20008,0.75,25.237190554187215
100,100,False,decay=0.9999,20009,0.9,8.920650442076736
100,100,False,decay=0.9999,20010,0.7,25.769970183120122
100,100,False,decay=0.9999,20011,0.69,27.99624680113284
100,100,False,decay=0.9999,20012,0.75,19.691440455282283
100,100,False,decay=0.9999,20013,0.55,37.03266757473706
100,100,False,decay=0.9999,20014,0.83,15.389736296171732
100,100,False,decay=0.9999,20015,0.75,23.758135571107438
100,100,False,decay=0.9999,20016,0.76,24.156184031716897
100,100,False,decay=0.9999,20017,0.85,15.701469227645614
100,100,False,decay=0.9999,20018,0.8,18.814754696465247
100,100,False,decay=0.9999,20019,0.42,50.416987347875306
100,100,False,decay=0.9999,20020,0.77,22.72945253478451
100,100,False,decay=0.9999,20021,0.86,11.272687386448407
100,100,False,decay=0.9999,20022,0.82,21.022803691149115
100,100,False,decay=0.9999,20023,0.65,27.23900801084027
100,100,False,decay=0.9999,20024,0.28,69.69171016653809
100,100,False,decay=0.9999,20025,0.87,17.35754835497689
100,100,False,decay=0.9999,20026,0.65,31.477562369660035
100,100,False,decay=0.9999,20027,0.58,38.44644649818116
100,100,False,decay=0.9999,20028,0.84,13.986400622567492
100,100,False,decay=0.9999,20029,0.87,10.585719104330192
100,100,False,decay=0.99999,20000,0.74,21.277710867831125
100,100,False,decay=0.99999,20001,0.63,42.283192771040504
100,100,False,decay=0.99999,20002,0.67,30.79300469919157
100,100,False,decay=0.99999,20003,0.88,9.311365533041526
100,100,False,decay=0.99999,20004,0.8,17.351432029423442
100,100,False,decay=0.99999,20005,0.7,29.78496104562921
100,100,False,decay=0.99999,20006,0.9,6.349261896217887
100,100,False,decay=0.99999,20007,0.5,39.785952619346325
100,100,False,decay=0.99999,20008,0.75,25.237190554187215
100,100,False,decay=0.99999,20009,0.9,8.920650442076736
100,100,False,decay=0.99999,20010,0.7,25.769970183120122
100,100,False,decay=0.99999,20011,0.69,27.99624680113284
100,100,False,decay=0.99999,20012,0.74,20.50401031320397
100,100,False,decay=0.99999,20013,0.55,37.03266757473706
100,100,False,decay=0.99999,20014,0.83,15.389736296171732
100,100,False,decay=0.99999,20015,0.75,23.758135571107438
100,100,False,decay=0.99999,20016,0.76,24.156184031716897
100,100,False,decay=0.99999,20017,0.85,15.701469227645614
100,100,False,decay=0.99999,20018,0.8,18.814754696465247
100,100,False,decay=0.99999,20019,0.42,50.416987347875306
100,100,False,decay=0.99999,20020,0.77,22.72945253478451
100,100,False,decay=0.99999,20021,0.86,11.272687386448407
100,100,False,decay=0.99999,20022,0.82,21.022803691149115
100,100,False,decay=0.99999,20023,0.65,27.23900801084027
100,100,False,decay=0.99999,20024,0.43,55.43633847862381
100,100,False,decay=0.99999,20025,0.87,17.35754835497689
100,100,False,decay=0.99999,20026,0.65,31.477562369660035
100,100,False,decay=0.99999,20027,0.58,38.44644649818116
100,100,False,decay=0.99999,20028,0.84,13.986400622567492
100,100,False,decay=0.99999,20029,0.87,10.585719104330192
100,1000,True,constant,20000,0.842,139.82348502415851
100,1000,True,constant,20001,0.855,136.27961257016642
100,1000,True,constant,20002,0.835,152.53805223299
100,1000,True,constant,20003,0.864,134.96273216724515
100,1000,True,constant,20004,0.858,143.70194697510055
100,1000,True,constant,20005,0.864,128.62314695750663
100,1000,True,constant,20006,0.861,143.07832328530537
100,1000,True,constant,20007,0.86,129.05418782995702
100,1000,True,constant,20008,0.861,143.44738615852603
100,1000,True,constant,20009,0.849,141.17959826409776
100,1000,True,constant,20010,0.844,163.9658279853696
100,1000,True,constant,20011,0.854,148.62158382672746
100,1000,True,constant,20012,0.865,129.81779679465402
100,1000,True,constant,20013,0.843,150.98943321464822
100,1000,True,constant,20014,0.863,140.25003724817458
100,1000,True,constant,20015,0.844,136.5379847435352
100,1000,True,constant,20016,0.851,159.47324594267883
100,1000,True,constant,20017,0.839,137.09586786540913
100,1000,True,constant,20018,0.855,140.0994579873672
100,1000,True,constant,20019,0.821,163.17064724821586
100,1000,True,constant,20020,0.859,136.55319407877445
100,1000,True,constant,20021,0.826,140.18420307099203
100,1000,True,constant,20022,0.842,158.88979187876362
100,1000,True,constant,20023,0.844,129.2284221056486
100,1000,True,constant,20024,0.857,149.4343833919606
100,1000,True,constant,20025,0.849,145.71237969591468
100,1000,True,constant,20026,0.863,149.32185551620066
100,1000,True,constant,20027,0.857,133.75119504820407
100,1000,True,constant,20028,0.844,142.0923165798561
100,1000,True,constant,20029,0.846,140.8075214988296
100,1000,True,decay=0.9,20000,0.893,91.96733124768318
100,1000,True,decay=0.9,20001,0.901,102.90155776958626
100,1000,True,decay=0.9,20002,0.887,102.37206041100191
100,1000,True,decay=0.9,20003,0.901,90.98773676837804
100,1000,True,decay=0.9,20004,0.901,93.67292922945201
100,1000,True,decay=0.9,20005,0.899,83.56459995848313
100,1000,True,decay=0.9,20006,0.899,107.7470631783372
100,1000,True,decay=0.9,20007,0.895,91.6527802395605
100,1000,True,decay=0.9,20008,0.897,93.29549293924798
100,1000,True,decay=0.9,20009,0.889,104.98363620824702
100,1000,True,decay=0.9,20010,0.888,104.63152590791815
100,1000,True,decay=0.9,20011,0.901,91.79806485052383
100,1000,True,decay=0.9,20012,0.902,91.89205561819922
100,1000,True,decay=0.9,20013,0.899,93.94566588211212
100,1000,True,decay=0.9,20014,0.899,91.07233021464887
100,1000,True,decay=0.9,20015,0.894,91.5238202235755
100,1000,True,decay=0.9,20016,0.901,98.35745706301354
100,1000,True,decay=0.9,20017,0.889,84.49553604301431
100,1000,True,decay=0.9,20018,0.901,99.79279095821182
100,1000,True,decay=0.9,20019,0.89,104.46279692147444
100,1000,True,decay=0.9,20020,0.895,94.55959439105115
100,1000,True,decay=0.9,20021,0.889,96.13710387598037
100,1000,True,decay=0.9,20022,0.898,99.75016076546414
100,1000,True,decay=0.9,20023,0.889,90.36096230958144
100,1000,True,decay=0.9,20024,0.9,102.28190659512303
100,1000,True,decay=0.9,20025,0.89,96.4381449132838
100,1000,True,decay=0.9,20026,0.901,98.84881013465748
100,1000,True,decay=0.9,20027,0.895,92.62508128286281
100,1000,True,decay=0.9,20028,0.892,95.844865917085
100,1000,True,decay=0.9,20029,0.894,90.56650699619867
100,1000,True,decay=0.95,20000,0.886,97.92070521782566
100,1000,True,decay=0.95,20001,0.9,103.43925967191852
100,1000,True,decay=0.95,20002,0.887,102.37093031617343
100,1000,True,decay=0.95,20003,0.901,92.27884441429931
100,1000,True,decay=0.95,20004,0.901,93.99002280549477
100,1000,True,decay=0.95,20005,0.899,83.56459995848313
100,1000,True,decay=0.95,20006,0.899,107.7470631783372
100,1000,True,decay=0.95,20007,0.895,91.60769888482747
100,1000,True,decay=0.95,20008,0.897,93.29549293924798
100,1000,True,decay=0.95,20009,0.889,104.98363620824702
100,1000,True,decay=0.95,20010,0.888,104.63152590791815
100,1000,True,decay=0.95,20011,0.901,91.79806485052383
100,1000,True,decay=0.95,20012,0.902,91.89205561819922
100,1000,True,decay=0.95,20013,0.899,94.22829897332095
100,1000,True,decay=0.95,20014,0.899,91.33149282270266
100,1000,True,decay=0.95,20015,0.894,87.01508526657908
100,1000,True,decay=0.95,20016,0.901,98.35745706301354
100,1000,True,decay=0.95,20017,0.889,84.49553604301431
100,1000,True,decay=0.95,20018,0.901,99.79279095821182
100,1000,True,decay=0.95,20019,0.89,104.39457050569342
100,1000,True,decay=0.95,20020,0.895,94.55959439105115
100,1000,True,decay=0.95,20021,0.885,90.07206243935892
100,1000,True,decay=0.95,20022,0.898,99.75016076546414
100,1000,True,decay=0.95,20023,0.889,90.36096230958142
100,1000,True,decay=0.95,20024,0.9,101.84089008709445
100,1000,True,decay=0.95,20025,0.891,97.27871068641439
100,1000,True,decay=0.95,20026,0.901,108.86448728899744
100,1000,True,decay=0.95,20027,0.895,92.83410286153432
100,1000,True,decay=0.95,20028,0.891,96.51670157520604
100,1000,True,decay=0.95,20029,0.894,90.81593201820402
100,1000,True,decay=0.99,20000,0.879,103.92475271990139
100,1000,True,decay=0.99,20001,0.899,103.50320851534313
100,1000,True,decay=0.99,20002,0.883,111.86775154865614
100,1000,True,decay=0.99,20003,0.9,100.41043055112443
100,1000,True,decay=0.99,20004,0.9,95.29851466610316
100,1000,True,decay=0.99,20005,0.897,88.26351389378311
100,1000,True,decay=0.99,20006,0.899,101.60106849809776
100,1000,True,decay=0.99,20007,0.897,96.98566126080789
100,1000,True,decay=0.99,20008,0.895,105.28682457971891
100,1000,True,decay=0.99,20009,0.881,114.0065407650674
100,1000,True,decay=0.99,20010,0.886,116.93920186124596
100,1000,True,decay=0.99,20011,0.901,93.89989200131424
100,1000,True,decay=0.99,20012,0.901,92.29392012037445
100,1000,True,decay=0.99,20013,0.898,90.82909607461437
100,1000,True,decay=0.99,20014,0.898,93.9664774114637
100,1000,True,decay=0.99,20015,0.891,87.48993523590123
100,1000,True,decay=0.99,20016,0.901,103.22698729958063
100,1000,True,decay=0.99,20017,0.886,90.13213275136295
100,1000,True,decay=0.99,20018,0.899,105.19378738908522
100,1000,True,decay=0.99,20019,0.883,105.87778651491743
100,1000,True,decay=0.99,20020,0.892,93.42973867101536
100,1000,True,decay=0.99,20021,0.867,108.54948304235327
100,1000,True,decay=0.99,20022,0.895,106.48615045199834
100,1000,True,decay=0.99,20023,0.883,92.45280470597234
100,1000,True,decay=0.99,20024,0.898,100.57169290044327
100,1000,True,decay=0.99,20025,0.891,96.68092558553211
100,1000,True,decay=0.99,20026,0.9,109.78300674376597
100,1000,True,decay=0.99,20027,0.894,93.15294006075806
100,1000,True,decay=0.99,20028,0.891,99.39562635612613
100,1000,True,decay=0.99,20029,0.884,102.34603863446476
100,1000,True,decay=0.999,20000,0.862,119.85725572117275
100,1000,True,decay=0.999,20001,0.876,120.68334024995481
100,1000,True,decay=0.999,20002,0.866,126.19481399847982
100,1000,True,decay=0.999,20003,0.877,128.48906685837056
100,1000,True,decay=0.999,20004,0.866,129.38171033978253
100,1000,True,decay=0.999,20005,0.884,105.68724676250976
100,1000,True,decay=0.999,20006,0.883,121.52932086037666
100,1000,True,decay=0.999,20007,0.874,117.05553037845318
100,1000,True,decay=0.999,20008,0.872,129.47887825130596
100,1000,True,decay=0.999,20009,0.865,131.02049561441538
100,1000,True,decay=0.999,20010,0.874,128.90627569588148
100,1000,True,decay=0.999,20011,0.873,127.38777473100926
100,1000,True,decay=0.999,20012,0.878,116.23460610788501
100,1000,True,decay=0.999,20013,0.869,124.6429950813024
100,1000,True,decay=0.999,20014,0.878,124.91811932504426
100,1000,True,decay=0.999,20015,0.861,119.26901165144078
100,1000,True,decay=0.999,20016,0.87,136.01060963608205
100,1000,True,decay=0.999,20017,0.861,116.56746550066578
100,1000,True,decay=0.999,20018,0.88,126.63483930288484
100,1000,True,decay=0.999,20019,0.83,152.2742824915365
100,1000,True,decay=0.999,20020,0.87,122.25076174792726
100,1000,True,decay=0.999,20021,0.851,120.42059733252118
100,1000,True,decay=0.999,20022,0.861,144.21385388390544
100,1000,True,decay=0.999,20023,0.859,113.49745607695108
100,1000,True,decay=0.999,20024,0.875,133.0980243193381
100,1000,True,decay=0.999,20025,0.869,127.22636007916911
100,1000,True,decay=0.999,20026,0.876,133.29051686377173
100,1000,True,decay=0.999,20027,0.868,125.28269839444722
100,1000,True,decay=0.999,20028,0.867,121.35908618235699
100,1000,True,decay=0.999,20029,0.873,114.63799276548018
100,1000,True,decay=0.9999,20000,0.84,141.554037017769
100,1000,True,decay=0.9999,20001,0.863,133.84891233743403
100,1000,True,decay=0.9999,20002,0.842,149.05811158749856
100,1000,True,decay=0.9999,20003,0.865,133.4250643035099
100,1000,True,decay=0.9999,20004,0.86,141.1552462924322
100,1000,True,decay=0.9999,20005,0.866,126.37765628271528
100,1000,True,decay=0.9999,20006,0.861,140.7450825914384
100,1000,True,decay=0.9999,20007,0.863,123.37861847653737
100,1000,True,decay=0.9999,20008,0.87,139.5512141899521
100,1000,True,decay=0.9999,20009,0.85,140.91255902478443
100,1000,True,decay=0.9999,20010,0.842,163.4832536007223
100,1000,True,decay=0.9999,20011,0.856,146.29593438634694
100,1000,True,decay=0.9999,20012,0.869,130.54042055622222
100,1000,True,decay=0.9999,20013,0.846,146.3434384189641
100,1000,True,decay=0.9999,20014,0.863,138.13935758198957
100,1000,True,decay=0.9999,20015,0.843,134.30056850553677
100,1000,True,decay=0.9999,20016,0.852,158.67745816465805
100,1000,True,decay=0.9999,20017,0.834,134.62600481548628
100,1000,True,decay=0.9999,20018,0.861,137.830492871065
100,1000,True,decay=0.9999,20019,0.822,161.38053921839804
100,1000,True,decay=0.9999,20020,0.862,134.70843802685658
100,1000,True,decay=0.9999,20021,0.832,137.15435970748504
100,1000,True,decay=0.9999,20022,0.84,162.24017332659474
100,1000,True,decay=0.9999,20023,0.847,127.70028297126636
100,1000,True,decay=0.9999,20024,0.86,148.14522188117974
100,1000,True,decay=0.9999,20025,0.847,144.3425544875619
100,1000,True,decay=0.9999,20026,0.865,147.02961561010594
100,1000,True,decay=0.9999,20027,0.858,132.34540815851693
100,1000,True,decay=0.9999,20028,0.849,138.03154847525815
100,1000,True,decay=0.9999,20029,0.852,133.18944535470274
100,1000,True,decay=0.99999,20000,0.842,139.82348502415851
100,1000,True,decay=0.99999,20001,0.858,136.28788899842908
100,1000,True,decay=0.99999,20002,0.836,152.98632476977204
100,1000,True,decay=0.99999,20003,0.864,134.96273216724515
100,1000,True,decay=0.99999,20004,0.858,143.70194697510055
100,1000,True,decay=0.99999,20005,0.864,128.62314695750663
100,1000,True,decay=0.99999,20006,0.861,143.07832328530537
100,1000,True,decay=0.99999,20007,0.86,129.05418782995702
100,1000,True,decay=0.99999,20008,0.861,143.44738615852603
100,1000,True,decay=0.99999,20009,0.849,141.51064427806458
100,1000,True,decay=0.99999,20010,0.844,163.9658279853696
100,1000,True,decay=0.99999,20011,0.854,148.62158382672746
100,1000,True,decay=0.99999,20012,0.865,129.81779679465402
100,1000,True,decay=0.99999,20013,0.843,150.98943321464822
100,1000,True,decay=0.99999,20014,0.862,139.0347132298799
100,1000,True,decay=0.99999,20015,0.844,136.5379847435352
100,1000,True,decay=0.99999,20016,0.851,159.47324594267883
100,1000,True,decay=0.99999,20017,0.839,137.09586786540913
100,1000,True,decay=0.99999,20018,0.857,139.04310265832567
100,1000,True,decay=0.99999,20019,0.821,163.17064724821586
100,1000,True,decay=0.99999,20020,0.859,136.12335396856753
100,1000,True,decay=0.99999,20021,0.826,144.00215426458206
100,1000,True,decay=0.99999,20022,0.842,158.88979187876362
100,1000,True,decay=0.99999,20023,0.844,129.5707338656399
100,1000,True,decay=0.99999,20024,0.857,149.4343833919606
100,1000,True,decay=0.99999,20025,0.849,145.71237969591468
100,1000,True,decay=0.99999,20026,0.863,149.32185551620066
100,1000,True,decay=0.99999,20027,0.857,133.75119504820407
100,1000,True,decay=0.99999,20028,0.844,141.28841435909231
100,1000,True,decay=0.99999,20029,0.849,140.79741923641203
100,1000,False,constant,20000,0.862,124.06979165381073
100,1000,False,constant,20001,0.797,210.6372154770472
100,1000,False,constant,20002,0.879,106.14633065347945
100,1000,False,constant,20003,0.911,84.82120755179751
100,1000,False,constant,20004,0.868,125.28673737746189
100,1000,False,constant,20005,0.855,138.9601231769573
100,1000,False,constant,20006,0.917,75.1626333396312
100,1000,False,constant,20007,0.851,127.79499767349931
100,1000,False,constant,20008,0.862,139.63987607820007
100,1000,False,constant,20009,0.901,94.08410322067967
100,1000,False,constant,20010,0.874,117.98847147355916
100,1000,False,constant,20011,0.886,111.37150995628042
100,1000,False,constant,20012,0.895,99.15555136005148
100,1000,False,constant,20013,0.843,154.63268250831084
100,1000,False,constant,20014,0.898,91.11718015681797
100,1000,False,constant,20015,0.858,119.85682396626548
100,1000,False,constant,20016,0.89,102.32872847469962
100,1000,False,constant,20017,0.861,118.7706477732346
100,1000,False,constant,20018,0.89,99.54563821249708
100,1000,False,constant,20019,0.844,146.61959856508315
100,1000,False,constant,20020,0.868,110.32004491316414
100,1000,False,constant,20021,0.916,65.60340933217823
100,1000,False,constant,20022,0.902,97.35197345509376
100,1000,False,constant,20023,0.881,93.26060718254747
100,1000,False,constant,20024,0.847,151.7011174992334
100,1000,False,constant,20025,0.898,91.53990590712326
100,1000,False,constant,20026,0.834,179.78739213879135
100,1000,False,constant,20027,0.835,158.00778393734524
100,1000,False,constant,20028,0.915,78.65791494974415
100,1000,False,constant,20029,0.877,103.90288845646052
100,1000,False,decay=0.9,20000,0.834,155.25420990033604
100,1000,False,decay=0.9,20001,0.451,549.3727811961503
100,1000,False,decay=0.9,20002,0.696,291.9060513508128
100,1000,False,decay=0.9,20003,0.991,8.07412089469643
100,1000,False,decay=0.9,20004,0.824,170.20487254697508
100,1000,False,decay=0.9,20005,0.647,340.4949723053226
100,1000,False,decay=0.9,20006,0.906,99.43168492606733
100,1000,False,decay=0.9,20007,0.478,515.9344697789403
100,1000,False,decay=0.9,20008,0.59,412.0629634096666
100,1000,False,decay=0.9,20009,0.885,112.26958824655192
100,1000,False,decay=0.9,20010,0.764,229.19854904537755
100,1000,False,decay=0.9,20011,0.459,556.5325134410424
100,1000,False,decay=0.9,20012,0.358,627.982596477674
100,1000,False,decay=0.9,20013,0.559,432.9579846351371
100,1000,False,decay=0.9,20014,0.8,199.57040775148874
100,1000,False,decay=0.9,20015,0.813,159.06262583452406
100,1000,False,decay=0.9,20016,0.83,175.38667566851183
100,1000,False,decay=0.9,20017,0.327,635.5298727113952
100,1000,False,decay=0.9,20018,0.856,133.7395455533786
100,1000,False,decay=0.9,20019,0.444,549.1109531183905
100,1000,False,decay=0.9,20020,0.615,384.0164930056926
100,1000,False,decay=0.9,20021,0.924,56.58248837737564
100,1000,False,decay=0.9,20022,0.859,141.7764180126563
100,1000,False,decay=0.9,20023,0.78,175.2090872763727
100,1000,False,decay=0.9,20024,0.282,721.2591981885663
100,1000,False,decay=0.9,20025,0.607,396.665279068524
100,1000,False,decay=0.9,20026,0.288,703.2339400260255
100,1000,False,decay=0.9,20027,0.389,595.5827829147859
100,1000,False,decay=0.9,20028,0.811,175.18072938011645
100,1000,False,decay=0.9,20029,0.925,74.04806880416957
100,1000,False,decay=0.95,20000,0.834,155.25420990033604
100,1000,False,decay=0.95,20001,0.451,548.6377817645271
100,1000,False,decay=0.95,20002,0.696,291.9060513508128
100,1000,False,decay=0.95,20003,0.996,2.1764668808302265
100,1000,False,decay=0.95,20004,0.915,89.05644464194113
100,1000,False,decay=0.95,20005,0.647,340.4949723053226
100,1000,False,decay=0.95,20006,0.986,5.096307790658064
100,1000,False,decay=0.95,20007,0.477,516.1703885530784
100,1000,False,decay=0.95,20008,0.565,428.0995256645558
100,1000,False,decay=0.95,20009,0.885,112.26958824655192
100,1000,False,decay=0.95,20010,0.764,229.19854904537755
100,1000,False,decay=0.95,20011,0.459,556.5325134410424
100,1000,False,decay=0.95,20012,0.962,37.54631153981055
100,1000,False,decay=0.95,20013,0.559,433.3875699139674
100,1000,False,decay=0.95,20014,0.798,200.70207541644754
100,1000,False,decay=0.95,20015,0.887,93.5192440385556
100,1000,False,decay=0.95,20016,0.83,175.38667566851183
100,1000,False,decay=0.95,20017,0.925,51.57609468029991
100,1000,False,decay=0.95,20018,0.856,133.7395455533786
100,1000,False,decay=0.95,20019,0.444,549.1109531183905
100,1000,False,decay=0.95,20020,0.615,384.0164930056926
100,1000,False,decay=0.95,20021,0.922,58.049214909132864
100,1000,False,decay=0.95,20022,0.859,141.7764180126563
100,1000,False,decay=0.95,20023,0.773,183.468235955908
100,1000,False,decay=0.95,20024,0.282,721.2591981885663
100,1000,False,decay=0.95,20025,0.823,161.0820994861596
100,1000,False,decay=0.95,20026,0.775,243.9929038068717
100,1000,False,decay=0.95,20027,0.388,596.6809593273362
100,1000,False,decay=0.95,20028,0.811,175.18072938011645
100,1000,False,decay=0.95,20029,0.924,74.90726909936613
100,1000,False,decay=0.99,20000,0.933,53.73157722393904
100,1000,False,decay=0.99,20001,0.78,225.04718526356763
100,1000,False,decay=0.99,20002,0.931,55.04251228221414
100,1000,False,decay=0.99,20003,0.989,8.438422406193903
100,1000,False,decay=0.99,20004,0.91,93.89257773405255
100,1000,False,decay=0.99,20005,0.935,57.54926892695927
100,1000,False,decay=0.99,20006,0.98,13.316936662074951
100,1000,False,decay=0.99,20007,0.893,92.04215047032727
100,1000,False,decay=0.99,20008,0.912,88.85069058201901
100,1000,False,decay=0.99,20009,0.968,19.250250769335118
100,1000,False,decay=0.99,20010,0.843,153.8171714327939
100,1000,False,decay=0.99,20011,0.87,136.28003065014866
100,1000,False,decay=0.99,20012,0.959,41.4217285763036
100,1000,False,decay=0.99,20013,0.559,433.47728893120967
100,1000,False,decay=0.99,20014,0.916,74.89035915005485
100,1000,False,decay=0.99,20015,0.875,102.64286052473186
100,1000,False,decay=0.99,20016,0.93,73.24157919654247
100,1000,False,decay=0.99,20017,0.922,56.34886601359355
100,1000,False,decay=0.99,20018,0.854,136.98775414375638
100,1000,False,decay=0.99,20019,0.607,371.68066847412376
100,1000,False,decay=0.99,20020,0.883,112.68799770510726
100,1000,False,decay=0.99,20021,0.966,20.42375120188413
100,1000,False,decay=0.99,20022,0.922,81.57326633775935
100,1000,False,decay=0.99,20023,0.932,48.025741799771986
100,1000,False,decay=0.99,20024,0.65,350.90724649538714
100,1000,False,decay=0.99,20025,0.962,18.738865284644795
100,1000,False,decay=0.99,20026,0.788,228.2923817365633
100,1000,False,decay=0.99,20027,0.597,407.7485035308114
100,1000,False,decay=0.99,20028,0.807,180.52616631293387
100,1000,False,decay=0.99,20029,0.92,80.51946685154141
100,1000,False,decay=0.999,20000,0.902,89.1621064075155
100,1000,False,decay=0.999,20001,0.892,118.22416212904214
100,1000,False,decay=0.999,20002,0.904,75.69898890157397
100,1000,False,decay=0.999,20003,0.933,56.27704674144126
100,1000,False,decay=0.999,20004,0.903,96.229161660193
100,1000,False,decay=0.999,20005,0.88,113.35660707667321
100,1000,False,decay=0.999,20006,0.94,53.805525935581606
100,1000,False,decay=0.999,20007,0.895,90.61522664814866
100,1000,False,decay=0.999,20008,0.886,122.0010376811982
100,1000,False,decay=0.999,20009,0.924,60.980446991260635
100,1000,False,decay=0.999,20010,0.905,94.75736341606996
100,1000,False,decay=0.999,20011,0.885,107.38028407464702
100,1000,False,decay=0.999,20012,0.913,85.99977968860838
100,1000,False,decay=0.999,20013,0.89,99.17038381959016
100,1000,False,decay=0.999,20014,0.882,107.11111915126743
100,1000,False,decay=0.999,20015,0.896,91.9689355701637
100,1000,False,decay=0.999,20016,0.925,72.49310371139536
100,1000,False,decay=0.999,20017,0.882,95.40205102483253
100,1000,False,decay=0.999,20018,0.925,68.6016553271573
100,1000,False,decay=0.999,20019,0.836,138.21204467911437
100,1000,False,decay=0.999,20020,0.887,97.83036601049139
100,1000,False,decay=0.999,20021,0.922,62.37147559660411
100,1000,False,decay=0.999,20022,0.921,79.00614127657701
100,1000,False,decay=0.999,20023,0.904,68.31576693545185
100,1000,False,decay=0.999,20024,0.819,173.33948256089067
100,1000,False,decay=0.999,20025,0.924,65.48011945912114
100,1000,False,decay=0.999,20026,0.882,120.51855564759923
100,1000,False,decay=0.999,20027,0.842,147.72720279954902
100,1000,False,decay=0.999,20028,0.925,67.29321391675998
100,1000,False,decay=0.999,20029,0.909,79.43976823268027
100,1000,False,decay=0.9999,20000,0.865,116.25234162572833
100,1000,False,decay=0.9999,20001,0.798,214.44377936773873
100,1000,False,decay=0.9999,20002,0.888,92.64971648890635
100,1000,False,decay=0.9999,20003,0.914,81.20770660078051
100,1000,False,decay=0.9999,20004,0.871,122.6771252929218
100,1000,False,decay=0.9999,20005,0.855,136.66348374913048
100,1000,False,decay=0.9999,20006,0.921,71.75484527639158
100,1000,False,decay=0.9999,20007,0.864,122.62581116837109
100,1000,False,decay=0.9999,20008,0.881,121.73682579172151
100,1000,False,decay=0.9999,20009,0.901,82.89688161547598
100,1000,False,decay=0.9999,20010,0.873,120.64583011777195
100,1000,False,decay=0.9999,20011,0.87,126.38298507208671
100,1000,False,decay=0.9999,20012,0.896,95.77295375359128
100,1000,False,decay=0.9999,20013,0.837,170.1976239130143
100,1000,False,decay=0.9999,20014,0.9,92.48353175853654
100,1000,False,decay=0.9999,20015,0.875,106.56962823198485
100,1000,False,decay=0.9999,20016,0.891,109.6591551030134
100,1000,False,decay=0.9999,20017,0.866,114.24721862573332
100,1000,False,decay=0.9999,20018,0.902,91.05729829804932
100,1000,False,decay=0.9999,20019,0.847,143.16077715996863
100,1000,False,decay=0.9999,20020,0.855,128.53145497233268
100,1000,False,decay=0.9999,20021,0.917,67.02962303310264
100,1000,False,decay=0.9999,20022,0.904,99.02269374369604
100,1000,False,decay=0.9999,20023,0.888,87.26240399208072
100,1000,False,decay=0.9999,20024,0.839,160.67774809544443
100,1000,False,decay=0.9999,20025,0.901,87.79222604589177
100,1000,False,decay=0.9999,20026,0.836,181.73989528432972
100,1000,False,decay=0.9999,20027,0.835,158.00778393734524
100,1000,False,decay=0.9999,20028,0.915,81.9097219229016
100,1000,False,decay=0.9999,20029,0.877,109.5827659014368
100,1000,False,decay=0.99999,20000,0.862,124.06979165381073
100,1000,False,decay=0.99999,20001,0.797,210.6372154770472
100,1000,False,decay=0.99999,20002,0.879,106.14633065347945
100,1000,False,decay=0.99999,20003,0.911,84.82120755179751
100,1000,False,decay=0.99999,20004,0.868,125.28673737746189
100,1000,False,decay=0.99999,20005,0.855,138.9601231769573
100,1000,False,decay=0.99999,20006,0.917,75.1626333396312
100,1000,False,decay=0.99999,20007,0.851,127.79499767349931
100,1000,False,decay=0.99999,20008,0.862,139.63987607820007
100,1000,False,decay=0.99999,20009,0.901,94.08410322067967
100,1000,False,decay=0.99999,20010,0.874,117.98847147355916
100,1000,False,decay=0.99999,20011,0.885,117.11371415191874
100,1000,False,decay=0.99999,20012,0.894,101.61448418473698
100,1000,False,decay=0.99999,20013,0.843,154.63268250831084
100,1000,False,decay=0.99999,20014,0.898,91.11718015681797
100,1000,False,decay=0.99999,20015,0.858,119.85682396626548
100,1000,False,decay=0.99999,20016,0.89,102.32872847469962
100,1000,False,decay=0.99999,20017,0.861,118.7706477732346
100,1000,False,decay=0.99999,20018,0.89,97.89047412496383
100,1000,False,decay=0.99999,20019,0.844,146.61959856508315
100,1000,False,decay=0.99999,20020,0.868,110.32004491316414
100,1000,False,decay=0.99999,20021,0.916,65.60340933217823
100,1000,False,decay=0.99999,20022,0.902,97.35197345509376
100,1000,False,decay=0.99999,20023,0.881,93.26060718254747
100,1000,False,decay=0.99999,20024,0.847,151.7011174992334
100,1000,False,decay=0.99999,20025,0.898,91.53990590712326
100,1000,False,decay=0.99999,20026,0.834,179.78739213879135
100,1000,False,decay=0.99999,20027,0.835,158.00778393734524
100,1000,False,decay=0.99999,20028,0.916,77.93522759290263
100,1000,False,decay=0.99999,20029,0.878,103.55605187923528
100,10000,True,constant,20000,0.929,587.7822659659373
100,10000,True,constant,20001,0.9407,565.4112172804421
100,10000,True,constant,20002,0.9083,750.4316190169467
100,10000,True,constant,20003,0.9417,574.7522891799343
100,10000,True,constant,20004,0.9388,602.6490645924329
100,10000,True,constant,20005,0.939,552.2820318263745
100,10000,True,constant,20006,0.9406,581.0240095300021
100,10000,True,constant,20007,0.932,557.4595096142482
100,10000,True,constant,20008,0.9346,580.8745158058273
100,10000,True,constant,20009,0.9253,604.3713558476395
100,10000,True,constant,20010,0.9199,764.5085512147263
100,10000,True,constant,20011,0.9368,622.9693333042644
100,10000,True,constant,20012,0.9391,581.1673443330902
100,10000,True,constant,20013,0.9362,605.2253239492343
100,10000,True,constant,20014,0.936,548.5432852929002
100,10000,True,constant,20015,0.9302,578.4915236069356
100,10000,True,constant,20016,0.939,606.9785994415498
100,10000,True,constant,20017,0.9145,587.8229863306448
100,10000,True,constant,20018,0.9331,588.6003177075993
100,10000,True,constant,20019,0.8982,899.2859839483045
100,10000,True,constant,20020,0.9364,558.5791960907719
100,10000,True,constant,20021,0.9037,808.3603257847274
100,10000,True,constant,20022,0.9238,673.0345361073796
100,10000,True,constant,20023,0.926,568.6847292859752
100,10000,True,constant,20024,0.9397,601.3993099477169
100,10000,True,constant,20025,0.9232,601.7502871859164
100,10000,True,constant,20026,0.9303,651.5656454590054
100,10000,True,constant,20027,0.9381,546.0263004326847
100,10000,True,constant,20028,0.9265,630.6179982271025
100,10000,True,constant,20029,0.9184,694.6334856736685
100,10000,True,decay=0.9,20000,0.98,91.96733124768318
100,10000,True,decay=0.9,20001,0.9895,102.90155776958626
100,10000,True,decay=0.9,20002,0.9622,228.06487785560287
100,10000,True,decay=0.9,20003,0.9895,90.98773676837804
100,10000,True,decay=0.9,20004,0.9888,93.67292922945201
100,10000,True,decay=0.9,20005,0.9863,83.56459995848313
100,10000,True,decay=0.9,20006,0.9846,136.48367045270518
100,10000,True,decay=0.9,20007,0.9768,110.1546155078991
100,10000,True,decay=0.9,20008,0.9827,93.29549293924798
100,10000,True,decay=0.9,20009,0.9742,125.48456997676053
100,10000,True,decay=0.9,20010,0.9698,246.6545048744342
100,10000,True,decay=0.9,20011,0.9894,91.79806485052383
100,10000,True,decay=0.9,20012,0.9887,92.51266033689872
100,10000,True,decay=0.9,20013,0.9879,93.94566588211212
100,10000,True,decay=0.9,20014,0.9824,91.62861877476956
100,10000,True,decay=0.9,20015,0.9783,91.5238202235755
100,10000,True,decay=0.9,20016,0.9892,98.35745706301354
100,10000,True,decay=0.9,20017,0.9615,101.90653027452558
100,10000,True,decay=0.9,20018,0.9829,99.79279095821182
100,10000,True,decay=0.9,20019,0.9803,104.46279692147444
100,10000,True,decay=0.9,20020,0.9816,94.55959439105115
100,10000,True,decay=0.9,20021,0.9702,170.07092252496213
100,10000,True,decay=0.9,20022,0.9804,99.75016076546414
100,10000,True,decay=0.9,20023,0.9751,90.36096230958144
100,10000,True,decay=0.9,20024,0.9894,102.28190659512303
100,10000,True,decay=0.9,20025,0.9716,96.4381449132838
100,10000,True,decay=0.9,20026,0.9853,98.84881013465748
100,10000,True,decay=0.9,20027,0.9822,97.53641747986005
100,10000,True,decay=0.9,20028,0.9806,95.844865917085
100,10000,True,decay=0.9,20029,0.9804,90.56650699619867
100,10000,True,decay=0.95,20000,0.9701,191.51689293191126
100,10000,True,decay=0.95,20001,0.9894,103.43925967191852
100,10000,True,decay=0.95,20002,0.9622,228.0054872296876
100,10000,True,decay=0.95,20003,0.9895,92.27884441429931
100,10000,True,decay=0.95,20004,0.9888,93.99002280549477
100,10000,True,decay=0.95,20005,0.9863,83.56459995848313
100,10000,True,decay=0.95,20006,0.9846,136.48367045270518
100,10000,True,decay=0.95,20007,0.9768,110.10953415316607
100,10000,True,decay=0.95,20008,0.9827,93.29549293924798
100,10000,True,decay=0.95,20009,0.9742,125.48456997676053
100,10000,True,decay=0.95,20010,0.9698,246.6545048744342
100,10000,True,decay=0.95,20011,0.9894,91.79806485052383
100,10000,True,decay=0.95,20012,0.9887,92.51266033689872
100,10000,True,decay=0.95,20013,0.9879,94.22829897332095
100,10000,True,decay=0.95,20014,0.9824,91.88778138282335
100,10000,True,decay=0.95,20015,0.9783,87.01508526657908
100,10000,True,decay=0.95,20016,0.9892,98.35745706301354
100,10000,True,decay=0.95,20017,0.9615,101.90653027452558
100,10000,True,decay=0.95,20018,0.9829,99.79279095821182
100,10000,True,decay=0.95,20019,0.9803,104.39457050569342
100,10000,True,decay=0.95,20020,0.9816,94.55959439105115
100,10000,True,decay=0.95,20021,0.9698,164.00588108834066
100,10000,True,decay=0.95,20022,0.9804,99.75016076546414
100,10000,True,decay=0.95,20023,0.9751,90.36096230958142
100,10000,True,decay=0.95,20024,0.9894,101.84089008709445
100,10000,True,decay=0.95,20025,0.9717,97.27871068641439
100,10000,True,decay=0.95,20026,0.9853,108.86448728899744
100,10000,True,decay=0.95,20027,0.9822,97.74543905853156
100,10000,True,decay=0.95,20028,0.9805,96.51670157520604
100,10000,True,decay=0.95,20029,0.9804,90.81593201820402
100,10000,True,decay=0.99,20000,0.9693,198.69570861839904
100,10000,True,decay=0.99,20001,0.9893,103.50320851534313
100,10000,True,decay=0.99,20002,0.9547,309.0729564521652
100,10000,True,decay=0.99,20003,0.9894,100.41043055112443
100,10000,True,decay=0.99,20004,0.9887,95.29851466610316
100,10000,True,decay=0.99,20005,0.9861,88.26351389378311
100,10000,True,decay=0.99,20006,0.9869,101.60106849809776
100,10000,True,decay=0.99,20007,0.9782,96.98566126080789
100,10000,True,decay=0.99,20008,0.9825,105.28682457971891
100,10000,True,decay=0.99,20009,0.9751,114.0065407650674
100,10000,True,decay=0.99,20010,0.9729,226.31448764525751
100,10000,True,decay=0.99,20011,0.9894,93.89989200131424
100,10000,True,decay=0.99,20012,0.9886,92.91452483907395
100,10000,True,decay=0.99,20013,0.9878,90.82909607461437
100,10000,True,decay=0.99,20014,0.9824,94.13803436385865
100,10000,True,decay=0.99,20015,0.978,87.48993523590123
100,10000,True,decay=0.99,20016,0.989,108.45619910119808
100,10000,True,decay=0.99,20017,0.9612,107.54990198033394
100,10000,True,decay=0.99,20018,0.9827,105.19378738908522
100,10000,True,decay=0.99,20019,0.969,215.00394503342403
100,10000,True,decay=0.99,20020,0.9813,93.42973867101536
100,10000,True,decay=0.99,20021,0.9454,410.8353627280655
100,10000,True,decay=0.99,20022,0.9801,106.48615045199834
100,10000,True,decay=0.99,20023,0.9745,92.45280470597234
100,10000,True,decay=0.99,20024,0.9892,100.57169290044327
100,10000,True,decay=0.99,20025,0.9717,96.68092558553211
100,10000,True,decay=0.99,20026,0.9852,109.78300674376597
100,10000,True,decay=0.99,20027,0.9821,98.0642762577553
100,10000,True,decay=0.99,20028,0.9805,99.39562635612613
100,10000,True,decay=0.99,20029,0.9675,233.63014297970219
100,10000,True,decay=0.999,20000,0.9754,140.1369826409792
100,10000,True,decay=0.999,20001,0.9857,135.60618166848258
100,10000,True,decay=0.999,20002,0.9576,273.934086895168
100,10000,True,decay=0.999,20003,0.9855,147.4130728645411
100,10000,True,decay=0.999,20004,0.9831,150.13484554389007
100,10000,True,decay=0.999,20005,0.9833,124.62157740127871
100,10000,True,decay=0.999,20006,0.9837,136.12511506059886
100,10000,True,decay=0.999,20007,0.9744,132.51119052747322
100,10000,True,decay=0.999,20008,0.9788,143.23391676302487
100,10000,True,decay=0.999,20009,0.9717,149.1801587772406
100,10000,True,decay=0.999,20010,0.9699,259.95423246434547
100,10000,True,decay=0.999,20011,0.9846,147.23172988891898
100,10000,True,decay=0.999,20012,0.9845,133.038347810127
100,10000,True,decay=0.999,20013,0.9827,150.02318415071832
100,10000,True,decay=0.999,20014,0.9789,140.76779853302133
100,10000,True,decay=0.999,20015,0.9733,136.55234020595117
100,10000,True,decay=0.999,20016,0.9846,154.486893369283
100,10000,True,decay=0.999,20017,0.9567,150.8459419969719
100,10000,True,decay=0.999,20018,0.9787,147.2905182496807
100,10000,True,decay=0.999,20019,0.9303,569.2058169063104
100,10000,True,decay=0.999,20020,0.9767,141.898895759215
100,10000,True,decay=0.999,20021,0.9499,350.96350769815507
100,10000,True,decay=0.999,20022,0.9697,216.3248848256599
100,10000,True,decay=0.999,20023,0.971,127.96198804031486
100,10000,True,decay=0.999,20024,0.985,151.1576639628603
100,10000,True,decay=0.999,20025,0.9682,141.73119290276185
100,10000,True,decay=0.999,20026,0.981,149.77649824978675
100,10000,True,decay=0.999,20027,0.979,137.7395729913549
100,10000,True,decay=0.999,20028,0.976,138.98711094198288
100,10000,True,decay=0.999,20029,0.9762,133.0850449932232
100,10000,True,decay=0.9999,20000,0.9471,427.1553609408402
100,10000,True,decay=0.9999,20001,0.9619,374.3075162014121
100,10000,True,decay=0.9999,20002,0.9269,585.0943551534187
100,10000,True,decay=0.9999,20003,0.9597,396.5082049896462
100,10000,True,decay=0.9999,20004,0.9571,426.2612002267531
100,10000,True,decay=0.9999,20005,0.9591,366.21265959767914
100,10000,True,decay=0.9999,20006,0.9577,400.68024336267274
100,10000,True,decay=0.9999,20007,0.95,391.38446117824077
100,10000,True,decay=0.9999,20008,0.9536,406.81294039578415
100,10000,True,decay=0.9999,20009,0.9439,409.91345135762833
100,10000,True,decay=0.9999,20010,0.9393,567.6086015121083
100,10000,True,decay=0.9999,20011,0.9586,423.8210878910272
100,10000,True,decay=0.9999,20012,0.9596,402.0824964073383
100,10000,True,decay=0.9999,20013,0.9557,424.13520126440784
100,10000,True,decay=0.9999,20014,0.9541,381.0635449470523
100,10000,True,decay=0.9999,20015,0.9483,394.92769554296075
100,10000,True,decay=0.9999,20016,0.9594,417.6547849788075
100,10000,True,decay=0.9999,20017,0.9262,428.5072662170225
100,10000,True,decay=0.9999,20018,0.9535,395.5815879987375
100,10000,True,decay=0.9999,20019,0.9173,720.7997899241096
100,10000,True,decay=0.9999,20020,0.9545,374.43177775386425
100,10000,True,decay=0.9999,20021,0.9219,628.2332793219305
100,10000,True,decay=0.9999,20022,0.9421,481.76494989270503
100,10000,True,decay=0.9999,20023,0.946,387.93439071292426
100,10000,True,decay=0.9999,20024,0.9564,425.0465669324824
100,10000,True,decay=0.9999,20025,0.9419,417.1423076335533
100,10000,True,decay=0.9999,20026,0.9538,424.41101509575867
100,10000,True,decay=0.9999,20027,0.9524,385.49460466346443
100,10000,True,decay=0.9999,20028,0.9462,433.47727100561906
100,10000,True,decay=0.9999,20029,0.9476,412.1530951165601
100,10000,True,decay=0.99999,20000,0.931,569.4858428279838
100,10000,True,decay=0.99999,20001,0.9429,552.2567600391956
100,10000,True,decay=0.99999,20002,0.9131,711.6790334846556
100,10000,True,decay=0.99999,20003,0.9437,549.5186194864451
100,10000,True,decay=0.99999,20004,0.9406,583.6687094770701
100,10000,True,decay=0.99999,20005,0.9411,531.5975655734289
100,10000,True,decay=0.99999,20006,0.943,543.6259707204863
100,10000,True,decay=0.99999,20007,0.9338,540.6075527163447
100,10000,True,decay=0.99999,20008,0.9386,545.2938533075501
100,10000,True,decay=0.99999,20009,0.9267,575.7678722010562
100,10000,True,decay=0.99999,20010,0.924,739.1943821904952
100,10000,True,decay=0.99999,20011,0.9401,582.3699351977574
100,10000,True,decay=0.99999,20012,0.9425,564.057223778902
100,10000,True,decay=0.99999,20013,0.9387,585.3439375536927
100,10000,True,decay=0.99999,20014,0.9402,524.2815769590005
100,10000,True,decay=0.99999,20015,0.9325,547.5783241810493
100,10000,True,decay=0.99999,20016,0.9386,590.4387097111761
100,10000,True,decay=0.99999,20017,0.9152,573.3136174906692
100,10000,True,decay=0.99999,20018,0.9356,577.6047639493681
100,10000,True,decay=0.99999,20019,0.9003,866.0385091449127
100,10000,True,decay=0.99999,20020,0.9368,534.0921019879594
100,10000,True,decay=0.99999,20021,0.9141,718.9333257718557
100,10000,True,decay=0.99999,20022,0.9267,643.4644152906498
100,10000,True,decay=0.99999,20023,0.9274,565.8605091020717
100,10000,True,decay=0.99999,20024,0.9429,574.6749954950012
100,10000,True,decay=0.99999,20025,0.9272,565.8242542497699
100,10000,True,decay=0.99999,20026,0.9372,603.1439857017232
100,10000,True,decay=0.99999,20027,0.9393,526.0953170216102
100,10000,True,decay=0.99999,20028,0.9298,599.6050835931292
100,10000,True,decay=0.99999,20029,0.9229,681.4738583921907
100,10000,False,constant,20000,0.9187,694.3547907234082
100,10000,False,constant,20001,0.9339,656.3993286901547
100,10000,False,constant,20002,0.9278,560.026300946733
100,10000,False,constant,20003,0.9432,535.7306460793554
100,10000,False,constant,20004,0.9385,610.0571741630174
100,10000,False,constant,20005,0.9098,835.4367056853121
100,10000,False,constant,20006,0.9422,535.6307697302676
100,10000,False,constant,20007,0.9288,593.1434718501874
100,10000,False,constant,20008,0.9259,657.6913128554354
100,10000,False,constant,20009,0.9289,574.45418354995
100,10000,False,constant,20010,0.9357,583.0895788335051
100,10000,False,constant,20011,0.938,606.0763375941373
100,10000,False,constant,20012,0.939,601.12884998864
100,10000,False,constant,20013,0.9359,626.0979016641276
100,10000,False,constant,20014,0.9406,519.07124870089
100,10000,False,constant,20015,0.9129,734.7629651966727
100,10000,False,constant,20016,0.9378,607.7828424903626
100,10000,False,constant,20017,0.9154,581.7630755445108
100,10000,False,constant,20018,0.9344,560.9504495819413
100,10000,False,constant,20019,0.9307,611.2861663633179
100,10000,False,constant,20020,0.9352,547.4885391902147
100,10000,False,constant,20021,0.922,643.6497138375543
100,10000,False,constant,20022,0.9323,575.9577553022039
100,10000,False,constant,20023,0.9281,551.7504734942853
100,10000,False,constant,20024,0.9368,632.4629483934395
100,10000,False,constant,20025,0.9258,568.5374826409221
100,10000,False,constant,20026,0.9255,720.2263581267458
100,10000,False,constant,20027,0.9345,579.6827159488221
100,10000,False,constant,20028,0.9311,584.3463356041577
100,10000,False,constant,20029,0.9217,669.2014294151891
100,10000,False,decay=0.9,20000,0.8341,1548.6601495131679
100,10000,False,decay=0.9,20001,0.4492,5493.727811962458
100,10000,False,decay=0.9,20002,0.6907,2911.1530111992174
100,10000,False,decay=0.9,20003,0.9928,65.64341170250708
100,10000,False,decay=0.9,20004,0.8263,1702.04872546951
100,10000,False,decay=0.9,20005,0.6445,3400.0759761306663
100,10000,False,decay=0.9,20006,0.9001,987.3811486951207
100,10000,False,decay=0.9,20007,0.474,5158.374843717973
100,10000,False,decay=0.9,20008,0.5894,4120.629634097688
100,10000,False,decay=0.9,20009,0.8746,1122.6958824656983
100,10000,False,decay=0.9,20010,0.7629,2276.9543256015695
100,10000,False,decay=0.9,20011,0.443,5565.325134411309
100,10000,False,decay=0.9,20012,0.3765,6279.825964775821
100,10000,False,decay=0.9,20013,0.5651,4323.2569863119425
100,10000,False,decay=0.9,20014,0.789,1991.2438236801875
100,10000,False,decay=0.9,20015,0.85,1371.5549958729332
100,10000,False,decay=0.9,20016,0.8231,1740.2903201740194
100,10000,False,decay=0.9,20017,0.3346,6360.790914501209
100,10000,False,decay=0.9,20018,0.8578,1310.1082975366076
100,10000,False,decay=0.9,20019,0.4373,5485.7193619815
100,10000,False,decay=0.9,20020,0.6014,3838.4719994415564
100,10000,False,decay=0.9,20021,0.9322,564.5137727905508
100,10000,False,decay=0.9,20022,0.8519,1395.6792491342067
100,10000,False,decay=0.9,20023,0.8044,1738.2805450320307
100,10000,False,decay=0.9,20024,0.2745,7217.8514846016
100,10000,False,decay=0.9,20025,0.5874,3964.8510735960845
100,10000,False,decay=0.9,20026,0.2898,7037.614305632807
100,10000,False,decay=0.9,20027,0.3997,5953.2321624068445
100,10000,False,decay=0.9,20028,0.8144,1751.8072938014068
100,10000,False,decay=0.9,20029,0.9153,730.3709505681356
100,10000,False,decay=0.95,20000,0.8341,1548.6601495131679
100,10000,False,decay=0.95,20001,0.4492,5492.992812530834
100,10000,False,decay=0.95,20002,0.6907,2911.1530111992174
100,10000,False,decay=0.95,20003,0.999,2.1764668808302265
100,10000,False,decay=0.95,20004,0.9114,858.6139946586518
100,10000,False,decay=0.95,20005,0.6445,3400.0759761306663
100,10000,False,decay=0.95,20006,0.9933,33.83291506498598
100,10000,False,decay=0.95,20007,0.4739,5158.610762492111
100,10000,False,decay=0.95,20008,0.5727,4283.193161116597
100,10000,False,decay=0.95,20009,0.8746,1122.6958824656983
100,10000,False,decay=0.95,20010,0.7629,2276.9543256015695
100,10000,False,decay=0.95,20011,0.443,5565.325134411309
100,10000,False,decay=0.95,20012,0.9723,261.4769480301192
100,10000,False,decay=0.95,20013,0.5651,4323.6865715907725
100,10000,False,decay=0.95,20014,0.7888,1992.3754913451464
100,10000,False,decay=0.95,20015,0.9015,855.5464974567378
100,10000,False,decay=0.95,20016,0.8231,1740.2903201740194
100,10000,False,decay=0.95,20017,0.9244,459.6781064367692
100,10000,False,decay=0.95,20018,0.8578,1310.1082975366076
100,10000,False,decay=0.95,20019,0.4373,5485.7193619815
100,10000,False,decay=0.95,20020,0.6014,3838.4719994415564
100,10000,False,decay=0.95,20021,0.932,565.9804993223069
100,10000,False,decay=0.95,20022,0.8519,1395.6792491342067
100,10000,False,decay=0.95,20023,0.796,1817.983745963906
100,10000,False,decay=0.95,20024,0.2745,7217.8514846016
100,10000,False,decay=0.95,20025,0.8242,1587.613507042155
100,10000,False,decay=0.95,20026,0.7848,2209.2725019996196
100,10000,False,decay=0.95,20027,0.3996,5954.330338819395
100,10000,False,decay=0.95,20028,0.8144,1751.8072938014068
100,10000,False,decay=0.95,20029,0.9152,731.2301508633324
100,10000,False,decay=0.99,20000,0.9559,320.53386746559073
100,10000,False,decay=0.99,20001,0.7877,2056.067546315528
100,10000,False,decay=0.99,20002,0.9594,253.26213865695394
100,10000,False,decay=0.99,20003,0.9983,8.438422406193903
100,10000,False,decay=0.99,20004,0.9109,863.45012775076
100,10000,False,decay=0.99,20005,0.9594,339.1748469013427
100,10000,False,decay=0.99,20006,0.992,47.01429887381961
100,10000,False,decay=0.99,20007,0.9384,548.3207617156897
100,10000,False,decay=0.99,20008,0.9253,709.6833827797341
100,10000,False,decay=0.99,20009,0.9789,66.75059737007626
100,10000,False,decay=0.99,20010,0.8538,1402.1186694612577
100,10000,False,decay=0.99,20011,0.8896,1170.4963913623874
100,10000,False,decay=0.99,20012,0.972,265.35236506661226
100,10000,False,decay=0.99,20013,0.5651,4323.776290608015
100,10000,False,decay=0.99,20014,0.9251,665.5486090278998
100,10000,False,decay=0.99,20015,0.9003,864.670113942914
100,10000,False,decay=0.99,20016,0.9665,339.3649777890332
100,10000,False,decay=0.99,20017,0.9241,464.4508777700599
100,10000,False,decay=0.99,20018,0.8576,1313.3565061269846
100,10000,False,decay=0.99,20019,0.6365,3435.369105820296
100,10000,False,decay=0.99,20020,0.8831,1004.9598005014267
100,10000,False,decay=0.99,20021,0.9763,107.57054454439998
100,10000,False,decay=0.99,20022,0.9773,137.07428592378378
100,10000,False,decay=0.99,20023,0.9681,159.80970613781187
100,10000,False,decay=0.99,20024,0.7373,2612.4899158173553
100,10000,False,decay=0.99,20025,0.9788,18.738865284644795
100,10000,False,decay=0.99,20026,0.7861,2193.5719799293174
100,10000,False,decay=0.99,20027,0.5921,3984.605667521834
100,10000,False,decay=0.99,20028,0.814,1757.152730734225
100,10000,False,decay=0.99,20029,0.9148,736.8423486155087
100,10000,False,decay=0.999,20000,0.9783,109.72948949403198
100,10000,False,decay=0.999,20001,0.9869,134.89697049057838
100,10000,False,decay=0.999,20002,0.9741,110.0481790092345
100,10000,False,decay=0.999,20003,0.9903,76.95318460106746
100,10000,False,decay=0.999,20004,0.9863,121.69608540627534
100,10000,False,decay=0.999,20005,0.9513,417.57821630290624
100,10000,False,decay=0.999,20006,0.9858,107.94999541041491
100,10000,False,decay=0.999,20007,0.9741,139.06471569721543
100,10000,False,decay=0.999,20008,0.9731,207.19459253581408
100,10000,False,decay=0.999,20009,0.9659,195.84415561991122
100,10000,False,decay=0.999,20010,0.9846,119.26943615113916
100,10000,False,decay=0.999,20011,0.98,188.78676991467793
100,10000,False,decay=0.999,20012,0.9861,123.23766304069429
100,10000,False,decay=0.999,20013,0.9834,139.33978899706545
100,10000,False,decay=0.999,20014,0.9198,717.3048370793448
100,10000,False,decay=0.999,20015,0.9569,301.00397021999606
100,10000,False,decay=0.999,20016,0.9728,268.0074239123093
100,10000,False,decay=0.999,20017,0.9581,144.80162591450977
100,10000,False,decay=0.999,20018,0.9818,100.48735858346801
100,10000,False,decay=0.999,20019,0.9329,540.8783934069332
100,10000,False,decay=0.999,20020,0.9731,169.34879295645527
100,10000,False,decay=0.999,20021,0.956,306.5473897684944
100,10000,False,decay=0.999,20022,0.9809,99.27176168139103
100,10000,False,decay=0.999,20023,0.9746,86.89852413149971
100,10000,False,decay=0.999,20024,0.9476,479.09406276775263
100,10000,False,decay=0.999,20025,0.9726,85.74136278163412
100,10000,False,decay=0.999,20026,0.9601,376.0227019093098
100,10000,False,decay=0.999,20027,0.9624,303.475068991207
100,10000,False,decay=0.999,20028,0.9756,153.69985020418085
100,10000,False,decay=0.999,20029,0.9563,345.7142692048365
100,10000,False,decay=0.9999,20000,0.9354,532.4795518310218
100,10000,False,decay=0.9999,20001,0.9505,498.3192044916926
100,10000,False,decay=0.9999,20002,0.9438,378.9778027163232
100,10000,False,decay=0.9999,20003,0.9628,360.7534440813361
100,10000,False,decay=0.9999,20004,0.9559,417.9883375342367
100,10000,False,decay=0.9999,20005,0.952,434.8235656875841
100,10000,False,decay=0.9999,20006,0.9606,360.5052187759058
100,10000,False,decay=0.9999,20007,0.9453,410.69142728328296
100,10000,False,decay=0.9999,20008,0.9525,402.7167565509265
100,10000,False,decay=0.9999,20009,0.9442,396.3370675725022
100,10000,False,decay=0.9999,20010,0.9532,412.70140432161867
100,10000,False,decay=0.9999,20011,0.9573,422.1690551537551
100,10000,False,decay=0.9999,20012,0.95,492.9317984136851
100,10000,False,decay=0.9999,20013,0.9478,515.3862233000851
100,10000,False,decay=0.9999,20014,0.9554,350.2557096420095
100,10000,False,decay=0.9999,20015,0.9477,386.1066596329208
100,10000,False,decay=0.9999,20016,0.9559,433.8366363188732
100,10000,False,decay=0.9999,20017,0.9321,408.56531001986525
100,10000,False,decay=0.9999,20018,0.9506,406.4303833739498
100,10000,False,decay=0.9999,20019,0.9487,426.3145883941493
100,10000,False,decay=0.9999,20020,0.9485,399.00618066869697
100,10000,False,decay=0.9999,20021,0.9459,405.79665301407937
100,10000,False,decay=0.9999,20022,0.9508,398.0681714255159
100,10000,False,decay=0.9999,20023,0.9483,365.7837071327527
100,10000,False,decay=0.9999,20024,0.953,474.47083645251365
100,10000,False,decay=0.9999,20025,0.9433,378.2965408120019
100,10000,False,decay=0.9999,20026,0.9268,713.667079739862
100,10000,False,decay=0.9999,20027,0.9498,438.32529869692473
100,10000,False,decay=0.9999,20028,0.9529,399.66143480146354
100,10000,False,decay=0.9999,20029,0.95,402.32043288196104
100,10000,False,decay=0.99999,20000,0.9205,677.1718832693907
100,10000,False,decay=0.99999,20001,0.9359,631.1441185743587
100,10000,False,decay=0.99999,20002,0.9308,535.095493442821
100,10000,False,decay=0.99999,20003,0.9478,510.2565133918716
100,10000,False,decay=0.99999,20004,0.939,585.9456648089711
100,10000,False,decay=0.99999,20005,0.9306,631.2721984741451
100,10000,False,decay=0.99999,20006,0.9459,505.5147725319554
100,10000,False,decay=0.99999,20007,0.9305,580.0871137387087
100,10000,False,decay=0.99999,20008,0.9311,615.5036733107316
100,10000,False,decay=0.99999,20009,0.9223,643.9351256094695
100,10000,False,decay=0.99999,20010,0.9388,560.8898265998245
100,10000,False,decay=0.99999,20011,0.9428,581.8881597354297
100,10000,False,decay=0.99999,20012,0.9391,587.2238458763727
100,10000,False,decay=0.99999,20013,0.9387,610.5818097383273
100,10000,False,decay=0.99999,20014,0.9408,493.735847913271
100,10000,False,decay=0.99999,20015,0.9135,704.8818806812683
100,10000,False,decay=0.99999,20016,0.9396,584.1163512793817
100,10000,False,decay=0.99999,20017,0.9145,571.7059982353614
100,10000,False,decay=0.99999,20018,0.9362,553.3085787404533
100,10000,False,decay=0.99999,20019,0.9311,587.3834222852519
100,10000,False,decay=0.99999,20020,0.9383,521.5222858479796
100,10000,False,decay=0.99999,20021,0.9298,570.5240552981079
100,10000,False,decay=0.99999,20022,0.9347,558.8531632392228
100,10000,False,decay=0.99999,20023,0.9269,554.80114378564
100,10000,False,decay=0.99999,20024,0.9383,608.1833182625439
100,10000,False,decay=0.99999,20025,0.9267,532.9186262693587
100,10000,False,decay=0.99999,20026,0.9297,673.0897847205853
100,10000,False,decay=0.99999,20027,0.9367,560.9333253507192
100,10000,False,decay=0.99999,20028,0.9337,557.8062787843506
100,10000,False,decay=0.99999,20029,0.924,656.2900532142584
1000,100,True,constant,20000,0.44,50.31867383036535
1000,100,True,constant,20001,0.53,46.25189129495056
1000,100,True,constant,20002,0.46,51.25346785564594
1000,100,True,constant,20003,0.49,48.23877485651478
1000,100,True,constant,20004,0.5,48.52936011453518
1000,100,True,constant,20005,0.49,48.27605785502199
1000,100,True,constant,20006,0.5,53.353344700351364
1000,100,True,constant,20007,0.45,50.725684864140696
1000,100,True,constant,20008,0.6,46.62631587414453
1000,100,True,constant,20009,0.55,44.96216704358054
1000,100,True,constant,20010,0.52,45.071209467075874
1000,100,True,constant,20011,0.6,44.348232854166866
1000,100,True,constant,20012,0.49,50.825394888045416
1000,100,True,constant,20013,0.47,47.96385759788589
1000,100,True,constant,20014,0.53,43.06876504857093
1000,100,True,constant,20015,0.5,50.00810626995159
1000,100,True,constant,20016,0.5,46.399342112613596
1000,100,True,constant,20017,0.47,49.82389114928926
1000,100,True,constant,20018,0.62,44.05387763520744
1000,100,True,constant,20019,0.47,46.62150741099642
1000,100,True,constant,20020,0.52,51.341872766251484
1000,100,True,constant,20021,0.5,53.463123863948695
1000,100,True,constant,20022,0.56,44.33904801522328
1000,100,True,constant,20023,0.44,49.876383880428186
1000,100,True,constant,20024,0.52,47.248482301241424
1000,100,True,constant,20025,0.54,51.08446819655491
1000,100,True,constant,20026,0.48,50.1334214460937
1000,100,True,constant,20027,0.39,52.494083949608765
1000,100,True,constant,20028,0.55,50.01711680146983
1000,100,True,constant,20029,0.47,50.59522037490482
1000,100,True,decay=0.9,20000,0.43,51.22816442123724
1000,100,True,decay=0.9,20001,0.53,45.43569674135847
1000,100,True,decay=0.9,20002,0.47,49.5485176482099
1000,100,True,decay=0.9,20003,0.49,49.81161403555602
1000,100,True,decay=0.9,20004,0.5,48.81248339420475
1000,100,True,decay=0.9,20005,0.48,49.45293252658057
1000,100,True,decay=0.9,20006,0.5,52.97469137329535
1000,100,True,decay=0.9,20007,0.44,51.25014902555748
1000,100,True,decay=0.9,20008,0.6,49.43957884776828
1000,100,True,decay=0.9,20009,0.56,42.40764599513208
1000,100,True,decay=0.9,20010,0.48,48.12518352829005
1000,100,True,decay=0.9,20011,0.6,43.86717011543665
1000,100,True,decay=0.9,20012,0.49,50.48138207823361
1000,100,True,decay=0.9,20013,0.48,46.12044001923102
1000,100,True,decay=0.9,20014,0.53,44.67151088484223
1000,100,True,decay=0.9,20015,0.51,51.38398466966754
1000,100,True,decay=0.9,20016,0.52,46.23908444152142
1000,100,True,decay=0.9,20017,0.48,49.7649214309072
1000,100,True,decay=0.9,20018,0.61,42.86187713148083
1000,100,True,decay=0.9,20019,0.4,50.78710290751124
1000,100,True,decay=0.9,20020,0.52,52.44319657435723
1000,100,True,decay=0.9,20021,0.52,51.480156349101286
1000,100,True,decay=0.9,20022,0.52,45.63489544682487
1000,100,True,decay=0.9,20023,0.5,47.975198319512636
1000,100,True,decay=0.9,20024,0.52,44.14830204071443
1000,100,True,decay=0.9,20025,0.56,50.50424298371763
1000,100,True,decay=0.9,20026,0.5,49.941194542488184
1000,100,True,decay=0.9,20027,0.4,53.079013893935695
1000,100,True,decay=0.9,20028,0.56,50.60326462639025
1000,100,True,decay=0.9,20029,0.5,51.12731052756444
1000,100,True,decay=0.95,20000,0.44,51.00935176089328
1000,100,True,decay=0.95,20001,0.53,45.43569674135847
1000,100,True,decay=0.95,20002,0.47,49.45704704905515
1000,100,True,decay=0.95,20003,0.49,49.81161403555602
1000,100,True,decay=0.95,20004,0.5,49.25755108202206
1000,100,True,decay=0.95,20005,0.48,49.45293252658057
1000,100,True,decay=0.95,20006,0.5,52.95691764222753
1000,100,True,decay=0.95,20007,0.44,51.30549024843707
1000,100,True,decay=0.95,20008,0.6,49.43957884776828
1000,100,True,decay=0.95,20009,0.56,42.40764599513208
1000,100,True,decay=0.95,20010,0.48,48.12518352829005
1000,100,True,decay=0.95,20011,0.6,43.86717011543665
1000,100,True,decay=0.95,20012,0.49,50.48138207823361
1000,100,True,decay=0.95,20013,0.46,48.91531766092007
1000,100,True,decay=0.95,20014,0.53,44.06132287571039
1000,100,True,decay=0.95,20015,0.48,50.11577632378023
1000,100,True,decay=0.95,20016,0.52,46.23908444152142
1000,100,True,decay=0.95,20017,0.48,49.77759219398869
1000,100,True,decay=0.95,20018,0.61,42.86187713148083
1000,100,True,decay=0.95,20019,0.4,50.430190872076395
1000,100,True,decay=0.95,20020,0.52,52.44319657435723
1000,100,True,decay=0.95,20021,0.52,51.09077528191345
1000,100,True,decay=0.95,20022,0.52,45.63489544682487
1000,100,True,decay=0.95,20023,0.5,45.232301859953616
1000,100,True,decay=0.95,20024,0.52,44.04683276833129
1000,100,True,decay=0.95,20025,0.53,51.39635540564251
1000,100,True,decay=0.95,20026,0.5,49.31154480673696
1000,100,True,decay=0.95,20027,0.4,52.77252275365968
1000,100,True,decay=0.95,20028,0.56,50.60326462639025
1000,100,True,decay=0.95,20029,0.5,51.28782747561021
1000,100,True,decay=0.99,20000,0.42,51.11522966451641
1000,100,True,decay=0.99,20001,0.53,46.02615880693616
1000,100,True,decay=0.99,20002,0.47,49.324656546659305
1000,100,True,decay=0.99,20003,0.49,49.26524405213147
1000,100,True,decay=0.99,20004,0.5,48.87988095776602
1000,100,True,decay=0.99,20005,0.49,48.954686437340136
1000,100,True,decay=0.99,20006,0.5,52.59239548194697
1000,100,True,decay=0.99,20007,0.45,51.11944944918752
1000,100,True,decay=0.99,20008,0.6,47.008000237072515
1000,100,True,decay=0.99,20009,0.56,42.07297030711343
1000,100,True,decay=0.99,20010,0.5,46.478937027584244
1000,100,True,decay=0.99,20011,0.6,43.86717011543665
1000,100,True,decay=0.99,20012,0.49,50.67153901853984
1000,100,True,decay=0.99,20013,0.44,49.65304163753892
1000,100,True,decay=0.99,20014,0.53,43.41880993246758
1000,100,True,decay=0.99,20015,0.48,50.04618773336301
1000,100,True,decay=0.99,20016,0.52,45.43040022565389
1000,100,True,decay=0.99,20017,0.47,50.1340515848851
1000,100,True,decay=0.99,20018,0.62,43.28404582940736
1000,100,True,decay=0.99,20019,0.48,45.012112370032014
1000,100,True,decay=0.99,20020,0.52,52.2074338551574
1000,100,True,decay=0.99,20021,0.52,51.08761814666777
1000,100,True,decay=0.99,20022,0.56,44.38864933424879
1000,100,True,decay=0.99,20023,0.47,48.49214234389682
1000,100,True,decay=0.99,20024,0.52,44.00547970782598
1000,100,True,decay=0.99,20025,0.54,50.79630061900828
1000,100,True,decay=0.99,20026,0.49,50.63855135068724
1000,100,True,decay=0.99,20027,0.39,52.59959282868297
1000,100,True,decay=0.99,20028,0.56,49.925107694091146
1000,100,True,decay=0.99,20029,0.5,50.20255244829492
1000,100,True,decay=0.999,20000,0.44,50.21436861082107
1000,100,True,decay=0.999,20001,0.53,46.25189129495056
1000,100,True,decay=0.999,20002,0.46,51.25346785564594
1000,100,True,decay=0.999,20003,0.49,48.297859448999624
1000,100,True,decay=0.999,20004,0.5,48.52936011453518
1000,100,True,decay=0.999,20005,0.49,48.27605785502199
1000,100,True,decay=0.999,20006,0.5,53.353344700351364
1000,100,True,decay=0.999,20007,0.45,50.924880412739235
1000,100,True,decay=0.999,20008,0.6,46.62631587414453
1000,100,True,decay=0.999,20009,0.55,44.96216704358054
1000,100,True,decay=0.999,20010,0.52,45.071209467075874
1000,100,True,decay=0.999,20011,0.6,44.20316306751266
1000,100,True,decay=0.999,20012,0.49,50.544120015122886
1000,100,True,decay=0.999,20013,0.47,47.96385759788589
1000,100,True,decay=0.999,20014,0.53,43.06876504857093
1000,100,True,decay=0.999,20015,0.5,50.22508187171248
1000,100,True,decay=0.999,20016,0.5,46.399342112613596
1000,100,True,decay=0.999,20017,0.47,50.206731770014535
1000,100,True,decay=0.999,20018,0.62,44.05387763520744
1000,100,True,decay=0.999,20019,0.47,46.40496789143354
1000,100,True,decay=0.999,20020,0.52,51.341872766251484
1000,100,True,decay=0.999,20021,0.5,53.53673458978761
1000,100,True,decay=0.999,20022,0.56,44.33904801522328
1000,100,True,decay=0.999,20023,0.44,49.86122430064548
1000,100,True,decay=0.999,20024,0.54,46.62374639355569
1000,100,True,decay=0.999,20025,0.54,51.08446819655491
1000,100,True,decay=0.999,20026,0.48,50.1334214460937
1000,100,True,decay=0.999,20027,0.39,51.61134992686569
1000,100,True,decay=0.999,20028,0.55,50.01711680146983
1000,100,True,decay=0.999,20029,0.5,50.33958106609867
1000,100,True,decay=0.9999,20000,0.44,50.31867383036535
1000,100,True,decay=0.9999,20001,0.53,46.25189129495056
1000,100,True,decay=0.9999,20002,0.46,51.25346785564594
1000,100,True,decay=0.9999,20003,0.49,48.23877485651478
1000,100,True,decay=0.9999,20004,0.5,48.52936011453518
1000,100,True,decay=0.9999,20005,0.49,48.27605785502199
1000,100,True,decay=0.9999,20006,0.5,53.353344700351364
1000,100,True,decay=0.9999,20007,0.45,50.725684864140696
1000,100,True,decay=0.9999,20008,0.6,46.62631587414453
1000,100,True,decay=0.9999,20009,0.55,44.96216704358054
1000,100,True,decay=0.9999,20010,0.52,45.071209467075874
1000,100,True,decay=0.9999,20011,0.6,44.348232854166866
1000,100,True,decay=0.9999,20012,0.49,50.544120015122886
1000,100,True,decay=0.9999,20013,0.47,47.96385759788589
1000,100,True,decay=0.9999,20014,0.53,43.06876504857093
1000,100,True,decay=0.9999,20015,0.5,50.00810626995159
1000,100,True,decay=0.9999,20016,0.5,46.399342112613596
1000,100,True,decay=0.9999,20017,0.47,49.82389114928926
1000,100,True,decay=0.9999,20018,0.62,44.05387763520744
1000,100,True,decay=0.9999,20019,0.47,46.62150741099642
1000,100,True,decay=0.9999,20020,0.52,51.341872766251484
1000,100,True,decay=0.9999,20021,0.5,53.463123863948695
1000,100,True,decay=0.9999,20022,0.56,44.33904801522328
1000,100,True,decay=0.9999,20023,0.44,49.876383880428186
1000,100,True,decay=0.9999,20024,0.52,47.248482301241424
1000,100,True,decay=0.9999,20025,0.54,51.08446819655491
1000,100,True,decay=0.9999,20026,0.48,50.1334214460937
1000,100,True,decay=0.9999,20027,0.39,52.494083949608765
1000,100,True,decay=0.9999,20028,0.55,50.01711680146983
1000,100,True,decay=0.9999,20029,0.5,50.33958106609867
1000,100,True,decay=0.99999,20000,0.44,50.31867383036535
1000,100,True,decay=0.99999,20001,0.53,46.25189129495056
1000,100,True,decay=0.99999,20002,0.46,51.25346785564594
1000,100,True,decay=0.99999,20003,0.49,48.23877485651478
1000,100,True,decay=0.99999,20004,0.5,48.52936011453518
1000,100,True,decay=0.99999,20005,0.49,48.27605785502199
1000,100,True,decay=0.99999,20006,0.5,53.353344700351364
1000,100,True,decay=0.99999,20007,0.45,50.725684864140696
1000,100,True,decay=0.99999,20008,0.6,46.62631587414453
1000,100,True,decay=0.99999,20009,0.55,44.96216704358054
1000,100,True,decay=0.99999,20010,0.52,45.071209467075874
1000,100,True,decay=0.99999,20011,0.6,44.348232854166866
1000,100,True,decay=0.99999,20012,0.49,50.825394888045416
1000,100,True,decay=0.99999,20013,0.47,47.96385759788589
1000,100,True,decay=0.99999,20014,0.53,43.06876504857093
1000,100,True,decay=0.99999,20015,0.5,50.00810626995159
1000,100,True,decay=0.99999,20016,0.5,46.399342112613596
1000,100,True,decay=0.99999,20017,0.47,49.82389114928926
1000,100,True,decay=0.99999,20018,0.62,44.05387763520744
1000,100,True,decay=0.99999,20019,0.47,46.62150741099642
1000,100,True,decay=0.99999,20020,0.52,51.341872766251484
1000,100,True,decay=0.99999,20021,0.5,53.463123863948695
1000,100,True,decay=0.99999,20022,0.56,44.33904801522328
1000,100,True,decay=0.99999,20023,0.44,49.876383880428186
1000,100,True,decay=0.99999,20024,0.52,47.248482301241424
1000,100,True,decay=0.99999,20025,0.54,51.08446819655491
1000,100,True,decay=0.99999,20026,0.48,50.1334214460937
1000,100,True,decay=0.99999,20027,0.39,52.494083949608765
1000,100,True,decay=0.99999,20028,0.55,50.01711680146983
1000,100,True,decay=0.99999,20029,0.47,50.59522037490482
1000,100,False,constant,20000,0.54,37.97113392746736
1000,100,False,constant,20001,0.86,19.783088762686354
1000,100,False,constant,20002,0.55,49.21431056241562
1000,100,False,constant,20003,0.59,36.37034970862837
1000,100,False,constant,20004,0.73,23.22592214111374
1000,100,False,constant,20005,0.81,16.228172858079848
1000,100,False,constant,20006,0.56,39.63533520496802
1000,100,False,constant,20007,0.55,46.73008532316083
1000,100,False,constant,20008,0.77,25.532113970446773
1000,100,False,constant,20009,0.77,21.17891518112384
1000,100,False,constant,20010,0.84,18.651843687947455
1000,100,False,constant,20011,0.79,20.848625005689595
1000,100,False,constant,20012,0.62,32.615181140716466
1000,100,False,constant,20013,0.77,17.517099212145908
1000,100,False,constant,20014,0.84,14.606314494330963
1000,100,False,constant,20015,0.85,14.66614870252923
1000,100,False,constant,20016,0.54,47.74250497576476
1000,100,False,constant,20017,0.59,41.29557471934857
1000,100,False,constant,20018,0.71,29.76248708720029
1000,100,False,constant,20019,0.88,9.347816991626877
1000,100,False,constant,20020,0.87,8.469459880638137
1000,100,False,constant,20021,0.87,11.199987492120448
1000,100,False,constant,20022,0.82,22.238106924763613
1000,100,False,constant,20023,0.43,48.69239366373368
1000,100,False,constant,20024,0.9,8.209418068944359
1000,100,False,constant,20025,0.81,30.911577088171224
1000,100,False,constant,20026,0.64,36.65291642711158
1000,100,False,constant,20027,0.74,22.74335925473306
1000,100,False,constant,20028,0.56,39.64439127311644
1000,100,False,constant,20029,0.8,18.71710477220036
1000,100,False,decay=0.9,20000,0.35,59.548679400123106
1000,100,False,decay=0.9,20001,0.93,12.042461523576623
1000,100,False,decay=0.9,20002,0.51,56.091935750209224
1000,100,False,decay=0.9,20003,0.6,39.356601171044126
1000,100,False,decay=0.9,20004,0.73,27.48446654469773
1000,100,False,decay=0.9,20005,0.69,26.38715277420667
1000,100,False,decay=0.9,20006,0.67,32.519173513494344
1000,100,False,decay=0.9,20007,0.13,85.03706506974459
1000,100,False,decay=0.9,20008,0.72,29.37071844914404
1000,100,False,decay=0.9,20009,0.76,21.954016252768202
1000,100,False,decay=0.9,20010,0.86,14.201587132931877
1000,100,False,decay=0.9,20011,0.7,33.758112903141345
1000,100,False,decay=0.9,20012,0.47,48.34041949069955
1000,100,False,decay=0.9,20013,0.9,7.018946275825751
1000,100,False,decay=0.9,20014,0.86,12.889117046902953
1000,100,False,decay=0.9,20015,0.81,20.339545167705502
1000,100,False,decay=0.9,20016,0.49,48.95149568844143
1000,100,False,decay=0.9,20017,0.6,38.860381918224405
1000,100,False,decay=0.9,20018,0.73,27.49102580369014
1000,100,False,decay=0.9,20019,0.99,1.447391732586524
1000,100,False,decay=0.9,20020,0.92,11.282283153375209
1000,100,False,decay=0.9,20021,0.95,4.327565620780718
1000,100,False,decay=0.9,20022,0.82,23.25145404304548
1000,100,False,decay=0.9,20023,0.27,71.44459830950692
1000,100,False,decay=0.9,20024,0.91,9.360071524610142
1000,100,False,decay=0.9,20025,0.9,19.30384170342744
1000,100,False,decay=0.9,20026,0.26,72.15242802184096
1000,100,False,decay=0.9,20027,0.51,43.117409621868354
1000,100,False,decay=0.9,20028,0.32,67.35057520730425
1000,100,False,decay=0.9,20029,0.79,18.178004940326215
1000,100,False,decay=0.95,20000,0.35,59.548679400123106
1000,100,False,decay=0.95,20001,0.92,12.763635569249512
1000,100,False,decay=0.95,20002,0.51,56.091935750209224
1000,100,False,decay=0.95,20003,0.64,35.905045865582174
1000,100,False,decay=0.95,20004,0.71,28.253438483729802
1000,100,False,decay=0.95,20005,0.69,26.38715277420667
1000,100,False,decay=0.95,20006,0.66,33.056220768179045
1000,100,False,decay=0.95,20007,0.43,57.50114892256733
1000,100,False,decay=0.95,20008,0.72,29.37071844914404
1000,100,False,decay=0.95,20009,0.76,21.954016252768202
1000,100,False,decay=0.95,20010,0.86,14.201587132931877
1000,100,False,decay=0.95,20011,0.7,33.758112903141345
1000,100,False,decay=0.95,20012,0.48,46.292219772656246
1000,100,False,decay=0.95,20013,0.87,8.985972938712006
1000,100,False,decay=0.95,20014,0.87,11.889665628558404
1000,100,False,decay=0.95,20015,0.79,21.154789692007036
1000,100,False,decay=0.95,20016,0.49,48.95149568844143
1000,100,False,decay=0.95,20017,0.6,38.742407148519035
1000,100,False,decay=0.95,20018,0.73,27.49102580369014
1000,100,False,decay=0.95,20019,0.99,1.447391732586524
1000,100,False,decay=0.95,20020,0.95,2.4697381488619263
1000,100,False,decay=0.95,20021,0.94,5.20655011321266
1000,100,False,decay=0.95,20022,0.82,23.25145404304548
1000,100,False,decay=0.95,20023,0.5,40.26183716859527
1000,100,False,decay=0.95,20024,0.91,9.360071524610142
1000,100,False,decay=0.95,20025,0.87,21.899320694948624
1000,100,False,decay=0.95,20026,0.49,53.174969588148635
1000,100,False,decay=0.95,20027,0.63,30.896460785205868
1000,100,False,decay=0.95,20028,0.32,67.35057520730425
1000,100,False,decay=0.95,20029,0.78,18.545405028194583
1000,100,False,decay=0.99,20000,0.52,39.488349852847186
1000,100,False,decay=0.99,20001,0.88,18.469513465409264
1000,100,False,decay=0.99,20002,0.52,52.30453277245962
1000,100,False,decay=0.99,20003,0.67,31.305796713323822
1000,100,False,decay=0.99,20004,0.69,30.38842907755986
1000,100,False,decay=0.99,20005,0.68,25.196775069940394
1000,100,False,decay=0.99,20006,0.56,38.40204877299472
1000,100,False,decay=0.99,20007,0.47,54.085393477283134
1000,100,False,decay=0.99,20008,0.78,23.307957685740085
1000,100,False,decay=0.99,20009,0.79,19.600074410331004
1000,100,False,decay=0.99,20010,0.86,16.51711718237978
1000,100,False,decay=0.99,20011,0.79,20.009922581624465
1000,100,False,decay=0.99,20012,0.48,47.35315825018854
1000,100,False,decay=0.99,20013,0.83,12.644667116574926
1000,100,False,decay=0.99,20014,0.86,13.173480622130803
1000,100,False,decay=0.99,20015,0.86,15.048652177766849
1000,100,False,decay=0.99,20016,0.82,19.784128111151507
1000,100,False,decay=0.99,20017,0.65,33.845160125022275
1000,100,False,decay=0.99,20018,0.73,27.98085986455297
1000,100,False,decay=0.99,20019,0.9,7.901381972220291
1000,100,False,decay=0.99,20020,0.91,6.760820892618581
1000,100,False,decay=0.99,20021,0.91,6.739093451966137
1000,100,False,decay=0.99,20022,0.8,24.306121976800675
1000,100,False,decay=0.99,20023,0.46,49.73442117857115
1000,100,False,decay=0.99,20024,0.96,2.9370143409679024
1000,100,False,decay=0.99,20025,0.82,29.328837476923763
1000,100,False,decay=0.99,20026,0.64,36.23873812261926
1000,100,False,decay=0.99,20027,0.62,31.336636992070407
1000,100,False,decay=0.99,20028,0.54,48.0675857800203
1000,100,False,decay=0.99,20029,0.77,19.05112425148544
1000,100,False,decay=0.999,20000,0.54,37.97113392746736
1000,100,False,decay=0.999,20001,0.87,19.010271929647125
1000,100,False,decay=0.999,20002,0.55,49.21431056241562
1000,100,False,decay=0.999,20003,0.57,37.75261635253475
1000,100,False,decay=0.999,20004,0.74,23.3091282515316
1000,100,False,decay=0.999,20005,0.81,16.228172858079848
1000,100,False,decay=0.999,20006,0.56,39.63533520496802
1000,100,False,decay=0.999,20007,0.46,53.35863658582391
1000,100,False,decay=0.999,20008,0.77,25.532113970446773
1000,100,False,decay=0.999,20009,0.77,21.17891518112384
1000,100,False,decay=0.999,20010,0.84,18.651843687947455
1000,100,False,decay=0.999,20011,0.78,20.627182420916476
1000,100,False,decay=0.999,20012,0.48,46.87375359887142
1000,100,False,decay=0.999,20013,0.77,17.517099212145908
1000,100,False,decay=0.999,20014,0.86,13.68286936733066
1000,100,False,decay=0.999,20015,0.85,14.66614870252923
1000,100,False,decay=0.999,20016,0.8,20.508344246173873
1000,100,False,decay=0.999,20017,0.58,41.299794404856726
1000,100,False,decay=0.999,20018,0.71,29.76248708720029
1000,100,False,decay=0.999,20019,0.89,8.547720840926686
1000,100,False,decay=0.999,20020,0.87,8.469459880638137
1000,100,False,decay=0.999,20021,0.88,10.559455272521047
1000,100,False,decay=0.999,20022,0.82,22.238106924763613
1000,100,False,decay=0.999,20023,0.43,48.69239366373368
1000,100,False,decay=0.999,20024,0.93,5.6466718545023165
1000,100,False,decay=0.999,20025,0.81,30.911577088171224
1000,100,False,decay=0.999,20026,0.64,36.65291642711158
1000,100,False,decay=0.999,20027,0.6,31.34523324509606
1000,100,False,decay=0.999,20028,0.56,39.64439127311644
1000,100,False,decay=0.999,20029,0.8,18.71710477220036
1000,100,False,decay=0.9999,20000,0.54,37.97113392746736
1000,100,False,decay=0.9999,20001,0.86,19.783088762686354
1000,100,False,decay=0.9999,20002,0.55,49.21431056241562
1000,100,False,decay=0.9999,20003,0.57,37.75261635253475
1000,100,False,decay=0.9999,20004,0.73,23.22592214111374
1000,100,False,decay=0.9999,20005,0.81,16.228172858079848
1000,100,False,decay=0.9999,20006,0.56,39.63533520496802
1000,100,False,decay=0.9999,20007,0.55,46.73008532316083
1000,100,False,decay=0.9999,20008,0.77,25.532113970446773
1000,100,False,decay=0.9999,20009,0.77,21.17891518112384
1000,100,False,decay=0.9999,20010,0.84,18.651843687947455
1000,100,False,decay=0.9999,20011,0.79,20.848625005689595
1000,100,False,decay=0.9999,20012,0.63,31.789712151680266
1000,100,False,decay=0.9999,20013,0.77,17.517099212145908
1000,100,False,decay=0.9999,20014,0.84,14.606314494330963
1000,100,False,decay=0.9999,20015,0.85,14.66614870252923
1000,100,False,decay=0.9999,20016,0.54,47.74250497576476
1000,100,False,decay=0.9999,20017,0.59,41.29557471934857
1000,100,False,decay=0.9999,20018,0.71,29.76248708720029
1000,100,False,decay=0.9999,20019,0.88,9.347816991626877
1000,100,False,decay=0.9999,20020,0.87,8.469459880638137
1000,100,False,decay=0.9999,20021,0.87,11.199987492120448
1000,100,False,decay=0.9999,20022,0.82,22.238106924763613
1000,100,False,decay=0.9999,20023,0.43,48.69239366373368
1000,100,False,decay=0.9999,20024,0.9,10.943986228791381
1000,100,False,decay=0.9999,20025,0.81,30.911577088171224
1000,100,False,decay=0.9999,20026,0.64,36.65291642711158
1000,100,False,decay=0.9999,20027,0.74,22.74335925473306
1000,100,False,decay=0.9999,20028,0.56,39.64439127311644
1000,100,False,decay=0.9999,20029,0.8,18.71710477220036
1000,100,False,decay=0.99999,20000,0.54,37.97113392746736
1000,100,False,decay=0.99999,20001,0.86,19.783088762686354
1000,100,False,decay=0.99999,20002,0.55,49.21431056241562
1000,100,False,decay=0.99999,20003,0.59,36.37034970862837
1000,100,False,decay=0.99999,20004,0.73,23.22592214111374
1000,100,False,decay=0.99999,20005,0.81,16.228172858079848
1000,100,False,decay=0.99999,20006,0.56,39.63533520496802
1000,100,False,decay=0.99999,20007,0.55,46.73008532316083
1000,100,False,decay=0.99999,20008,0.77,25.532113970446773
1000,100,False,decay=0.99999,20009,0.77,21.17891518112384
1000,100,False,decay=0.99999,20010,0.84,18.651843687947455
1000,100,False,decay=0.99999,20011,0.79,20.848625005689595
1000,100,False,decay=0.99999,20012,0.62,32.615181140716466
1000,100,False,decay=0.99999,20013,0.77,17.517099212145908
1000,100,False,decay=0.99999,20014,0.84,14.606314494330963
1000,100,False,decay=0.99999,20015,0.85,14.66614870252923
1000,100,False,decay=0.99999,20016,0.54,47.74250497576476
1000,100,False,decay=0.99999,20017,0.59,41.29557471934857
1000,100,False,decay=0.99999,20018,0.71,29.76248708720029
1000,100,False,decay=0.99999,20019,0.88,9.347816991626877
1000,100,False,decay=0.99999,20020,0.87,8.469459880638137
1000,100,False,decay=0.99999,20021,0.87,11.199987492120448
1000,100,False,decay=0.99999,20022,0.82,22.238106924763613
1000,100,False,decay=0.99999,20023,0.43,48.69239366373368
1000,100,False,decay=0.99999,20024,0.9,8.209418068944359
1000,100,False,decay=0.99999,20025,0.81,30.911577088171224
1000,100,False,decay=0.99999,20026,0.64,36.65291642711158
1000,100,False,decay=0.99999,20027,0.74,22.74335925473306
1000,100,False,decay=0.99999,20028,0.56,39.64439127311644
1000,100,False,decay=0.99999,20029,0.8,18.71710477220036
1000,1000,True,constant,20000,0.531,452.82538462307906
1000,1000,True,constant,20001,0.546,455.62908931276917
1000,1000,True,constant,20002,0.528,457.15948047935717
1000,1000,True,constant,20003,0.538,446.1641294096706
1000,1000,True,constant,20004,0.515,476.4500002408868
1000,1000,True,constant,20005,0.55,459.8381973135075
1000,1000,True,constant,20006,0.549,454.2247937140324
1000,1000,True,constant,20007,0.549,454.16038629572216
1000,1000,True,constant,20008,0.547,468.323804199691
1000,1000,True,constant,20009,0.552,461.95355604958723
1000,1000,True,constant,20010,0.572,441.7238551326709
1000,1000,True,constant,20011,0.564,441.1557255389751
1000,1000,True,constant,20012,0.552,451.13635550151366
1000,1000,True,constant,20013,0.569,450.57859980151574
1000,1000,True,constant,20014,0.547,436.52292044221605
1000,1000,True,constant,20015,0.533,460.3395130498759
1000,1000,True,constant,20016,0.542,451.8875658360002
1000,1000,True,constant,20017,0.553,450.1418381594169
1000,1000,True,constant,20018,0.532,464.63942484680814
1000,1000,True,constant,20019,0.538,453.8213093085105
1000,1000,True,constant,20020,0.554,447.693679454183
1000,1000,True,constant,20021,0.541,443.6217652471184
1000,1000,True,constant,20022,0.556,444.15279708193094
1000,1000,True,constant,20023,0.511,472.7091114179883
1000,1000,True,constant,20024,0.571,436.08909671560485
1000,1000,True,constant,20025,0.541,458.24251189610237
1000,1000,True,constant,20026,0.568,452.00893327618905
1000,1000,True,constant,20027,0.537,467.6910207714274
1000,1000,True,constant,20028,0.551,458.32502858452943
1000,1000,True,constant,20029,0.567,443.00940637709664
1000,1000,True,decay=0.9,20000,0.53,460.344754012918
1000,1000,True,decay=0.9,20001,0.548,451.7380911983754
1000,1000,True,decay=0.9,20002,0.53,460.7889849038315
1000,1000,True,decay=0.9,20003,0.52,448.5190205591889
1000,1000,True,decay=0.9,20004,0.523,470.74860494943243
1000,1000,True,decay=0.9,20005,0.549,460.779853781246
1000,1000,True,decay=0.9,20006,0.563,440.4781032432561
1000,1000,True,decay=0.9,20007,0.55,453.483854251724
1000,1000,True,decay=0.9,20008,0.555,461.4050602353498
1000,1000,True,decay=0.9,20009,0.551,442.47214453270055
1000,1000,True,decay=0.9,20010,0.561,444.28616307054534
1000,1000,True,decay=0.9,20011,0.571,434.26648081657623
1000,1000,True,decay=0.9,20012,0.541,461.5404450164157
1000,1000,True,decay=0.9,20013,0.554,431.55500610478236
1000,1000,True,decay=0.9,20014,0.572,435.6696585297813
1000,1000,True,decay=0.9,20015,0.569,439.88118067586976
1000,1000,True,decay=0.9,20016,0.568,446.1910615213006
1000,1000,True,decay=0.9,20017,0.562,451.30135196018074
1000,1000,True,decay=0.9,20018,0.544,446.61323306092805
1000,1000,True,decay=0.9,20019,0.51,457.99081613610036
1000,1000,True,decay=0.9,20020,0.556,450.94777898933535
1000,1000,True,decay=0.9,20021,0.542,443.92381571536566
1000,1000,True,decay=0.9,20022,0.552,441.63772427339296
1000,1000,True,decay=0.9,20023,0.542,451.63714596950183
1000,1000,True,decay=0.9,20024,0.558,436.7215359780118
1000,1000,True,decay=0.9,20025,0.542,446.4378288346452
1000,1000,True,decay=0.9,20026,0.561,455.1024970180651
1000,1000,True,decay=0.9,20027,0.547,452.667678218216
1000,1000,True,decay=0.9,20028,0.553,453.66633621284666
1000,1000,True,decay=0.9,20029,0.549,446.46690694618735
1000,1000,True,decay=0.95,20000,0.543,449.15698190155945
1000,1000,True,decay=0.95,20001,0.548,451.7380911983754
1000,1000,True,decay=0.95,20002,0.53,460.7889849038315
1000,1000,True,decay=0.95,20003,0.52,448.5190205591889
1000,1000,True,decay=0.95,20004,0.527,465.5880185195831
1000,1000,True,decay=0.95,20005,0.549,460.779853781246
1000,1000,True,decay=0.95,20006,0.563,440.46032951218825
1000,1000,True,decay=0.95,20007,0.55,453.5391954746036
1000,1000,True,decay=0.95,20008,0.555,461.4050602353498
1000,1000,True,decay=0.95,20009,0.551,442.47214453270055
1000,1000,True,decay=0.95,20010,0.561,444.28616307054534
1000,1000,True,decay=0.95,20011,0.571,434.26648081657623
1000,1000,True,decay=0.95,20012,0.541,461.5404450164157
1000,1000,True,decay=0.95,20013,0.55,435.35315375128386
1000,1000,True,decay=0.95,20014,0.572,435.0594705206494
1000,1000,True,decay=0.95,20015,0.538,449.5204133084535
1000,1000,True,decay=0.95,20016,0.568,446.1910615213006
1000,1000,True,decay=0.95,20017,0.562,451.3140227232622
1000,1000,True,decay=0.95,20018,0.544,446.61323306092805
1000,1000,True,decay=0.95,20019,0.539,447.6468976680972
1000,1000,True,decay=0.95,20020,0.556,450.94777898933535
1000,1000,True,decay=0.95,20021,0.542,443.53443464817786
1000,1000,True,decay=0.95,20022,0.552,441.63772427339296
1000,1000,True,decay=0.95,20023,0.556,442.402110602972
1000,1000,True,decay=0.95,20024,0.558,436.62006670562863
1000,1000,True,decay=0.95,20025,0.549,444.873209107758
1000,1000,True,decay=0.95,20026,0.567,446.09082892736103
1000,1000,True,decay=0.95,20027,0.547,452.3611870779399
1000,1000,True,decay=0.95,20028,0.553,453.66633621284666
1000,1000,True,decay=0.95,20029,0.549,446.6274238942331
1000,1000,True,decay=0.99,20000,0.546,444.5344494922111
1000,1000,True,decay=0.99,20001,0.55,453.1776665334086
1000,1000,True,decay=0.99,20002,0.527,456.70865533115506
1000,1000,True,decay=0.99,20003,0.518,450.51981977222084
1000,1000,True,decay=0.99,20004,0.527,465.0055607531634
1000,1000,True,decay=0.99,20005,0.565,442.9104776859841
1000,1000,True,decay=0.99,20006,0.558,438.2747595872226
1000,1000,True,decay=0.99,20007,0.557,450.13192271631516
1000,1000,True,decay=0.99,20008,0.542,473.0241262427533
1000,1000,True,decay=0.99,20009,0.547,441.39283625740126
1000,1000,True,decay=0.99,20010,0.556,453.478171822703
1000,1000,True,decay=0.99,20011,0.567,449.8209373757442
1000,1000,True,decay=0.99,20012,0.539,459.09041639075014
1000,1000,True,decay=0.99,20013,0.566,427.7777132691141
1000,1000,True,decay=0.99,20014,0.561,443.15782312338507
1000,1000,True,decay=0.99,20015,0.541,450.6140432805246
1000,1000,True,decay=0.99,20016,0.541,450.7338484451639
1000,1000,True,decay=0.99,20017,0.565,447.8106728770692
1000,1000,True,decay=0.99,20018,0.545,453.4182876699977
1000,1000,True,decay=0.99,20019,0.538,449.78401864544173
1000,1000,True,decay=0.99,20020,0.556,453.7450964925887
1000,1000,True,decay=0.99,20021,0.517,443.02108801572393
1000,1000,True,decay=0.99,20022,0.566,447.66047020379364
1000,1000,True,decay=0.99,20023,0.521,461.351239894731
1000,1000,True,decay=0.99,20024,0.562,429.537484598489
1000,1000,True,decay=0.99,20025,0.56,436.13262345941365
1000,1000,True,decay=0.99,20026,0.555,451.53083096236946
1000,1000,True,decay=0.99,20027,0.55,449.3426894212826
1000,1000,True,decay=0.99,20028,0.553,455.6432807175347
1000,1000,True,decay=0.99,20029,0.563,437.6108708507811
1000,1000,True,decay=0.999,20000,0.538,453.60309045832884
1000,1000,True,decay=0.999,20001,0.554,451.9881270344475
1000,1000,True,decay=0.999,20002,0.546,457.3691506924667
1000,1000,True,decay=0.999,20003,0.543,438.46903363050524
1000,1000,True,decay=0.999,20004,0.516,477.5186420157412
1000,1000,True,decay=0.999,20005,0.536,462.0622204734787
1000,1000,True,decay=0.999,20006,0.576,445.9772291306901
1000,1000,True,decay=0.999,20007,0.546,450.0056855177985
1000,1000,True,decay=0.999,20008,0.539,471.101046061597
1000,1000,True,decay=0.999,20009,0.574,435.3319903554732
1000,1000,True,decay=0.999,20010,0.583,438.3781053266322
1000,1000,True,decay=0.999,20011,0.55,438.6004675751987
1000,1000,True,decay=0.999,20012,0.552,456.13701419519225
1000,1000,True,decay=0.999,20013,0.565,448.5404662227454
1000,1000,True,decay=0.999,20014,0.574,434.52326306805423
1000,1000,True,decay=0.999,20015,0.542,447.1362499012133
1000,1000,True,decay=0.999,20016,0.547,449.638901473131
1000,1000,True,decay=0.999,20017,0.54,454.10777375552277
1000,1000,True,decay=0.999,20018,0.54,458.63960901239267
1000,1000,True,decay=0.999,20019,0.537,452.47135986281853
1000,1000,True,decay=0.999,20020,0.548,454.71769729627835
1000,1000,True,decay=0.999,20021,0.545,441.5500081694296
1000,1000,True,decay=0.999,20022,0.571,442.1391338090582
1000,1000,True,decay=0.999,20023,0.528,453.68255406455614
1000,1000,True,decay=0.999,20024,0.578,428.8318020692278
1000,1000,True,decay=0.999,20025,0.537,455.7527721121493
1000,1000,True,decay=0.999,20026,0.572,445.78667967653837
1000,1000,True,decay=0.999,20027,0.551,451.99971102202994
1000,1000,True,decay=0.999,20028,0.565,445.606948051721
1000,1000,True,decay=0.999,20029,0.577,443.8702405107588
1000,1000,True,decay=0.9999,20000,0.532,452.54295670346715
1000,1000,True,decay=0.9999,20001,0.547,455.6870163732326
1000,1000,True,decay=0.9999,20002,0.528,457.18938456730194
1000,1000,True,decay=0.9999,20003,0.535,446.5256557506463
1000,1000,True,decay=0.9999,20004,0.529,474.77873052544527
1000,1000,True,decay=0.9999,20005,0.542,459.1169086708144
1000,1000,True,decay=0.9999,20006,0.554,454.0850486369064
1000,1000,True,decay=0.9999,20007,0.552,450.1289984513746
1000,1000,True,decay=0.9999,20008,0.557,466.8683247243565
1000,1000,True,decay=0.9999,20009,0.57,449.16179981176856
1000,1000,True,decay=0.9999,20010,0.559,448.66101082403446
1000,1000,True,decay=0.9999,20011,0.557,449.96897429608583
1000,1000,True,decay=0.9999,20012,0.543,456.6567661900608
1000,1000,True,decay=0.9999,20013,0.568,442.1321381319125
1000,1000,True,decay=0.9999,20014,0.548,438.35402936032625
1000,1000,True,decay=0.9999,20015,0.537,456.75969743812175
1000,1000,True,decay=0.9999,20016,0.522,461.9920266058431
1000,1000,True,decay=0.9999,20017,0.554,449.5238049132663
1000,1000,True,decay=0.9999,20018,0.531,464.25198276096563
1000,1000,True,decay=0.9999,20019,0.543,451.95423959445947
1000,1000,True,decay=0.9999,20020,0.551,446.39089125992524
1000,1000,True,decay=0.9999,20021,0.537,444.1709124732862
1000,1000,True,decay=0.9999,20022,0.561,445.1280887252968
1000,1000,True,decay=0.9999,20023,0.52,467.98589106610154
1000,1000,True,decay=0.9999,20024,0.571,436.47668980486065
1000,1000,True,decay=0.9999,20025,0.545,461.3452905385336
1000,1000,True,decay=0.9999,20026,0.568,450.5289883482341
1000,1000,True,decay=0.9999,20027,0.54,465.15549050773336
1000,1000,True,decay=0.9999,20028,0.555,457.7982326640327
1000,1000,True,decay=0.9999,20029,0.568,446.5900927179811
1000,1000,True,decay=0.99999,20000,0.531,452.82538462307906
1000,1000,True,decay=0.99999,20001,0.546,455.62908931276917
1000,1000,True,decay=0.99999,20002,0.529,457.5601172864686
1000,1000,True,decay=0.99999,20003,0.538,446.1641294096706
1000,1000,True,decay=0.99999,20004,0.515,476.4500002408868
1000,1000,True,decay=0.99999,20005,0.55,459.8381973135075
1000,1000,True,decay=0.99999,20006,0.549,454.2247937140324
1000,1000,True,decay=0.99999,20007,0.549,454.16038629572216
1000,1000,True,decay=0.99999,20008,0.547,468.323804199691
1000,1000,True,decay=0.99999,20009,0.552,460.9627427029484
1000,1000,True,decay=0.99999,20010,0.572,441.7238551326709
1000,1000,True,decay=0.99999,20011,0.564,441.1557255389751
1000,1000,True,decay=0.99999,20012,0.552,451.13635550151366
1000,1000,True,decay=0.99999,20013,0.569,450.57859980151574
1000,1000,True,decay=0.99999,20014,0.54,438.8424025697543
1000,1000,True,decay=0.99999,20015,0.533,460.3395130498759
1000,1000,True,decay=0.99999,20016,0.542,451.8875658360002
1000,1000,True,decay=0.99999,20017,0.553,450.1418381594169
1000,1000,True,decay=0.99999,20018,0.534,463.0527230884914
1000,1000,True,decay=0.99999,20019,0.538,453.8213093085105
1000,1000,True,decay=0.99999,20020,0.554,447.74072650788196
1000,1000,True,decay=0.99999,20021,0.541,443.80747944554327
1000,1000,True,decay=0.99999,20022,0.555,446.37827941932085
1000,1000,True,decay=0.99999,20023,0.519,466.7675887662531
1000,1000,True,decay=0.99999,20024,0.571,436.08909671560485
1000,1000,True,decay=0.99999,20025,0.541,458.24251189610237
1000,1000,True,decay=0.99999,20026,0.568,452.00893327618905
1000,1000,True,decay=0.99999,20027,0.538,466.19493418163756
1000,1000,True,decay=0.99999,20028,0.551,458.7554044012575
1000,1000,True,decay=0.99999,20029,0.567,443.0811275168283
1000,1000,False,constant,20000,0.846,141.04405914801842
1000,1000,False,constant,20001,0.884,121.75902850294915
1000,1000,False,constant,20002,0.826,174.52988912772707
1000,1000,False,constant,20003,0.865,122.63877615585768
1000,1000,False,constant,20004,0.866,126.03401253635504
1000,1000,False,constant,20005,0.895,98.70728622181218
1000,1000,False,constant,20006,0.831,171.74466199953994
1000,1000,False,constant,20007,0.851,159.372293175326
1000,1000,False,constant,20008,0.891,102.73747726306553
1000,1000,False,constant,20009,0.874,127.01406999664948
1000,1000,False,constant,20010,0.898,111.21024321846953
1000,1000,False,constant,20011,0.869,142.5708057637852
1000,1000,False,constant,20012,0.827,169.2509519025653
1000,1000,False,constant,20013,0.879,115.75979056809628
1000,1000,False,constant,20014,0.876,122.71472569574493
1000,1000,False,constant,20015,0.882,111.93195539132917
1000,1000,False,constant,20016,0.845,167.34113226753988
1000,1000,False,constant,20017,0.815,188.75538219507786
1000,1000,False,constant,20018,0.875,128.8109356231317
1000,1000,False,constant,20019,0.907,98.3708990554966
1000,1000,False,constant,20020,0.895,107.4641220918806
1000,1000,False,constant,20021,0.91,83.77939429745226
1000,1000,False,constant,20022,0.887,118.49002447171168
1000,1000,False,constant,20023,0.778,216.02407833897536
1000,1000,False,constant,20024,0.898,102.3893228165567
1000,1000,False,constant,20025,0.87,147.8339325278314
1000,1000,False,constant,20026,0.878,137.47055245080935
1000,1000,False,constant,20027,0.859,140.36007832798344
1000,1000,False,constant,20028,0.859,136.5936884064442
1000,1000,False,constant,20029,0.855,140.20656280107875
1000,1000,False,decay=0.9,20000,0.393,592.9386917201113
1000,1000,False,decay=0.9,20001,0.874,120.42461523576549
1000,1000,False,decay=0.9,20002,0.485,509.4086060093531
1000,1000,False,decay=0.9,20003,0.606,390.9359089381235
1000,1000,False,decay=0.9,20004,0.721,274.8446654469754
1000,1000,False,decay=0.9,20005,0.741,260.0114287143144
1000,1000,False,decay=0.9,20006,0.684,325.19173513494303
1000,1000,False,decay=0.9,20007,0.138,862.0717868332097
1000,1000,False,decay=0.9,20008,0.731,279.1841616693795
1000,1000,False,decay=0.9,20009,0.801,214.95476594007016
1000,1000,False,decay=0.9,20010,0.899,104.68217800754314
1000,1000,False,decay=0.9,20011,0.681,337.58112903141705
1000,1000,False,decay=0.9,20012,0.514,483.40419490699554
1000,1000,False,decay=0.9,20013,0.945,62.328196489824684
1000,1000,False,decay=0.9,20014,0.937,57.948672837591694
1000,1000,False,decay=0.9,20015,0.804,184.53834806189056
1000,1000,False,decay=0.9,20016,0.52,484.05477841537913
1000,1000,False,decay=0.9,20017,0.618,391.3221259438992
1000,1000,False,decay=0.9,20018,0.761,231.56721952547846
1000,1000,False,decay=0.9,20019,0.997,3.6655355216122025
1000,1000,False,decay=0.9,20020,0.899,105.89285022583304
1000,1000,False,decay=0.9,20021,0.976,24.685651140222646
1000,1000,False,decay=0.9,20022,0.78,225.87414903883567
1000,1000,False,decay=0.9,20023,0.285,713.7877851601675
1000,1000,False,decay=0.9,20024,0.912,85.6243768014823
1000,1000,False,decay=0.9,20025,0.815,189.7013842601087
1000,1000,False,decay=0.9,20026,0.275,720.5995777225314
1000,1000,False,decay=0.9,20027,0.585,422.91720647753266
1000,1000,False,decay=0.9,20028,0.334,673.5057520730485
1000,1000,False,decay=0.9,20029,0.813,181.78004940326431
1000,1000,False,decay=0.95,20000,0.393,592.9386917201113
1000,1000,False,decay=0.95,20001,0.873,121.14578928143835
1000,1000,False,decay=0.95,20002,0.485,509.4086060093531
1000,1000,False,decay=0.95,20003,0.75,246.28436386376097
1000,1000,False,decay=0.95,20004,0.719,275.6136373860074
1000,1000,False,decay=0.95,20005,0.741,260.0114287143144
1000,1000,False,decay=0.95,20006,0.683,325.72878238962767
1000,1000,False,decay=0.95,20007,0.746,258.20274202416584
1000,1000,False,decay=0.95,20008,0.731,279.1841616693795
1000,1000,False,decay=0.95,20009,0.801,214.95476594007016
1000,1000,False,decay=0.95,20010,0.899,104.68217800754314
1000,1000,False,decay=0.95,20011,0.681,337.58112903141705
1000,1000,False,decay=0.95,20012,0.515,481.35599518895225
1000,1000,False,decay=0.95,20013,0.942,64.29522315271095
1000,1000,False,decay=0.95,20014,0.938,56.949221419247074
1000,1000,False,decay=0.95,20015,0.802,185.3535925861921
1000,1000,False,decay=0.95,20016,0.52,484.05477841537913
1000,1000,False,decay=0.95,20017,0.618,391.20415117419384
1000,1000,False,decay=0.95,20018,0.761,231.56721952547846
1000,1000,False,decay=0.95,20019,0.997,3.6655355216122025
1000,1000,False,decay=0.95,20020,0.99,6.9520040387989805
1000,1000,False,decay=0.95,20021,0.974,26.8918571481844
1000,1000,False,decay=0.95,20022,0.78,225.87414903883567
1000,1000,False,decay=0.95,20023,0.647,331.74342184026585
1000,1000,False,decay=0.95,20024,0.912,85.6243768014823
1000,1000,False,decay=0.95,20025,0.812,192.2968632516298
1000,1000,False,decay=0.95,20026,0.703,330.32401949921956
1000,1000,False,decay=0.95,20027,0.803,207.6358894630157
1000,1000,False,decay=0.95,20028,0.334,673.5057520730485
1000,1000,False,decay=0.95,20029,0.812,182.1474494911327
1000,1000,False,decay=0.99,20000,0.752,241.79695458987746
1000,1000,False,decay=0.99,20001,0.866,129.5372247472949
1000,1000,False,decay=0.99,20002,0.792,212.96289290721646
1000,1000,False,decay=0.99,20003,0.88,109.29123248276743
1000,1000,False,decay=0.99,20004,0.946,57.724331950028954
1000,1000,False,decay=0.99,20005,0.835,149.54726987453068
1000,1000,False,decay=0.99,20006,0.672,331.3052833394264
1000,1000,False,decay=0.99,20007,0.927,72.8791884346878
1000,1000,False,decay=0.99,20008,0.934,66.22990604760928
1000,1000,False,decay=0.99,20009,0.871,138.4038887235596
1000,1000,False,decay=0.99,20010,0.943,65.7207224896721
1000,1000,False,decay=0.99,20011,0.895,113.34195700891573
1000,1000,False,decay=0.99,20012,0.514,483.2814136757086
1000,1000,False,decay=0.99,20013,0.937,69.60703341390571
1000,1000,False,decay=0.99,20014,0.933,64.14982957838696
1000,1000,False,decay=0.99,20015,0.968,29.18565076819302
1000,1000,False,decay=0.99,20016,0.978,23.08509787639171
1000,1000,False,decay=0.99,20017,0.945,63.420310383035414
1000,1000,False,decay=0.99,20018,0.761,232.21578036779073
1000,1000,False,decay=0.99,20019,0.986,13.344648193894125
1000,1000,False,decay=0.99,20020,0.983,14.53907120256867
1000,1000,False,decay=0.99,20021,0.967,30.39068278507591
1000,1000,False,decay=0.99,20022,0.943,65.27599315857836
1000,1000,False,decay=0.99,20023,0.885,105.80512858277405
1000,1000,False,decay=0.99,20024,0.99,9.85365422031381
1000,1000,False,decay=0.99,20025,0.799,205.98561285809907
1000,1000,False,decay=0.99,20026,0.717,313.9839147462989
1000,1000,False,decay=0.99,20027,0.935,55.676056268778694
1000,1000,False,decay=0.99,20028,0.926,67.51641024838102
1000,1000,False,decay=0.99,20029,0.889,111.4193144341916
1000,1000,False,decay=0.999,20000,0.886,101.87417143992239
1000,1000,False,decay=0.999,20001,0.898,107.59708896694197
1000,1000,False,decay=0.999,20002,0.844,154.9742916069484
1000,1000,False,decay=0.999,20003,0.873,115.57215298022892
1000,1000,False,decay=0.999,20004,0.892,93.67548956890505
1000,1000,False,decay=0.999,20005,0.9,92.70332601901447
1000,1000,False,decay=0.999,20006,0.853,148.90198064497562
1000,1000,False,decay=0.999,20007,0.871,132.53204027502696
1000,1000,False,decay=0.999,20008,0.913,86.37411682884114
1000,1000,False,decay=0.999,20009,0.899,103.85442833197696
1000,1000,False,decay=0.999,20010,0.906,99.12137710891155
1000,1000,False,decay=0.999,20011,0.915,87.07957811379308
1000,1000,False,decay=0.999,20012,0.842,147.29588634153538
1000,1000,False,decay=0.999,20013,0.913,88.07721592177717
1000,1000,False,decay=0.999,20014,0.907,88.71387391226123
1000,1000,False,decay=0.999,20015,0.918,73.79246639046035
1000,1000,False,decay=0.999,20016,0.923,72.34045560679623
1000,1000,False,decay=0.999,20017,0.88,127.72899964326494
1000,1000,False,decay=0.999,20018,0.913,93.1786120408157
1000,1000,False,decay=0.999,20019,0.935,69.89854478138624
1000,1000,False,decay=0.999,20020,0.914,78.96872723593704
1000,1000,False,decay=0.999,20021,0.93,65.44657115162236
1000,1000,False,decay=0.999,20022,0.909,94.57818661902438
1000,1000,False,decay=0.999,20023,0.871,116.01284775149888
1000,1000,False,decay=0.999,20024,0.936,72.23601853984293
1000,1000,False,decay=0.999,20025,0.904,112.52351019993736
1000,1000,False,decay=0.999,20026,0.902,110.720218621926
1000,1000,False,decay=0.999,20027,0.894,92.9405549892592
1000,1000,False,decay=0.999,20028,0.863,128.0457291330327
1000,1000,False,decay=0.999,20029,0.891,115.43164104444423
1000,1000,False,decay=0.9999,20000,0.848,139.8449362752748
1000,1000,False,decay=0.9999,20001,0.887,119.30836372492864
1000,1000,False,decay=0.9999,20002,0.812,182.1882533468219
1000,1000,False,decay=0.9999,20003,0.855,121.1852111274141
1000,1000,False,decay=0.9999,20004,0.867,122.47594999533204
1000,1000,False,decay=0.9999,20005,0.887,106.43640202378718
1000,1000,False,decay=0.9999,20006,0.831,175.62847268026442
1000,1000,False,decay=0.9999,20007,0.859,147.7418931394082
1000,1000,False,decay=0.9999,20008,0.894,105.51690732653555
1000,1000,False,decay=0.9999,20009,0.884,119.02529086257144
1000,1000,False,decay=0.9999,20010,0.902,99.24849063717257
1000,1000,False,decay=0.9999,20011,0.875,133.06469451640277
1000,1000,False,decay=0.9999,20012,0.876,118.2319826083837
1000,1000,False,decay=0.9999,20013,0.878,123.38688871292347
1000,1000,False,decay=0.9999,20014,0.885,110.24433682198423
1000,1000,False,decay=0.9999,20015,0.886,109.37439352556515
1000,1000,False,decay=0.9999,20016,0.847,157.6664980282466
1000,1000,False,decay=0.9999,20017,0.817,185.25813893558384
1000,1000,False,decay=0.9999,20018,0.892,112.50317208131884
1000,1000,False,decay=0.9999,20019,0.91,94.88466431567385
1000,1000,False,decay=0.9999,20020,0.899,101.6529611870183
1000,1000,False,decay=0.9999,20021,0.911,80.87179963661026
1000,1000,False,decay=0.9999,20022,0.901,104.9857455491434
1000,1000,False,decay=0.9999,20023,0.837,153.7196218678809
1000,1000,False,decay=0.9999,20024,0.904,93.58710843573427
1000,1000,False,decay=0.9999,20025,0.873,148.60284883403952
1000,1000,False,decay=0.9999,20026,0.884,122.98074296860766
1000,1000,False,decay=0.9999,20027,0.86,139.56667574360372
1000,1000,False,decay=0.9999,20028,0.864,131.19922413257618
1000,1000,False,decay=0.9999,20029,0.862,142.44799480773537
1000,1000,False,decay=0.99999,20000,0.846,141.04405914801842
1000,1000,False,decay=0.99999,20001,0.885,120.8268644687685
1000,1000,False,decay=0.99999,20002,0.826,174.52988912772707
1000,1000,False,decay=0.99999,20003,0.865,122.63877615585768
1000,1000,False,decay=0.99999,20004,0.866,126.03401253635504
1000,1000,False,decay=0.99999,20005,0.895,98.70728622181218
1000,1000,False,decay=0.99999,20006,0.831,171.74466199953994
1000,1000,False,decay=0.99999,20007,0.851,159.372293175326
1000,1000,False,decay=0.99999,20008,0.891,102.73747726306553
1000,1000,False,decay=0.99999,20009,0.874,127.01406999664948
1000,1000,False,decay=0.99999,20010,0.898,111.21024321846953
1000,1000,False,decay=0.99999,20011,0.871,140.62643529578057
1000,1000,False,decay=0.99999,20012,0.828,169.21038517695555
1000,1000,False,decay=0.99999,20013,0.88,115.04507663444548
1000,1000,False,decay=0.99999,20014,0.882,118.70463363488176
1000,1000,False,decay=0.99999,20015,0.882,111.93195539132917
1000,1000,False,decay=0.99999,20016,0.845,167.34113226753988
1000,1000,False,decay=0.99999,20017,0.815,188.75538219507786
1000,1000,False,decay=0.99999,20018,0.877,128.60563949978274
1000,1000,False,decay=0.99999,20019,0.907,98.3708990554966
1000,1000,False,decay=0.99999,20020,0.893,99.10123065032548
1000,1000,False,decay=0.99999,20021,0.91,83.77939429745226
1000,1000,False,decay=0.99999,20022,0.887,118.49002447171168
1000,1000,False,decay=0.99999,20023,0.778,216.02407833897536
1000,1000,False,decay=0.99999,20024,0.898,102.3893228165567
1000,1000,False,decay=0.99999,20025,0.87,147.8339325278314
1000,1000,False,decay=0.99999,20026,0.878,137.47055245080935
1000,1000,False,decay=0.99999,20027,0.859,140.36007832798344
1000,1000,False,decay=0.99999,20028,0.859,136.5936884064442
1000,1000,False,decay=0.99999,20029,0.862,137.4644068071148
1000,10000,True,constant,20000,0.854,1401.1075237612326
1000,10000,True,constant,20001,0.8521,1456.7917846561525
1000,10000,True,constant,20002,0.8534,1431.1893708953432
1000,10000,True,constant,20003,0.8578,1393.5441950888614
1000,10000,True,constant,20004,0.8556,1423.7729796446558
1000,10000,True,constant,20005,0.8565,1401.5135296483988
1000,10000,True,constant,20006,0.857,1440.1860279206637
1000,10000,True,constant,20007,0.8557,1396.9930227659022
1000,10000,True,constant,20008,0.8515,1482.9519244538305
1000,10000,True,constant,20009,0.853,1435.0089304035055
1000,10000,True,constant,20010,0.8566,1435.8219419344252
1000,10000,True,constant,20011,0.8578,1428.2768609864618
1000,10000,True,constant,20012,0.8564,1412.7858631877577
1000,10000,True,constant,20013,0.8558,1465.426472572992
1000,10000,True,constant,20014,0.8552,1401.3084253547638
1000,10000,True,constant,20015,0.8516,1429.1570199855291
1000,10000,True,constant,20016,0.8553,1439.6763786959268
1000,10000,True,constant,20017,0.8561,1452.2459216474422
1000,10000,True,constant,20018,0.8559,1465.3029629064017
1000,10000,True,constant,20019,0.8568,1422.4699118954663
1000,10000,True,constant,20020,0.8541,1428.7836151258102
1000,10000,True,constant,20021,0.8538,1452.2024057810825
1000,10000,True,constant,20022,0.8588,1404.6636755328193
1000,10000,True,constant,20023,0.8533,1460.5229500075955
1000,10000,True,constant,20024,0.8543,1430.5939130298623
1000,10000,True,constant,20025,0.8531,1464.4038883356836
1000,10000,True,constant,20026,0.8547,1489.9165967710442
1000,10000,True,constant,20027,0.8559,1426.401876741954
1000,10000,True,constant,20028,0.8508,1476.3766814781538
1000,10000,True,constant,20029,0.8524,1472.4204110805094
1000,10000,True,decay=0.9,20000,0.8989,965.4276664015341
1000,10000,True,decay=0.9,20001,0.8996,994.5378992657191
1000,10000,True,decay=0.9,20002,0.9001,976.1075451881713
1000,10000,True,decay=0.9,20003,0.9,971.1706852030925
1000,10000,True,decay=0.9,20004,0.8998,975.7738353869704
1000,10000,True,decay=0.9,20005,0.8989,990.5032802166775
1000,10000,True,decay=0.9,20006,0.9001,1014.4639997850771
1000,10000,True,decay=0.9,20007,0.8979,997.6263962677826
1000,10000,True,decay=0.9,20008,0.8996,994.9215031417814
1000,10000,True,decay=0.9,20009,0.8998,939.683462302513
1000,10000,True,decay=0.9,20010,0.8999,1008.9619194966772
1000,10000,True,decay=0.9,20011,0.9002,983.1870007625688
1000,10000,True,decay=0.9,20012,0.8995,995.5726591599139
1000,10000,True,decay=0.9,20013,0.9001,983.2697024712104
1000,10000,True,decay=0.9,20014,0.8985,994.7221101120541
1000,10000,True,decay=0.9,20015,0.8984,987.0443167565928
1000,10000,True,decay=0.9,20016,0.9,999.1808318979062
1000,10000,True,decay=0.9,20017,0.899,1032.0541226291089
1000,10000,True,decay=0.9,20018,0.8998,988.500276548421
1000,10000,True,decay=0.9,20019,0.9005,939.1402658900375
1000,10000,True,decay=0.9,20020,0.8997,984.4754784512578
1000,10000,True,decay=0.9,20021,0.9001,985.2342460226715
1000,10000,True,decay=0.9,20022,0.8998,1013.3627510356165
1000,10000,True,decay=0.9,20023,0.8989,995.966078363396
1000,10000,True,decay=0.9,20024,0.9001,959.8855743289282
1000,10000,True,decay=0.9,20025,0.9002,990.2289267230157
1000,10000,True,decay=0.9,20026,0.9,1054.6808591272593
1000,10000,True,decay=0.9,20027,0.8985,1010.6364920199895
1000,10000,True,decay=0.9,20028,0.8998,1003.680614499502
1000,10000,True,decay=0.9,20029,0.8987,1004.7018594977502
1000,10000,True,decay=0.95,20000,0.8989,972.3242154634
1000,10000,True,decay=0.95,20001,0.8996,994.5378992657191
1000,10000,True,decay=0.95,20002,0.9001,976.1075451881713
1000,10000,True,decay=0.95,20003,0.9,971.1706852030925
1000,10000,True,decay=0.95,20004,0.9001,984.9082370794002
1000,10000,True,decay=0.95,20005,0.8989,990.5032802166775
1000,10000,True,decay=0.95,20006,0.9001,1014.4462260540093
1000,10000,True,decay=0.95,20007,0.8979,997.6817374906623
1000,10000,True,decay=0.95,20008,0.8996,994.9215031417814
1000,10000,True,decay=0.95,20009,0.8998,939.683462302513
1000,10000,True,decay=0.95,20010,0.8999,1008.9619194966772
1000,10000,True,decay=0.95,20011,0.9002,983.1870007625688
1000,10000,True,decay=0.95,20012,0.8995,995.5726591599139
1000,10000,True,decay=0.95,20013,0.9003,999.1868853267515
1000,10000,True,decay=0.95,20014,0.8985,994.1119221029222
1000,10000,True,decay=0.95,20015,0.8979,956.0139866747379
1000,10000,True,decay=0.95,20016,0.9,999.1808318979062
1000,10000,True,decay=0.95,20017,0.899,1032.0667933921914
1000,10000,True,decay=0.95,20018,0.8998,988.500276548421
1000,10000,True,decay=0.95,20019,0.9003,978.7818525742455
1000,10000,True,decay=0.95,20020,0.8997,984.4754784512578
1000,10000,True,decay=0.95,20021,0.9001,990.8507051937148
1000,10000,True,decay=0.95,20022,0.8998,1013.3627510356165
1000,10000,True,decay=0.95,20023,0.8987,1007.5670066855936
1000,10000,True,decay=0.95,20024,0.9001,959.7841050565451
1000,10000,True,decay=0.95,20025,0.9002,1004.7457279146548
1000,10000,True,decay=0.95,20026,0.8999,1059.0708548714256
1000,10000,True,decay=0.95,20027,0.8985,1010.6364920199894
1000,10000,True,decay=0.95,20028,0.8998,1003.680614499502
1000,10000,True,decay=0.95,20029,0.8987,1004.862376445796
1000,10000,True,decay=0.99,20000,0.8992,955.0213493873814
1000,10000,True,decay=0.99,20001,0.8996,981.4274042565858
1000,10000,True,decay=0.99,20002,0.9001,993.693599779635
1000,10000,True,decay=0.99,20003,0.8999,957.6891462802175
1000,10000,True,decay=0.99,20004,0.9001,984.40173625806
1000,10000,True,decay=0.99,20005,0.8989,995.4332584348831
1000,10000,True,decay=0.99,20006,0.8987,1020.5214744273451
1000,10000,True,decay=0.99,20007,0.8979,1004.6446310015043
1000,10000,True,decay=0.99,20008,0.8994,1007.7107308200464
1000,10000,True,decay=0.99,20009,0.8995,957.5974291592556
1000,10000,True,decay=0.99,20010,0.8996,976.5751870785404
1000,10000,True,decay=0.99,20011,0.9,1024.8279335832635
1000,10000,True,decay=0.99,20012,0.8998,981.2775027486672
1000,10000,True,decay=0.99,20013,0.9002,974.0235020746137
1000,10000,True,decay=0.99,20014,0.8996,985.4932189306088
1000,10000,True,decay=0.99,20015,0.8981,965.6976987253039
1000,10000,True,decay=0.99,20016,0.9,972.5283811451709
1000,10000,True,decay=0.99,20017,0.8991,1020.9111739477067
1000,10000,True,decay=0.99,20018,0.9001,984.7654463858578
1000,10000,True,decay=0.99,20019,0.9002,984.1416942161087
1000,10000,True,decay=0.99,20020,0.8997,996.9743776841485
1000,10000,True,decay=0.99,20021,0.9,957.0728091294461
1000,10000,True,decay=0.99,20022,0.8997,1005.4849637385161
1000,10000,True,decay=0.99,20023,0.8989,994.1700361109653
1000,10000,True,decay=0.99,20024,0.9002,963.0305697102932
1000,10000,True,decay=0.99,20025,0.9002,1016.6988588338484
1000,10000,True,decay=0.99,20026,0.8999,1068.2362751397072
1000,10000,True,decay=0.99,20027,0.8988,1024.4394987603414
1000,10000,True,decay=0.99,20028,0.8995,1008.5947176066371
1000,10000,True,decay=0.99,20029,0.8986,1025.465327337985
1000,10000,True,decay=0.999,20000,0.8967,966.5234691633588
1000,10000,True,decay=0.999,20001,0.898,997.4117229452874
1000,10000,True,decay=0.999,20002,0.8982,1010.2656801066481
1000,10000,True,decay=0.999,20003,0.8981,1003.013058197336
1000,10000,True,decay=0.999,20004,0.8972,997.9167215882671
1000,10000,True,decay=0.999,20005,0.8974,976.1148276782061
1000,10000,True,decay=0.999,20006,0.8986,1050.2122604236445
1000,10000,True,decay=0.999,20007,0.8961,1025.7258799195436
1000,10000,True,decay=0.999,20008,0.8978,1003.1154634600899
1000,10000,True,decay=0.999,20009,0.8965,1008.7607698844191
1000,10000,True,decay=0.999,20010,0.8979,1011.2529713722973
1000,10000,True,decay=0.999,20011,0.8978,1030.4298361150807
1000,10000,True,decay=0.999,20012,0.8982,992.5166605750992
1000,10000,True,decay=0.999,20013,0.898,1035.3387354398274
1000,10000,True,decay=0.999,20014,0.8952,989.3664260353884
1000,10000,True,decay=0.999,20015,0.8942,1000.1717755279208
1000,10000,True,decay=0.999,20016,0.8973,1014.1597939157514
1000,10000,True,decay=0.999,20017,0.897,1007.1315324934902
1000,10000,True,decay=0.999,20018,0.898,1026.061319898399
1000,10000,True,decay=0.999,20019,0.8985,1000.9084820732785
1000,10000,True,decay=0.999,20020,0.8978,1001.5866140972784
1000,10000,True,decay=0.999,20021,0.8974,1030.9249536096786
1000,10000,True,decay=0.999,20022,0.8979,1025.074850664287
1000,10000,True,decay=0.999,20023,0.8973,1001.670712222309
1000,10000,True,decay=0.999,20024,0.8979,995.7799094184468
1000,10000,True,decay=0.999,20025,0.8983,1023.5237567220344
1000,10000,True,decay=0.999,20026,0.8979,1107.7758154831904
1000,10000,True,decay=0.999,20027,0.8967,1053.9929054557883
1000,10000,True,decay=0.999,20028,0.8974,1015.1278390476477
1000,10000,True,decay=0.999,20029,0.8968,1052.5334324696203
1000,10000,True,decay=0.9999,20000,0.8705,1234.2744485501278
1000,10000,True,decay=0.9999,20001,0.8728,1248.017873170692
1000,10000,True,decay=0.9999,20002,0.8716,1242.6775185071183
1000,10000,True,decay=0.9999,20003,0.874,1238.3177918940014
1000,10000,True,decay=0.9999,20004,0.8723,1265.0552072852386
1000,10000,True,decay=0.9999,20005,0.8733,1247.1698817667334
1000,10000,True,decay=0.9999,20006,0.8764,1274.336731261412
1000,10000,True,decay=0.9999,20007,0.8739,1248.1376616993325
1000,10000,True,decay=0.9999,20008,0.8708,1313.3801318691021
1000,10000,True,decay=0.9999,20009,0.8734,1268.3132067752126
1000,10000,True,decay=0.9999,20010,0.8719,1266.7760819767902
1000,10000,True,decay=0.9999,20011,0.8756,1267.3924841214912
1000,10000,True,decay=0.9999,20012,0.8733,1245.4763335360437
1000,10000,True,decay=0.9999,20013,0.8734,1286.4988274403993
1000,10000,True,decay=0.9999,20014,0.8743,1201.015140345895
1000,10000,True,decay=0.9999,20015,0.8699,1255.6267623397423
1000,10000,True,decay=0.9999,20016,0.8728,1253.232467442706
1000,10000,True,decay=0.9999,20017,0.8718,1264.4867379224258
1000,10000,True,decay=0.9999,20018,0.8728,1250.3478284432244
1000,10000,True,decay=0.9999,20019,0.8749,1235.9794840574814
1000,10000,True,decay=0.9999,20020,0.8728,1268.3617838505143
1000,10000,True,decay=0.9999,20021,0.8718,1306.3216034713232
1000,10000,True,decay=0.9999,20022,0.8758,1232.5396888153898
1000,10000,True,decay=0.9999,20023,0.8718,1260.5152886488897
1000,10000,True,decay=0.9999,20024,0.8735,1270.3682869105141
1000,10000,True,decay=0.9999,20025,0.8728,1287.9497182557946
1000,10000,True,decay=0.9999,20026,0.8736,1322.5374543613095
1000,10000,True,decay=0.9999,20027,0.8753,1272.3493486209577
1000,10000,True,decay=0.9999,20028,0.8714,1318.4259086036814
1000,10000,True,decay=0.9999,20029,0.8704,1282.1872843005483
1000,10000,True,decay=0.99999,20000,0.8548,1384.189038547158
1000,10000,True,decay=0.99999,20001,0.8558,1418.5835575252845
1000,10000,True,decay=0.99999,20002,0.857,1395.1302579716667
1000,10000,True,decay=0.99999,20003,0.8595,1382.7644800899127
1000,10000,True,decay=0.99999,20004,0.8582,1409.1565888367863
1000,10000,True,decay=0.99999,20005,0.8597,1372.4411813075199
1000,10000,True,decay=0.99999,20006,0.8591,1415.3618557383154
1000,10000,True,decay=0.99999,20007,0.8579,1387.4595898390005
1000,10000,True,decay=0.99999,20008,0.8534,1471.1612325525812
1000,10000,True,decay=0.99999,20009,0.8564,1393.9439401009845
1000,10000,True,decay=0.99999,20010,0.8573,1411.75923007725
1000,10000,True,decay=0.99999,20011,0.8594,1409.899382914281
1000,10000,True,decay=0.99999,20012,0.8604,1393.9953832358997
1000,10000,True,decay=0.99999,20013,0.8577,1435.0470276836015
1000,10000,True,decay=0.99999,20014,0.8584,1349.8204619152837
1000,10000,True,decay=0.99999,20015,0.8526,1417.928818658945
1000,10000,True,decay=0.99999,20016,0.8567,1439.7028867166919
1000,10000,True,decay=0.99999,20017,0.8562,1436.6000635938178
1000,10000,True,decay=0.99999,20018,0.858,1402.0404387038661
1000,10000,True,decay=0.99999,20019,0.8594,1384.6830080426978
1000,10000,True,decay=0.99999,20020,0.8576,1397.3993621614632
1000,10000,True,decay=0.99999,20021,0.8571,1411.9015606849712
1000,10000,True,decay=0.99999,20022,0.8615,1374.1733157072235
1000,10000,True,decay=0.99999,20023,0.8571,1422.8766182004974
1000,10000,True,decay=0.99999,20024,0.857,1406.0662797479015
1000,10000,True,decay=0.99999,20025,0.8552,1459.2715359096235
1000,10000,True,decay=0.99999,20026,0.8567,1452.1403982714364
1000,10000,True,decay=0.99999,20027,0.8591,1421.2744335345726
1000,10000,True,decay=0.99999,20028,0.8555,1439.9510518522957
1000,10000,True,decay=0.99999,20029,0.8537,1453.9346822470886
1000,10000,False,constant,20000,0.9107,831.6498584485805
1000,10000,False,constant,20001,0.9142,850.8675391016129
1000,10000,False,constant,20002,0.9101,898.2222856526114
1000,10000,False,constant,20003,0.9146,870.4095400059124
1000,10000,False,constant,20004,0.9154,815.3613068802752
1000,10000,False,constant,20005,0.9194,767.188639873234
1000,10000,False,constant,20006,0.9101,900.5794878541915
1000,10000,False,constant,20007,0.911,894.8105524080316
1000,10000,False,constant,20008,0.9148,823.9073567768804
1000,10000,False,constant,20009,0.9132,870.1084277180004
1000,10000,False,constant,20010,0.919,825.6524336201463
1000,10000,False,constant,20011,0.9211,803.0522595889234
1000,10000,False,constant,20012,0.9125,873.8713324078818
1000,10000,False,constant,20013,0.9144,860.9560079433097
1000,10000,False,constant,20014,0.9133,859.3154932404829
1000,10000,False,constant,20015,0.9117,852.7730530912839
1000,10000,False,constant,20016,0.9076,901.5164500233392
1000,10000,False,constant,20017,0.9072,930.1243290006767
1000,10000,False,constant,20018,0.9109,903.8221259383611
1000,10000,False,constant,20019,0.9182,809.6417225929367
1000,10000,False,constant,20020,0.9118,889.1327834747508
1000,10000,False,constant,20021,0.9128,869.5016860496426
1000,10000,False,constant,20022,0.9192,825.3910524253674
1000,10000,False,constant,20023,0.9023,944.1927565967814
1000,10000,False,constant,20024,0.9158,835.8813440000782
1000,10000,False,constant,20025,0.9104,891.1642355686593
1000,10000,False,constant,20026,0.9135,931.7066319796652
1000,10000,False,constant,20027,0.9133,880.3302540939914
1000,10000,False,constant,20028,0.9109,896.231354596512
1000,10000,False,constant,20029,0.905,920.7659678143441
1000,10000,False,decay=0.9,20000,0.3984,5926.838814918943
1000,10000,False,decay=0.9,20001,0.8713,1204.2461523575996
1000,10000,False,decay=0.9,20002,0.5447,4522.096670237535
1000,10000,False,decay=0.9,20003,0.61,3906.7289866092897
1000,10000,False,decay=0.9,20004,0.7233,2748.44665446965
1000,10000,False,decay=0.9,20005,0.731,2596.2541881153393
1000,10000,False,decay=0.9,20006,0.6756,3251.917351349242
1000,10000,False,decay=0.9,20007,0.1376,8632.419004466185
1000,10000,False,decay=0.9,20008,0.7241,2777.3185938722618
1000,10000,False,decay=0.9,20009,0.781,2144.9622628128286
1000,10000,False,decay=0.9,20010,0.9001,1009.4880867535875
1000,10000,False,decay=0.9,20011,0.6648,3375.8112903147403
1000,10000,False,decay=0.9,20012,0.5212,4834.041949070343
1000,10000,False,decay=0.9,20013,0.9388,615.4206986297015
1000,10000,False,decay=0.9,20014,0.9478,508.544230744573
1000,10000,False,decay=0.9,20015,0.8153,1826.526377003334
1000,10000,False,decay=0.9,20016,0.5181,4835.087605685271
1000,10000,False,decay=0.9,20017,0.6068,3915.9395662014863
1000,10000,False,decay=0.9,20018,0.7669,2272.3291567431475
1000,10000,False,decay=0.9,20019,0.9971,25.846973411874917
1000,10000,False,decay=0.9,20020,0.8865,1051.9985209505535
1000,10000,False,decay=0.9,20021,0.9773,228.2665063346843
1000,10000,False,decay=0.9,20022,0.7714,2252.1010989965043
1000,10000,False,decay=0.9,20023,0.2783,7137.219653666835
1000,10000,False,decay=0.9,20024,0.9093,848.2674295702752
1000,10000,False,decay=0.9,20025,0.8123,1893.6768098269047
1000,10000,False,decay=0.9,20026,0.2788,7205.071074728773
1000,10000,False,decay=0.9,20027,0.5755,4220.915175033396
1000,10000,False,decay=0.9,20028,0.3275,6735.057520729635
1000,10000,False,decay=0.9,20029,0.8161,1817.8004940323838
1000,10000,False,decay=0.95,20000,0.3984,5926.838814918943
1000,10000,False,decay=0.95,20001,0.8712,1204.9673264032729
1000,10000,False,decay=0.95,20002,0.5447,4522.096670237535
1000,10000,False,decay=0.95,20003,0.7648,2350.077543845245
1000,10000,False,decay=0.95,20004,0.7231,2749.2156264086816
1000,10000,False,decay=0.95,20005,0.731,2596.2541881153393
1000,10000,False,decay=0.95,20006,0.6755,3252.454398603926
1000,10000,False,decay=0.95,20007,0.7713,2265.2186730399294
1000,10000,False,decay=0.95,20008,0.7241,2777.3185938722618
1000,10000,False,decay=0.95,20009,0.781,2144.9622628128286
1000,10000,False,decay=0.95,20010,0.9001,1009.4880867535875
1000,10000,False,decay=0.95,20011,0.6648,3375.8112903147403
1000,10000,False,decay=0.95,20012,0.5213,4831.9937493523
1000,10000,False,decay=0.95,20013,0.9385,617.3877252925873
1000,10000,False,decay=0.95,20014,0.9479,507.5447793262279
1000,10000,False,decay=0.95,20015,0.8151,1827.3416215276352
1000,10000,False,decay=0.95,20016,0.5181,4835.087605685271
1000,10000,False,decay=0.95,20017,0.6068,3915.8215914317807
1000,10000,False,decay=0.95,20018,0.7669,2272.3291567431475
1000,10000,False,decay=0.95,20019,0.9971,25.846973411874917
1000,10000,False,decay=0.95,20020,0.9932,51.77466293816952
1000,10000,False,decay=0.95,20021,0.9771,230.47271234264673
1000,10000,False,decay=0.95,20022,0.7714,2252.1010989965043
1000,10000,False,decay=0.95,20023,0.6727,3246.5592685564875
1000,10000,False,decay=0.95,20024,0.9093,848.2674295702752
1000,10000,False,decay=0.95,20025,0.812,1896.2722888184257
1000,10000,False,decay=0.95,20026,0.7006,3101.81451861022
1000,10000,False,decay=0.95,20027,0.8028,1975.030176240917
1000,10000,False,decay=0.95,20028,0.3275,6735.057520729635
1000,10000,False,decay=0.95,20029,0.816,1818.167894120252
1000,10000,False,decay=0.99,20000,0.7781,2207.3719908998655
1000,10000,False,decay=0.99,20001,0.8705,1213.3587618691342
1000,10000,False,decay=0.99,20002,0.8487,1478.480956467218
1000,10000,False,decay=0.99,20003,0.9162,854.9595517573814
1000,10000,False,decay=0.99,20004,0.9836,166.5347187448076
1000,10000,False,decay=0.99,20005,0.8573,1332.4936194537788
1000,10000,False,decay=0.99,20006,0.6744,3258.0308995537252
1000,10000,False,decay=0.99,20007,0.978,199.52524542495544
1000,10000,False,decay=0.99,20008,0.9508,474.32480625269494
1000,10000,False,decay=0.99,20009,0.8751,1253.7598928113302
1000,10000,False,decay=0.99,20010,0.9544,458.32399704445317
1000,10000,False,decay=0.99,20011,0.9088,971.5700380596966
1000,10000,False,decay=0.99,20012,0.5212,4833.919167839056
1000,10000,False,decay=0.99,20013,0.938,622.6995355537808
1000,10000,False,decay=0.99,20014,0.9474,514.7453874853678
1000,10000,False,decay=0.99,20015,0.9802,149.442944073338
1000,10000,False,decay=0.99,20016,0.9972,23.08509787639171
1000,10000,False,decay=0.99,20017,0.9643,359.17181296317756
1000,10000,False,decay=0.99,20018,0.7669,2272.9777175854592
1000,10000,False,decay=0.99,20019,0.9959,35.80783389923319
1000,10000,False,decay=0.99,20020,0.9925,59.36173010193921
1000,10000,False,decay=0.99,20021,0.9764,233.97153797953933
1000,10000,False,decay=0.99,20022,0.9707,270.1826999835212
1000,10000,False,decay=0.99,20023,0.9514,478.9132324175585
1000,10000,False,decay=0.99,20024,0.9978,22.99929554612697
1000,10000,False,decay=0.99,20025,0.8107,1909.961038424895
1000,10000,False,decay=0.99,20026,0.702,3085.474413857297
1000,10000,False,decay=0.99,20027,0.9765,228.1865237329602
1000,10000,False,decay=0.99,20028,0.9732,251.54628812750812
1000,10000,False,decay=0.99,20029,0.9073,898.0910566743512
1000,10000,False,decay=0.999,20000,0.9794,177.49712293769122
1000,10000,False,decay=0.999,20001,0.9817,179.26204469481007
1000,10000,False,decay=0.999,20002,0.9659,319.8419203076349
1000,10000,False,decay=0.999,20003,0.9646,325.9459380204989
1000,10000,False,decay=0.999,20004,0.9827,157.47436357424536
1000,10000,False,decay=0.999,20005,0.9679,285.6941188961768
1000,10000,False,decay=0.999,20006,0.9665,358.5903102611943
1000,10000,False,decay=0.999,20007,0.971,267.93539778860287
1000,10000,False,decay=0.999,20008,0.9757,226.1310510554855
1000,10000,False,decay=0.999,20009,0.962,378.761426068937
1000,10000,False,decay=0.999,20010,0.9835,163.5709441068212
1000,10000,False,decay=0.999,20011,0.9862,134.08188656558647
1000,10000,False,decay=0.999,20012,0.9777,207.8422632543567
1000,10000,False,decay=0.999,20013,0.9755,240.7855556097968
1000,10000,False,decay=0.999,20014,0.9803,172.96679511614784
1000,10000,False,decay=0.999,20015,0.9716,226.86296555484324
1000,10000,False,decay=0.999,20016,0.9887,103.57390250641723
1000,10000,False,decay=0.999,20017,0.9831,166.99908650772878
1000,10000,False,decay=0.999,20018,0.9729,279.67272962948283
1000,10000,False,decay=0.999,20019,0.9868,128.31578543621217
1000,10000,False,decay=0.999,20020,0.9836,141.90851041490163
1000,10000,False,decay=0.999,20021,0.9694,307.29037394520185
1000,10000,False,decay=0.999,20022,0.9731,248.50412619443185
1000,10000,False,decay=0.999,20023,0.97,286.1045470116088
1000,10000,False,decay=0.999,20024,0.9889,121.27415311342489
1000,10000,False,decay=0.999,20025,0.9826,175.36393462225422
1000,10000,False,decay=0.999,20026,0.9848,180.30396179793254
1000,10000,False,decay=0.999,20027,0.97,288.4254946220367
1000,10000,False,decay=0.999,20028,0.972,246.56201291981262
1000,10000,False,decay=0.999,20029,0.9473,534.7703138223391
1000,10000,False,decay=0.9999,20000,0.9304,632.1578211436145
1000,10000,False,decay=0.9999,20001,0.9433,562.4103398601555
1000,10000,False,decay=0.9999,20002,0.9223,753.3153779155256
1000,10000,False,decay=0.9999,20003,0.9343,646.0875853977765
1000,10000,False,decay=0.9999,20004,0.9393,563.2624544818323
1000,10000,False,decay=0.9999,20005,0.9425,566.6879386796383
1000,10000,False,decay=0.9999,20006,0.9349,668.4475206565077
1000,10000,False,decay=0.9999,20007,0.9336,652.5885701797339
1000,10000,False,decay=0.9999,20008,0.9408,569.9051072986986
1000,10000,False,decay=0.9999,20009,0.9413,585.595932155151
1000,10000,False,decay=0.9999,20010,0.9428,556.140912210035
1000,10000,False,decay=0.9999,20011,0.9434,580.0017573763834
1000,10000,False,decay=0.9999,20012,0.9408,570.9262622037575
1000,10000,False,decay=0.9999,20013,0.9387,651.6916356655473
1000,10000,False,decay=0.9999,20014,0.9435,551.9128425484437
1000,10000,False,decay=0.9999,20015,0.9368,569.0214497606476
1000,10000,False,decay=0.9999,20016,0.9377,622.5290877792519
1000,10000,False,decay=0.9999,20017,0.9307,697.869812152291
1000,10000,False,decay=0.9999,20018,0.9431,587.5471527725637
1000,10000,False,decay=0.9999,20019,0.9432,581.4080700563985
1000,10000,False,decay=0.9999,20020,0.9445,535.8773404818111
1000,10000,False,decay=0.9999,20021,0.941,561.830442173079
1000,10000,False,decay=0.9999,20022,0.945,565.6103540352418
1000,10000,False,decay=0.9999,20023,0.9348,625.5550814074734
1000,10000,False,decay=0.9999,20024,0.9434,560.1669062335591
1000,10000,False,decay=0.9999,20025,0.9384,630.2436490140706
1000,10000,False,decay=0.9999,20026,0.9407,622.8795241516077
1000,10000,False,decay=0.9999,20027,0.9328,674.3549895440217
1000,10000,False,decay=0.9999,20028,0.939,609.8281265586439
1000,10000,False,decay=0.9999,20029,0.9291,711.5579427352221
1000,10000,False,decay=0.99999,20000,0.9105,848.6784821757282
1000,10000,False,decay=0.99999,20001,0.9142,840.7859000242242
1000,10000,False,decay=0.99999,20002,0.9103,887.3859655993996
1000,10000,False,decay=0.99999,20003,0.9185,823.8479354636728
1000,10000,False,decay=0.99999,20004,0.9175,790.3433082315853
1000,10000,False,decay=0.99999,20005,0.9253,748.6415926666701
1000,10000,False,decay=0.99999,20006,0.9152,827.3912193076624
1000,10000,False,decay=0.99999,20007,0.9141,857.0791946306804
1000,10000,False,decay=0.99999,20008,0.9145,811.0644653953592
1000,10000,False,decay=0.99999,20009,0.9126,869.8793273623356
1000,10000,False,decay=0.99999,20010,0.9201,794.6678578133678
1000,10000,False,decay=0.99999,20011,0.9261,793.9638535758532
1000,10000,False,decay=0.99999,20012,0.9165,812.4998652665594
1000,10000,False,decay=0.99999,20013,0.9175,849.3647811136941
1000,10000,False,decay=0.99999,20014,0.9184,783.4886131429078
1000,10000,False,decay=0.99999,20015,0.9145,813.5083237961455
1000,10000,False,decay=0.99999,20016,0.9155,844.7625156762759
1000,10000,False,decay=0.99999,20017,0.911,867.2364791049418
1000,10000,False,decay=0.99999,20018,0.9187,803.8478964731064
1000,10000,False,decay=0.99999,20019,0.9204,797.1142116614562
1000,10000,False,decay=0.99999,20020,0.9184,802.6184607027888
1000,10000,False,decay=0.99999,20021,0.92,816.9127204616207
1000,10000,False,decay=0.99999,20022,0.9232,758.0337216829006
1000,10000,False,decay=0.99999,20023,0.9018,955.8761798851259
1000,10000,False,decay=0.99999,20024,0.9189,834.8402944246398
1000,10000,False,decay=0.99999,20025,0.9173,839.7907848211712
1000,10000,False,decay=0.99999,20026,0.9165,871.0388422436878
1000,10000,False,decay=0.99999,20027,0.9174,857.8653208271895
1000,10000,False,decay=0.99999,20028,0.916,826.3562171317602
1000,10000,False,decay=0.99999,20029,0.9121,869.1304593083281
